"Dec_time","Dec_ZT_time","Condition","mean","SEM"
0,960,"1 Female",0.075,0.075
1,961,"1 Female",0.175,0.106743762202907
2,962,"1 Female",0.075,0.0553253778649314
3,963,"1 Female",0.125,0.0890656628993031
4,964,"1 Female",0.075,0.0553253778649314
5,965,"1 Female",0.075,0.0553253778649314
6,966,"1 Female",0.075,0.0553253778649314
7,967,"1 Female",0.15,0.104697366067817
8,968,"1 Female",0.025,0.025
9,969,"1 Female",0.15,0.126845353047495
10,970,"1 Female",0.1,0.0784464540552736
11,971,"1 Female",0.05,0.05
12,972,"1 Female",0.05,0.05
13,973,"1 Female",0,0
14,974,"1 Female",0.125,0.0890656628993031
15,975,"1 Female",0.025,0.025
16,976,"1 Female",0.025,0.025
17,977,"1 Female",0,0
18,978,"1 Female",0.175,0.123451952659262
19,979,"1 Female",0.05,0.05
20,980,"1 Female",0.15,0.15
21,981,"1 Female",0,0
22,982,"1 Female",0,0
23,983,"1 Female",0.05,0.05
24,984,"1 Female",0.175,0.175
25,985,"1 Female",0.1,0.0697982440452113
26,986,"1 Female",0.1,0.0697982440452113
27,987,"1 Female",0.05,0.0348991220226056
28,988,"1 Female",0.025,0.025
29,989,"1 Female",0.025,0.025
30,990,"1 Female",0.075,0.075
31,991,"1 Female",0.075,0.075
32,992,"1 Female",0.025,0.025
33,993,"1 Female",0.05,0.05
34,994,"1 Female",0.05,0.05
35,995,"1 Female",0.05,0.05
36,996,"1 Female",0,0
37,997,"1 Female",0.025,0.025
38,998,"1 Female",0.025,0.025
39,999,"1 Female",0,0
40,1000,"1 Female",0.025,0.025
41,1001,"1 Female",0.05,0.05
42,1002,"1 Female",0,0
43,1003,"1 Female",0,0
44,1004,"1 Female",0,0
45,1005,"1 Female",0,0
46,1006,"1 Female",0,0
47,1007,"1 Female",0,0
48,1008,"1 Female",0,0
49,1009,"1 Female",0.025,0.025
50,1010,"1 Female",0,0
51,1011,"1 Female",0,0
52,1012,"1 Female",0,0
53,1013,"1 Female",0,0
54,1014,"1 Female",0,0
55,1015,"1 Female",0,0
56,1016,"1 Female",0,0
57,1017,"1 Female",0,0
58,1018,"1 Female",0,0
59,1019,"1 Female",0,0
60,1020,"1 Female",0,0
61,1021,"1 Female",0,0
62,1022,"1 Female",0.075,0.075
63,1023,"1 Female",0.025,0.025
64,1024,"1 Female",0.125,0.125
65,1025,"1 Female",0.125,0.125
66,1026,"1 Female",0.075,0.0553253778649314
67,1027,"1 Female",0.25,0.18861845900368
68,1028,"1 Female",0.2,0.176140969185596
69,1029,"1 Female",0.075,0.075
70,1030,"1 Female",0.05,0.05
71,1031,"1 Female",0.05,0.05
72,1032,"1 Female",0.175,0.106743762202907
73,1033,"1 Female",0.075,0.0553253778649314
74,1034,"1 Female",0.1,0.0784464540552736
75,1035,"1 Female",0.025,0.025
76,1036,"1 Female",0.2,0.134926380686388
77,1037,"1 Female",0.1,0.0784464540552736
78,1038,"1 Female",0.025,0.025
79,1039,"1 Female",0.025,0.025
80,1040,"1 Female",0.075,0.075
81,1041,"1 Female",0.05,0.0348991220226056
82,1042,"1 Female",0.075,0.075
83,1043,"1 Female",0.025,0.025
84,1044,"1 Female",0.05,0.05
85,1045,"1 Female",0,0
86,1046,"1 Female",0,0
87,1047,"1 Female",0.025,0.025
88,1048,"1 Female",0.075,0.0553253778649314
89,1049,"1 Female",0.175,0.175
90,1050,"1 Female",0.05,0.05
91,1051,"1 Female",0.05,0.05
92,1052,"1 Female",0,0
93,1053,"1 Female",0.05,0.05
94,1054,"1 Female",0.1,0.0784464540552736
95,1055,"1 Female",0.05,0.05
96,1056,"1 Female",0,0
97,1057,"1 Female",0,0
98,1058,"1 Female",0,0
99,1059,"1 Female",0,0
100,1060,"1 Female",0,0
101,1061,"1 Female",0,0
102,1062,"1 Female",0.025,0.025
103,1063,"1 Female",0,0
104,1064,"1 Female",0,0
105,1065,"1 Female",0.05,0.05
106,1066,"1 Female",0.025,0.025
107,1067,"1 Female",0.05,0.05
108,1068,"1 Female",0.025,0.025
109,1069,"1 Female",0.05,0.05
110,1070,"1 Female",0,0
111,1071,"1 Female",0.075,0.075
112,1072,"1 Female",0.025,0.025
113,1073,"1 Female",0,0
114,1074,"1 Female",0.075,0.0553253778649314
115,1075,"1 Female",0.1,0.1
116,1076,"1 Female",0,0
117,1077,"1 Female",0.05,0.05
118,1078,"1 Female",0.025,0.025
119,1079,"1 Female",0.075,0.075
120,1080,"1 Female",0.025,0.025
121,1081,"1 Female",0.05,0.05
122,1082,"1 Female",0,0
123,1083,"1 Female",0.05,0.05
124,1084,"1 Female",0.05,0.05
125,1085,"1 Female",0,0
126,1086,"1 Female",0.025,0.025
127,1087,"1 Female",0.05,0.05
128,1088,"1 Female",0.025,0.025
129,1089,"1 Female",0,0
130,1090,"1 Female",0.025,0.025
131,1091,"1 Female",0.1,0.0697982440452113
132,1092,"1 Female",0.1,0.1
133,1093,"1 Female",0.025,0.025
134,1094,"1 Female",0.025,0.025
135,1095,"1 Female",0.05,0.0348991220226056
136,1096,"1 Female",0.05,0.05
137,1097,"1 Female",0.025,0.025
138,1098,"1 Female",0.1,0.0784464540552736
139,1099,"1 Female",0.025,0.025
140,1100,"1 Female",0.425,0.309854184068273
141,1101,"1 Female",0.175,0.112588996137642
142,1102,"1 Female",0.125,0.102453867041683
143,1103,"1 Female",0.15,0.126845353047495
144,1104,"1 Female",0.075,0.0553253778649314
145,1105,"1 Female",0.075,0.075
146,1106,"1 Female",0.15,0.104697366067817
147,1107,"1 Female",0.075,0.075
148,1108,"1 Female",0.15,0.110650755729863
149,1109,"1 Female",0.1,0.1
150,1110,"1 Female",0.175,0.123451952659262
151,1111,"1 Female",0.05,0.05
152,1112,"1 Female",0.1,0.0784464540552736
153,1113,"1 Female",0.075,0.0553253778649314
154,1114,"1 Female",0.05,0.05
155,1115,"1 Female",0.1,0.0697982440452113
156,1116,"1 Female",0.025,0.025
157,1117,"1 Female",0.225,0.180765821026216
158,1118,"1 Female",0.05,0.05
159,1119,"1 Female",0.025,0.025
160,1120,"1 Female",0.025,0.025
161,1121,"1 Female",0,0
162,1122,"1 Female",0,0
163,1123,"1 Female",0,0
164,1124,"1 Female",0,0
165,1125,"1 Female",0,0
166,1126,"1 Female",0,0
167,1127,"1 Female",0,0
168,1128,"1 Female",0,0
169,1129,"1 Female",0,0
170,1130,"1 Female",0.025,0.025
171,1131,"1 Female",0,0
172,1132,"1 Female",0,0
173,1133,"1 Female",0,0
174,1134,"1 Female",0,0
175,1135,"1 Female",0,0
176,1136,"1 Female",0,0
177,1137,"1 Female",0,0
178,1138,"1 Female",0,0
179,1139,"1 Female",0,0
180,1140,"1 Female",0,0
181,1141,"1 Female",0,0
182,1142,"1 Female",0.025,0.025
183,1143,"1 Female",0,0
184,1144,"1 Female",0,0
185,1145,"1 Female",0,0
186,1146,"1 Female",0,0
187,1147,"1 Female",0.05,0.05
188,1148,"1 Female",0.075,0.075
189,1149,"1 Female",0,0
190,1150,"1 Female",0.025,0.025
191,1151,"1 Female",0,0
192,1152,"1 Female",0.05,0.05
193,1153,"1 Female",0.05,0.05
194,1154,"1 Female",0.025,0.025
195,1155,"1 Female",0.025,0.025
196,1156,"1 Female",0.025,0.025
197,1157,"1 Female",0.05,0.05
198,1158,"1 Female",0.075,0.075
199,1159,"1 Female",0.05,0.05
200,1160,"1 Female",0.025,0.025
201,1161,"1 Female",0.05,0.05
202,1162,"1 Female",0.025,0.025
203,1163,"1 Female",0.05,0.05
204,1164,"1 Female",0.15,0.110650755729863
205,1165,"1 Female",0.175,0.123451952659262
206,1166,"1 Female",0.15,0.110650755729863
207,1167,"1 Female",0.075,0.0553253778649314
208,1168,"1 Female",0.025,0.025
209,1169,"1 Female",0.075,0.075
210,1170,"1 Female",0.15,0.104697366067817
211,1171,"1 Female",0.075,0.0553253778649314
212,1172,"1 Female",0.225,0.180765821026216
213,1173,"1 Female",0.1,0.0697982440452113
214,1174,"1 Female",0.1,0.0784464540552736
215,1175,"1 Female",0.075,0.0553253778649314
216,1176,"1 Female",0.125,0.0890656628993031
217,1177,"1 Female",0.125,0.0890656628993031
218,1178,"1 Female",0.125,0.0890656628993031
219,1179,"1 Female",0.15,0.126845353047495
220,1180,"1 Female",0.175,0.128539627731824
221,1181,"1 Female",0.225,0.165976133594794
222,1182,"1 Female",0.075,0.0553253778649314
223,1183,"1 Female",0.425,0.352441120741811
224,1184,"1 Female",0.05,0.0348991220226056
225,1185,"1 Female",0.05,0.05
226,1186,"1 Female",0.075,0.0553253778649314
227,1187,"1 Female",0.125,0.0890656628993031
228,1188,"1 Female",0.05,0.0348991220226056
229,1189,"1 Female",0,0
230,1190,"1 Female",0.05,0.05
231,1191,"1 Female",0.025,0.025
232,1192,"1 Female",0.175,0.123451952659262
233,1193,"1 Female",0.075,0.0553253778649314
234,1194,"1 Female",0.25,0.181694305119397
235,1195,"1 Female",0.075,0.0553253778649314
236,1196,"1 Female",0.175,0.151435439404693
237,1197,"1 Female",0.15,0.104697366067817
238,1198,"1 Female",0.125,0.125
239,1199,"1 Female",0.125,0.125
240,1200,"1 Female",0.025,0.025
241,1201,"1 Female",0.025,0.025
242,1202,"1 Female",0.025,0.025
243,1203,"1 Female",0.15,0.104697366067817
244,1204,"1 Female",0.025,0.025
245,1205,"1 Female",0.325,0.227549656457324
246,1206,"1 Female",0.2,0.114354374979373
247,1207,"1 Female",0.175,0.128539627731824
248,1208,"1 Female",0.2,0.125064086135971
249,1209,"1 Female",0.15,0.104697366067817
250,1210,"1 Female",0.225,0.158063197357811
251,1211,"1 Female",0.125,0.0639260389945948
252,1212,"1 Female",0.15,0.0843527392286973
253,1213,"1 Female",0.1,0.0784464540552736
254,1214,"1 Female",0.2,0.125064086135971
255,1215,"1 Female",0.075,0.075
256,1216,"1 Female",0.2,0.114354374979373
257,1217,"1 Female",0.35,0.228006972452992
258,1218,"1 Female",0.05,0.05
259,1219,"1 Female",0.05,0.05
260,1220,"1 Female",0.1,0.0784464540552736
261,1221,"1 Female",0.05,0.0348991220226056
262,1222,"1 Female",0.125,0.125
263,1223,"1 Female",0.05,0.05
264,1224,"1 Female",0.025,0.025
265,1225,"1 Female",0.05,0.05
266,1226,"1 Female",0.075,0.075
267,1227,"1 Female",0.05,0.05
268,1228,"1 Female",0.125,0.125
269,1229,"1 Female",0.075,0.075
270,1230,"1 Female",0.275,0.229233673187595
271,1231,"1 Female",0.15,0.15
272,1232,"1 Female",0.225,0.225
273,1233,"1 Female",0,0
274,1234,"1 Female",0,0
275,1235,"1 Female",0,0
276,1236,"1 Female",0,0
277,1237,"1 Female",0,0
278,1238,"1 Female",0,0
279,1239,"1 Female",0,0
280,1240,"1 Female",0,0
281,1241,"1 Female",0,0
282,1242,"1 Female",0,0
283,1243,"1 Female",0.025,0.025
284,1244,"1 Female",0.05,0.05
285,1245,"1 Female",0.05,0.05
286,1246,"1 Female",0.025,0.025
287,1247,"1 Female",0.1,0.1
288,1248,"1 Female",0.075,0.075
289,1249,"1 Female",0.025,0.025
290,1250,"1 Female",1.075,1.075
291,1251,"1 Female",0.15,0.15
292,1252,"1 Female",0.1,0.1
293,1253,"1 Female",0.025,0.025
294,1254,"1 Female",0.05,0.05
295,1255,"1 Female",0.05,0.05
296,1256,"1 Female",0.025,0.025
297,1257,"1 Female",0.1,0.1
298,1258,"1 Female",0.05,0.05
299,1259,"1 Female",0.175,0.151435439404693
300,1260,"1 Female",0.225,0.225
301,1261,"1 Female",0.05,0.05
302,1262,"1 Female",0.15,0.15
303,1263,"1 Female",0.075,0.075
304,1264,"1 Female",0.025,0.025
305,1265,"1 Female",0.05,0.05
306,1266,"1 Female",0.05,0.05
307,1267,"1 Female",0,0
308,1268,"1 Female",0,0
309,1269,"1 Female",0.05,0.05
310,1270,"1 Female",0,0
311,1271,"1 Female",0,0
312,1272,"1 Female",0.1,0.1
313,1273,"1 Female",0.075,0.075
314,1274,"1 Female",0.075,0.075
315,1275,"1 Female",0.125,0.125
316,1276,"1 Female",0.125,0.125
317,1277,"1 Female",0.1,0.1
318,1278,"1 Female",0.15,0.15
319,1279,"1 Female",0.1,0.1
320,1280,"1 Female",0.075,0.075
321,1281,"1 Female",0.125,0.125
322,1282,"1 Female",0.05,0.05
323,1283,"1 Female",0.1,0.1
324,1284,"1 Female",0.1,0.1
325,1285,"1 Female",0.175,0.133433455997689
326,1286,"1 Female",0.075,0.075
327,1287,"1 Female",0.1,0.1
328,1288,"1 Female",0.05,0.05
329,1289,"1 Female",0.425,0.262843182261854
330,1290,"1 Female",0.15,0.0916375245051714
331,1291,"1 Female",0.325,0.183929682773413
332,1292,"1 Female",0.175,0.0868796692159732
333,1293,"1 Female",0.25,0.142099640014701
334,1294,"1 Female",0.25,0.142099640014701
335,1295,"1 Female",0.275,0.164033689472777
336,1296,"1 Female",0.2,0.114354374979373
337,1297,"1 Female",0.3,0.152752523165195
338,1298,"1 Female",0.275,0.133913002758105
339,1299,"1 Female",0.275,0.123970116332888
340,1300,"1 Female",0.2,0.102532046272473
341,1301,"1 Female",0.225,0.121357175735776
342,1302,"1 Female",0.25,0.117396981571296
343,1303,"1 Female",0.25,0.117396981571296
344,1304,"1 Female",0.175,0.0939687618580143
345,1305,"1 Female",0.2,0.125064086135971
346,1306,"1 Female",0.275,0.143167017402036
347,1307,"1 Female",0.25,0.12785207798919
348,1308,"1 Female",0.075,0.075
349,1309,"1 Female",0.175,0.0939687618580143
350,1310,"1 Female",0.125,0.073270660864972
351,1311,"1 Female",0.075,0.0553253778649314
352,1312,"1 Female",0.2,0.125064086135971
353,1313,"1 Female",0.125,0.0815514624371692
354,1314,"1 Female",0.1,0.0599144689515278
355,1315,"1 Female",0.2,0.134926380686388
356,1316,"1 Female",0.1,0.0599144689515278
357,1317,"1 Female",0.2,0.114354374979373
358,1318,"1 Female",0.175,0.123451952659262
359,1319,"1 Female",0.225,0.131497781983829
360,1320,"1 Female",0.3,0.172463299700515
361,1321,"1 Female",0.225,0.131497781983829
362,1322,"1 Female",0.275,0.171671645434399
363,1323,"1 Female",0.2,0.125064086135971
364,1324,"1 Female",0.125,0.0890656628993031
365,1325,"1 Female",0.15,0.126845353047495
366,1326,"1 Female",0.25,0.159124205639849
367,1327,"1 Female",0.125,0.0890656628993031
368,1328,"1 Female",0.225,0.158063197357811
369,1329,"1 Female",0.2,0.144115338424578
370,1330,"1 Female",0.125,0.0890656628993031
371,1331,"1 Female",0.125,0.102453867041683
372,1332,"1 Female",0.075,0.0553253778649314
373,1333,"1 Female",0.125,0.0890656628993031
374,1334,"1 Female",0.125,0.0890656628993031
375,1335,"1 Female",0.075,0.0421763696143487
376,1336,"1 Female",0.075,0.075
377,1337,"1 Female",0.15,0.15
378,1338,"1 Female",0.025,0.025
379,1339,"1 Female",0,0
380,1340,"1 Female",0.075,0.075
381,1341,"1 Female",0.075,0.075
382,1342,"1 Female",0.1,0.1
383,1343,"1 Female",0.075,0.0553253778649314
384,1344,"1 Female",0.05,0.05
385,1345,"1 Female",0.15,0.110650755729863
386,1346,"1 Female",0.075,0.075
387,1347,"1 Female",0.1,0.1
388,1348,"1 Female",0.175,0.175
389,1349,"1 Female",0.075,0.075
390,1350,"1 Female",0.05,0.05
391,1351,"1 Female",0.05,0.05
392,1352,"1 Female",0.15,0.110650755729863
393,1353,"1 Female",0.125,0.0890656628993031
394,1354,"1 Female",0.125,0.0890656628993031
395,1355,"1 Female",0.1,0.0697982440452113
396,1356,"1 Female",0.1,0.0697982440452113
397,1357,"1 Female",0.15,0.0843527392286973
398,1358,"1 Female",0.175,0.112588996137642
399,1359,"1 Female",0.15,0.0843527392286973
400,1360,"1 Female",0.1,0.0599144689515278
401,1361,"1 Female",0.15,0.0916375245051714
402,1362,"1 Female",0.075,0.075
403,1363,"1 Female",0.125,0.073270660864972
404,1364,"1 Female",0.225,0.14091050078248
405,1365,"1 Female",0.2,0.125064086135971
406,1366,"1 Female",0.175,0.112588996137642
407,1367,"1 Female",0.275,0.143167017402036
408,1368,"1 Female",0.225,0.131497781983829
409,1369,"1 Female",0.325,0.144946939893933
410,1370,"1 Female",0.2,0.0960768922830523
411,1371,"1 Female",0.175,0.106743762202907
412,1372,"1 Female",0.3,0.139596488090423
413,1373,"1 Female",0.225,0.104313998372271
414,1374,"1 Female",0.55,0.288564084336965
415,1375,"1 Female",0.175,0.100559333167934
416,1376,"1 Female",0.4,0.188788309068718
417,1377,"1 Female",0.35,0.131802104959651
418,1378,"1 Female",0.15,0.0843527392286973
419,1379,"1 Female",0.2,0.125064086135971
420,1380,"1 Female",0.225,0.110288084299536
421,1381,"1 Female",0.25,0.132771251135949
422,1382,"1 Female",0.325,0.194103791954928
423,1383,"1 Female",0.25,0.122735905765601
424,1384,"1 Female",0.25,0.132771251135949
425,1385,"1 Female",0.175,0.0939687618580143
426,1386,"1 Female",0.3,0.139596488090423
427,1387,"1 Female",0.125,0.0815514624371692
428,1388,"1 Female",0.2,0.114354374979373
429,1389,"1 Female",0.2,0.0960768922830523
430,1390,"1 Female",0.275,0.123970116332888
431,1391,"1 Female",0.15,0.104697366067817
432,1392,"1 Female",0.2,0.125064086135971
433,1393,"1 Female",0.125,0.0890656628993031
434,1394,"1 Female",0.175,0.100559333167934
435,1395,"1 Female",0.35,0.204281103459838
436,1396,"1 Female",0.175,0.0939687618580143
437,1397,"1 Female",0.125,0.0890656628993031
438,1398,"1 Female",0.25,0.25
439,1399,"1 Female",0.15,0.0916375245051714
440,1400,"1 Female",0.175,0.112588996137642
441,1401,"1 Female",0.225,0.158063197357811
442,1402,"1 Female",0.2,0.102532046272473
443,1403,"1 Female",0.2,0.108604197869474
444,1404,"1 Female",0.2,0.114354374979373
445,1405,"1 Female",0.275,0.123970116332888
446,1406,"1 Female",0.175,0.0939687618580143
447,1407,"1 Female",0.275,0.143167017402036
448,1408,"1 Female",0.3,0.148496740877644
449,1409,"1 Female",0.3,0.18673991236957
450,1410,"1 Female",0.225,0.121357175735776
451,1411,"1 Female",0.175,0.0868796692159732
452,1412,"1 Female",0.4,0.18187062180826
453,1413,"1 Female",0.175,0.0939687618580143
454,1414,"1 Female",0.3,0.139596488090423
455,1415,"1 Female",0.425,0.208435872201771
456,1416,"1 Female",0.225,0.115954787829192
457,1417,"1 Female",1,0.82663978450915
458,1418,"1 Female",0.15,0.0763762615825973
459,1419,"1 Female",0.275,0.123970116332888
460,1420,"1 Female",0.2,0.102532046272473
461,1421,"1 Female",0.15,0.0843527392286973
462,1422,"1 Female",0.275,0.133913002758105
463,1423,"1 Female",0.125,0.0815514624371692
464,1424,"1 Female",0.175,0.100559333167934
465,1425,"1 Female",0.15,0.104697366067817
466,1426,"1 Female",0.35,0.173759338431946
467,1427,"1 Female",0.125,0.0890656628993031
468,1428,"1 Female",0.3,0.134926380686388
469,1429,"1 Female",0.375,0.158872227325561
470,1430,"1 Female",0.275,0.107342609887388
471,1431,"1 Female",0.275,0.118686724032381
472,1432,"1 Female",0.35,0.126845353047495
473,1433,"1 Female",0.3,0.130088727117598
474,1434,"1 Female",0.325,0.131009394848085
475,1435,"1 Female",0.35,0.141194537556867
476,1436,"1 Female",0.7,0.306343196180613
477,1437,"1 Female",0.775,0.200919361295993
478,1438,"1 Female",1.375,0.177906270338178
479,1439,"1 Female",1.5,0.248069469178417
480,0,"1 Female",1.3,0.206310694255297
481,1,"1 Female",1.625,0.236663506660016
482,2,"1 Female",1.5,0.232047740446129
483,3,"1 Female",1.375,0.19835057024861
484,4,"1 Female",1.325,0.200600061354389
485,5,"1 Female",1.8,0.206310694255297
486,6,"1 Female",1.5,0.202547873416733
487,7,"1 Female",1.425,0.182178765403937
488,8,"1 Female",1.45,0.208627996744543
489,9,"1 Female",1.15,0.16231498343084
490,10,"1 Female",1.7,0.229827136823554
491,11,"1 Female",1.575,0.19244546347019
492,12,"1 Female",1.4,0.151064598170825
493,13,"1 Female",1.525,0.192778270400119
494,14,"1 Female",1.375,0.191778116983785
495,15,"1 Female",1.575,0.163642433842345
496,16,"1 Female",1.25,0.174495610113028
497,17,"1 Female",1.55,0.217650625709633
498,18,"1 Female",1.625,0.207819880098374
499,19,"1 Female",1.45,0.17153156246906
500,20,"1 Female",1.725,0.333949750557529
501,21,"1 Female",1.5,0.299572344757639
502,22,"1 Female",1.625,0.259900128747711
503,23,"1 Female",1.225,0.191108440152276
504,24,"1 Female",1.5,0.192819830877136
505,25,"1 Female",1.25,0.166986871893019
506,26,"1 Female",1.35,0.154214303104645
507,27,"1 Female",1.525,0.337766988412927
508,28,"1 Female",1.65,0.266866911995378
509,29,"1 Female",1.375,0.141817416022079
510,30,"1 Female",1.525,0.151858149059895
511,31,"1 Female",1.55,0.138443731048635
512,32,"1 Female",1.6,0.211223541811477
513,33,"1 Female",1.5,0.164082530828473
514,34,"1 Female",1.175,0.163642433842345
515,35,"1 Female",1.225,0.16206796611615
516,36,"1 Female",1.325,0.183929682773413
517,37,"1 Female",1.575,0.270060534524562
518,38,"1 Female",1.325,0.153537350337688
519,39,"1 Female",1.4,0.192153784566105
520,40,"1 Female",1.575,0.15561087233784
521,41,"1 Female",1.475,0.171671645434399
522,42,"1 Female",1.4,0.208166599946613
523,43,"1 Female",1.05,0.159927868356091
524,44,"1 Female",1.375,0.188405931095056
525,45,"1 Female",1.35,0.15
526,46,"1 Female",1.7,0.212434001817518
527,47,"1 Female",1.375,0.201556443707464
528,48,"1 Female",1.425,0.198995876777281
529,49,"1 Female",1.275,0.160078105935821
530,50,"1 Female",1.3,0.172463299700515
531,51,"1 Female",1.175,0.151435439404693
532,52,"1 Female",1.325,0.157657125531227
533,53,"1 Female",1.55,0.214685219774775
534,54,"1 Female",1.625,0.170547760060162
535,55,"1 Female",1.3,0.206310694255297
536,56,"1 Female",1.225,0.165976133594794
537,57,"1 Female",0.975,0.153954288920196
538,58,"1 Female",1.15,0.173759338431946
539,59,"1 Female",1.275,0.265512325272848
540,60,"1 Female",1.125,0.164813414315891
541,61,"1 Female",0.925,0.16558946764475
542,62,"1 Female",1.025,0.1842778698958
543,63,"1 Female",1.25,0.181694305119397
544,64,"1 Female",1.075,0.140454847202096
545,65,"1 Female",1.15,0.204281103459838
546,66,"1 Female",1.2,0.190141647604743
547,67,"1 Female",1.5,0.202547873416733
548,68,"1 Female",1.2,0.18673991236957
549,69,"1 Female",1,0.143222974807887
550,70,"1 Female",1,0.147630863287023
551,71,"1 Female",1.05,0.163887078071989
552,72,"1 Female",1.15,0.15831646333879
553,73,"1 Female",1.1,0.163299316185545
554,74,"1 Female",1.4,0.188788309068718
555,75,"1 Female",1.075,0.194103791954928
556,76,"1 Female",1.1,0.163299316185545
557,77,"1 Female",1.225,0.204084886813407
558,78,"1 Female",0.95,0.17522878817457
559,79,"1 Female",1.025,0.165976133594794
560,80,"1 Female",1.575,0.208435872201771
561,81,"1 Female",0.825,0.142718568320978
562,82,"1 Female",1.175,0.159677158265654
563,83,"1 Female",1.15,0.170030163236575
564,84,"1 Female",1.225,0.165976133594794
565,85,"1 Female",1.45,0.208627996744543
566,86,"1 Female",1.375,0.166746775619462
567,87,"1 Female",1.025,0.14091050078248
568,88,"1 Female",1.25,0.18861845900368
569,89,"1 Female",1.25,0.214087209644419
570,90,"1 Female",1.25,0.185188746404504
571,91,"1 Female",1.225,0.153954288920196
572,92,"1 Female",0.875,0.114284283415951
573,93,"1 Female",1.075,0.16558946764475
574,94,"1 Female",1.125,0.144059727641715
575,95,"1 Female",1.125,0.183231323601392
576,96,"1 Female",0.925,0.153537350337688
577,97,"1 Female",1.075,0.206892453171901
578,98,"1 Female",1.15,0.187937523716029
579,99,"1 Female",0.925,0.149303940559741
580,100,"1 Female",1.2,0.3
581,101,"1 Female",1,0.179028718509858
582,102,"1 Female",0.725,0.129037362905637
583,103,"1 Female",0.975,0.153954288920196
584,104,"1 Female",1.05,0.17522878817457
585,105,"1 Female",0.8,0.156892908110547
586,106,"1 Female",1,0.138675049056307
587,107,"1 Female",1.025,0.180765821026216
588,108,"1 Female",0.675,0.140454847202096
589,109,"1 Female",1.025,0.16206796611615
590,110,"1 Female",0.825,0.142718568320978
591,111,"1 Female",1.025,0.169794370357583
592,112,"1 Female",0.825,0.15561087233784
593,113,"1 Female",1.325,0.19737865470545
594,114,"1 Female",1.125,0.176095472356944
595,115,"1 Female",1.55,0.3685557397916
596,116,"1 Female",1.075,0.176822016844695
597,117,"1 Female",0.75,0.137514567992836
598,118,"1 Female",0.8,0.172463299700515
599,119,"1 Female",0.875,0.176095472356944
600,120,"1 Female",0.95,0.17153156246906
601,121,"1 Female",0.9,0.137747446344239
602,122,"1 Female",1.025,0.21329977700831
603,123,"1 Female",1.025,0.219227957696772
604,124,"1 Female",0.825,0.178625449704266
605,125,"1 Female",0.825,0.159677158265654
606,126,"1 Female",0.8,0.168705478457395
607,127,"1 Female",1.05,0.211678275474108
608,128,"1 Female",0.95,0.167752870738553
609,129,"1 Female",0.75,0.132771251135949
610,130,"1 Female",0.7,0.164862024673626
611,131,"1 Female",0.8,0.134926380686388
612,132,"1 Female",0.75,0.132771251135949
613,133,"1 Female",0.875,0.176095472356944
614,134,"1 Female",0.725,0.156022269942303
615,135,"1 Female",0.9,0.178311165648346
616,136,"1 Female",0.95,0.220576168599072
617,137,"1 Female",0.875,0.190099501611184
618,138,"1 Female",0.8,0.168705478457395
619,139,"1 Female",0.775,0.126529108843046
620,140,"1 Female",1.125,0.152700057931579
621,141,"1 Female",0.65,0.116299789447965
622,142,"1 Female",0.775,0.136285428233241
623,143,"1 Female",0.9,0.163299316185545
624,144,"1 Female",1,0.175411603861406
625,145,"1 Female",0.9,0.163299316185545
626,146,"1 Female",1.225,0.256923364808683
627,147,"1 Female",1.3,0.261161115415615
628,148,"1 Female",1.125,0.183231323601392
629,149,"1 Female",1.05,0.167752870738553
630,150,"1 Female",0.9,0.146759877141069
631,151,"1 Female",1.05,0.185879751590328
632,152,"1 Female",0.775,0.145388515752863
633,153,"1 Female",1.1,0.170970082853022
634,154,"1 Female",0.95,0.151699770971549
635,155,"1 Female",1,0.164082530828473
636,156,"1 Female",1,0.164082530828473
637,157,"1 Female",0.7,0.134926380686388
638,158,"1 Female",0.875,0.13953907641286
639,159,"1 Female",0.75,0.142099640014701
640,160,"1 Female",0.875,0.196728043443031
641,161,"1 Female",0.725,0.167896106459032
642,162,"1 Female",0.925,0.173158812536279
643,163,"1 Female",0.9,0.155250005161237
644,164,"1 Female",0.925,0.157657125531227
645,165,"1 Female",0.9,0.142325016270543
646,166,"1 Female",0.6,0.1229967687714
647,167,"1 Female",0.55,0.128850937530792
648,168,"1 Female",0.825,0.159677158265654
649,169,"1 Female",0.875,0.179698822107065
650,170,"1 Female",0.925,0.157657125531227
651,171,"1 Female",0.9,0.163299316185545
652,172,"1 Female",1.275,0.189423890405646
653,173,"1 Female",1.2,0.193483584409369
654,174,"1 Female",1.075,0.176822016844695
655,175,"1 Female",0.875,0.134866981000179
656,176,"1 Female",0.925,0.149303940559741
657,177,"1 Female",0.95,0.142999013803305
658,178,"1 Female",0.875,0.209356462057249
659,179,"1 Female",0.875,0.152700057931579
660,180,"1 Female",0.775,0.169794370357583
661,181,"1 Female",0.75,0.155043418236511
662,182,"1 Female",0.775,0.126529108843046
663,183,"1 Female",0.725,0.133913002758105
664,184,"1 Female",0.45,0.107118434334894
665,185,"1 Female",0.725,0.167896106459032
666,186,"1 Female",0.775,0.145388515752863
667,187,"1 Female",0.9,0.151064598170825
668,188,"1 Female",0.75,0.163102924874338
669,189,"1 Female",0.875,0.164813414315891
670,190,"1 Female",0.925,0.183929682773413
671,191,"1 Female",0.55,0.147413599205668
672,192,"1 Female",0.7,0.139596488090423
673,193,"1 Female",0.725,0.182530292533343
674,194,"1 Female",0.8,0.164862024673626
675,195,"1 Female",1,0.199357943768463
676,196,"1 Female",0.825,0.163642433842345
677,197,"1 Female",0.85,0.145663820895749
678,198,"1 Female",1,0.143222974807887
679,199,"1 Female",0.8,0.130088727117598
680,200,"1 Female",0.925,0.176822016844695
681,201,"1 Female",0.9,0.151064598170825
682,202,"1 Female",1.05,0.185879751590328
683,203,"1 Female",0.925,0.153537350337688
684,204,"1 Female",1.175,0.18908517955727
685,205,"1 Female",0.925,0.153537350337688
686,206,"1 Female",1.1,0.146759877141069
687,207,"1 Female",1.125,0.293492453928241
688,208,"1 Female",1.075,0.149303940559741
689,209,"1 Female",0.925,0.120827807123853
690,210,"1 Female",0.75,0.117396981571296
691,211,"1 Female",0.875,0.152700057931579
692,212,"1 Female",0.95,0.138443731048635
693,213,"1 Female",1,0.182574185835055
694,214,"1 Female",0.925,0.120827807123853
695,215,"1 Female",1.075,0.190772720191412
696,216,"1 Female",0.85,0.141194537556867
697,217,"1 Female",1,0.179028718509858
698,218,"1 Female",1,0.189466186686268
699,219,"1 Female",0.825,0.147141567973299
700,220,"1 Female",0.875,0.134866981000179
701,221,"1 Female",0.75,0.159124205639849
702,222,"1 Female",0.525,0.118686724032381
703,223,"1 Female",0.95,0.178849600187363
704,224,"1 Female",0.8,0.156892908110547
705,225,"1 Female",0.925,0.157657125531227
706,226,"1 Female",0.975,0.169794370357583
707,227,"1 Female",0.8,0.172463299700515
708,228,"1 Female",0.725,0.160078105935821
709,229,"1 Female",0.85,0.166217343042792
710,230,"1 Female",0.85,0.141194537556867
711,231,"1 Female",0.95,0.178849600187363
712,232,"1 Female",0.725,0.138617255743084
713,233,"1 Female",0.75,0.132771251135949
714,234,"1 Female",0.725,0.160078105935821
715,235,"1 Female",0.75,0.15085227958639
716,236,"1 Female",0.6,0.151064598170825
717,237,"1 Female",0.75,0.132771251135949
718,238,"1 Female",0.75,0.155043418236511
719,239,"1 Female",1.1,0.178311165648346
720,240,"1 Female",0.825,0.159677158265654
721,241,"1 Female",0.7,0.148496740877644
722,242,"1 Female",0.675,0.140454847202096
723,243,"1 Female",0.725,0.160078105935821
724,244,"1 Female",0.875,0.183231323601392
725,245,"1 Female",0.65,0.145663820895749
726,246,"1 Female",0.925,0.173158812536279
727,247,"1 Female",1.2,0.457417499917492
728,248,"1 Female",1.075,0.314983719563002
729,249,"1 Female",0.725,0.167896106459032
730,250,"1 Female",0.7,0.152752523165195
731,251,"1 Female",0.725,0.147576577253459
732,252,"1 Female",0.725,0.138617255743084
733,253,"1 Female",0.825,0.138154038889706
734,254,"1 Female",0.875,0.183231323601392
735,255,"1 Female",0.8,0.134926380686388
736,256,"1 Female",0.675,0.157657125531227
737,257,"1 Female",0.775,0.158063197357811
738,258,"1 Female",0.625,0.127538330085609
739,259,"1 Female",0.625,0.132469154609958
740,260,"1 Female",0.5,0.156073618395212
741,261,"1 Female",0.625,0.117055213796409
742,262,"1 Female",0.7,0.144115338424578
743,263,"1 Female",0.9,0.167178700643108
744,264,"1 Female",0.85,0.131802104959651
745,265,"1 Female",0.8,0.183275049010343
746,266,"1 Female",1.025,0.204084886813407
747,267,"1 Female",0.85,0.141194537556867
748,268,"1 Female",0.7,0.139596488090423
749,269,"1 Female",1.075,0.24122417491641
750,270,"1 Female",0.825,0.142718568320978
751,271,"1 Female",0.75,0.178131325798606
752,272,"1 Female",0.675,0.140454847202096
753,273,"1 Female",0.825,0.185664088735958
754,274,"1 Female",0.725,0.143167017402036
755,275,"1 Female",0.8,0.160926802918084
756,276,"1 Female",0.725,0.147576577253459
757,277,"1 Female",0.5,0.11322770341446
758,278,"1 Female",0.625,0.141817416022079
759,279,"1 Female",0.575,0.118145390656315
760,280,"1 Female",0.775,0.158063197357811
761,281,"1 Female",0.55,0.123776059157306
762,282,"1 Female",0.675,0.13581425853169
763,283,"1 Female",0.575,0.15561087233784
764,284,"1 Female",0.575,0.128539627731824
765,285,"1 Female",0.775,0.16206796611615
766,286,"1 Female",0.8,0.172463299700515
767,287,"1 Female",0.875,0.160877003503951
768,288,"1 Female",0.825,0.147141567973299
769,289,"1 Female",0.65,0.136579083881267
770,290,"1 Female",0.675,0.153537350337688
771,291,"1 Female",0.625,0.122409045249828
772,292,"1 Female",0.525,0.133913002758105
773,293,"1 Female",0.55,0.128850937530792
774,294,"1 Female",0.65,0.141194537556867
775,295,"1 Female",0.8,0.164862024673626
776,296,"1 Female",0.475,0.123970116332888
777,297,"1 Female",0.575,0.138154038889706
778,298,"1 Female",0.8,0.164862024673626
779,299,"1 Female",1.05,0.250512295619218
780,300,"1 Female",0.65,0.121686861688895
781,301,"1 Female",0.675,0.153537350337688
782,302,"1 Female",0.65,0.145663820895749
783,303,"1 Female",0.525,0.156022269942303
784,304,"1 Female",0.75,0.146541321729944
785,305,"1 Female",0.7,0.119828937903056
786,306,"1 Female",0.8,0.156892908110547
787,307,"1 Female",0.475,0.118686724032381
788,308,"1 Female",0.7,0.134926380686388
789,309,"1 Female",0.7,0.134926380686388
790,310,"1 Female",0.95,0.270208846103936
791,311,"1 Female",1.1,0.432346015273735
792,312,"1 Female",0.55,0.147413599205668
793,313,"1 Female",0.5,0.107417231105915
794,314,"1 Female",0.6,0.146759877141069
795,315,"1 Female",0.7,0.190141647604743
796,316,"1 Female",0.575,0.167513872368522
797,317,"1 Female",0.55,0.155868123087666
798,318,"1 Female",0.55,0.133733374236259
799,319,"1 Female",0.475,0.0946484724300046
800,320,"1 Female",0.45,0.138443731048635
801,321,"1 Female",0.55,0.128850937530792
802,322,"1 Female",0.55,0.118484013851918
803,323,"1 Female",0.575,0.147141567973299
804,324,"1 Female",0.575,0.133433455997689
805,325,"1 Female",0.45,0.112944279431985
806,326,"1 Female",0.975,0.332988603793599
807,327,"1 Female",0.65,0.131802104959651
808,328,"1 Female",0.725,0.147576577253459
809,329,"1 Female",0.875,0.172416832422371
810,330,"1 Female",1.125,0.397407463829874
811,331,"1 Female",0.675,0.153537350337688
812,332,"1 Female",0.475,0.123970116332888
813,333,"1 Female",0.5,0.171718314361571
814,334,"1 Female",0.55,0.178849600187363
815,335,"1 Female",0.525,0.123970116332888
816,336,"1 Female",0.725,0.164033689472777
817,337,"1 Female",0.8,0.179743406854583
818,338,"1 Female",0.7,0.144115338424578
819,339,"1 Female",0.4,0.11766968108291
820,340,"1 Female",0.575,0.171297836290914
821,341,"1 Female",0.5,0.147630863287023
822,342,"1 Female",0.775,0.158063197357811
823,343,"1 Female",0.275,0.0876143940872848
824,344,"1 Female",0.725,0.270297793990068
825,345,"1 Female",1.4,0.77028133388609
826,346,"1 Female",0.65,0.15
827,347,"1 Female",0.675,0.149303940559741
828,348,"1 Female",0.75,0.142099640014701
829,349,"1 Female",0.5,0.156073618395212
830,350,"1 Female",0.775,0.153954288920196
831,351,"1 Female",0.5,0.124034734589208
832,352,"1 Female",0.575,0.133433455997689
833,353,"1 Female",0.6,0.137747446344239
834,354,"1 Female",0.475,0.133913002758105
835,355,"1 Female",0.65,0.16231498343084
836,356,"1 Female",0.725,0.175365917806754
837,357,"1 Female",0.775,0.165976133594794
838,358,"1 Female",0.65,0.166217343042792
839,359,"1 Female",0.625,0.162857102692624
840,360,"1 Female",0.675,0.149303940559741
841,361,"1 Female",0.7,0.148496740877644
842,362,"1 Female",0.725,0.171671645434399
843,363,"1 Female",0.7,0.152752523165195
844,364,"1 Female",0.675,0.140454847202096
845,365,"1 Female",0.7,0.160926802918084
846,366,"1 Female",0.75,0.191986911947076
847,367,"1 Female",0.775,0.165976133594794
848,368,"1 Female",0.675,0.144946939893933
849,369,"1 Female",0.55,0.155868123087666
850,370,"1 Female",0.65,0.126845353047495
851,371,"1 Female",0.525,0.123970116332888
852,372,"1 Female",0.625,0.137222914285946
853,373,"1 Female",0.75,0.163102924874338
854,374,"1 Female",0.625,0.150586460384996
855,375,"1 Female",0.575,0.133433455997689
856,376,"1 Female",0.675,0.149303940559741
857,377,"1 Female",0.575,0.128539627731824
858,378,"1 Female",0.75,0.191986911947076
859,379,"1 Female",0.7,0.144115338424578
860,380,"1 Female",0.625,0.166746775619462
861,381,"1 Female",0.375,0.132469154609958
862,382,"1 Female",0.375,0.111444478530216
863,383,"1 Female",0.525,0.143167017402036
864,384,"1 Female",0.6,0.146759877141069
865,385,"1 Female",0.9,0.18536173919926
866,386,"1 Female",0.775,0.158063197357811
867,387,"1 Female",0.725,0.147576577253459
868,388,"1 Female",0.725,0.160078105935821
869,389,"1 Female",0.825,0.147141567973299
870,390,"1 Female",0.625,0.137222914285946
871,391,"1 Female",0.75,0.170782512765993
872,392,"1 Female",0.65,0.15
873,393,"1 Female",0.825,0.171297836290914
874,394,"1 Female",0.65,0.15
875,395,"1 Female",0.75,0.142099640014701
876,396,"1 Female",1,0.248069469178417
877,397,"1 Female",0.9,0.151064598170825
878,398,"1 Female",0.975,0.191108440152276
879,399,"1 Female",0.625,0.111444478530216
880,400,"1 Female",0.6,0.1229967687714
881,401,"1 Female",0.775,0.180765821026216
882,402,"1 Female",0.675,0.13581425853169
883,403,"1 Female",0.575,0.142718568320978
884,404,"1 Female",0.5,0.143222974807887
885,405,"1 Female",0.375,0.0925943732022521
886,406,"1 Female",0.65,0.166217343042792
887,407,"1 Female",0.675,0.131009394848085
888,408,"1 Female",0.55,0.155868123087666
889,409,"1 Female",0.35,0.126845353047495
890,410,"1 Female",0.575,0.15561087233784
891,411,"1 Female",0.375,0.117055213796409
892,412,"1 Female",0.45,0.123776059157306
893,413,"1 Female",0.475,0.143167017402036
894,414,"1 Female",0.575,0.159677158265654
895,415,"1 Female",0.75,0.155043418236511
896,416,"1 Female",0.575,0.138154038889706
897,417,"1 Female",0.475,0.129037362905637
898,418,"1 Female",0.45,0.159927868356091
899,419,"1 Female",0.4,0.0933699561847852
900,420,"1 Female",0.525,0.129037362905637
901,421,"1 Female",0.475,0.129037362905637
902,422,"1 Female",0.425,0.123451952659262
903,423,"1 Female",0.5,0.118754217199071
904,424,"1 Female",0.325,0.0904936603531019
905,425,"1 Female",0.425,0.118145390656315
906,426,"1 Female",0.7,0.176140969185596
907,427,"1 Female",0.55,0.138443731048635
908,428,"1 Female",0.75,0.15085227958639
909,429,"1 Female",0.525,0.118686724032381
910,430,"1 Female",0.375,0.111444478530216
911,431,"1 Female",0.45,0.128850937530792
912,432,"1 Female",0.775,0.264302420024428
913,433,"1 Female",0.525,0.186009029281804
914,434,"1 Female",0.575,0.19244546347019
915,435,"1 Female",1,0.226455406828919
916,436,"1 Female",0.9,0.178311165648346
917,437,"1 Female",1.1,0.208166599946613
918,438,"1 Female",0.95,0.214685219774775
919,439,"1 Female",0.875,0.186696998451419
920,440,"1 Female",0.9,0.159325501363138
921,441,"1 Female",0.625,0.132469154609958
922,442,"1 Female",0.8,0.164862024673626
923,443,"1 Female",0.95,0.178849600187363
924,444,"1 Female",0.85,0.170030163236575
925,445,"1 Female",0.6,0.1229967687714
926,446,"1 Female",0.5,0.124034734589208
927,447,"1 Female",0.6,0.12810252304407
928,448,"1 Female",0.575,0.118145390656315
929,449,"1 Female",0.85,0.194639706598154
930,450,"1 Female",0.95,0.312044539884605
931,451,"1 Female",0.675,0.153537350337688
932,452,"1 Female",0.775,0.177184171892499
933,453,"1 Female",0.7,0.172463299700515
934,454,"1 Female",0.55,0.118484013851918
935,455,"1 Female",0.375,0.111444478530216
936,456,"1 Female",0.7,0.160926802918084
937,457,"1 Female",0.575,0.128539627731824
938,458,"1 Female",0.425,0.112588996137642
939,459,"1 Female",0.65,0.170030163236575
940,460,"1 Female",0.625,0.181473668359055
941,461,"1 Female",1,0.432642447269668
942,462,"1 Female",0.525,0.138617255743084
943,463,"1 Female",0.6,0.170970082853022
944,464,"1 Female",0.525,0.113156913971207
945,465,"1 Female",0.5,0.118754217199071
946,466,"1 Female",0.925,0.206892453171901
947,467,"1 Female",1.3,0.60574175761877
948,468,"1 Female",0.9,0.201913919206257
949,469,"1 Female",0.85,0.228006972452992
950,470,"1 Female",0.675,0.153537350337688
951,471,"1 Female",0.65,0.145663820895749
952,472,"1 Female",0.75,0.181694305119397
953,473,"1 Female",0.65,0.15831646333879
954,474,"1 Female",0.675,0.144946939893933
955,475,"1 Female",0.625,0.127538330085609
956,476,"1 Female",0.425,0.118145390656315
957,477,"1 Female",0.525,0.123970116332888
958,478,"1 Female",0.75,0.170782512765993
959,479,"1 Female",0.675,0.194103791954928
960,480,"1 Female",0.85,0.16231498343084
961,481,"1 Female",0.425,0.106743762202907
962,482,"1 Female",0.475,0.101194785514791
963,483,"1 Female",0.575,0.147141567973299
964,484,"1 Female",0.6,0.220139815711603
965,485,"1 Female",0.625,0.141817416022079
966,486,"1 Female",0.375,0.111444478530216
967,487,"1 Female",0.55,0.133733374236259
968,488,"1 Female",0.475,0.101194785514791
969,489,"1 Female",0.525,0.138617255743084
970,490,"1 Female",0.5,0.11322770341446
971,491,"1 Female",0.65,0.16231498343084
972,492,"1 Female",0.35,0.104697366067817
973,493,"1 Female",0.6,0.151064598170825
974,494,"1 Female",0.425,0.118145390656315
975,495,"1 Female",0.475,0.123970116332888
976,496,"1 Female",0.875,0.183231323601392
977,497,"1 Female",0.7,0.212434001817518
978,498,"1 Female",0.9,0.211223541811477
979,499,"1 Female",0.75,0.170782512765993
980,500,"1 Female",0.975,0.219227957696772
981,501,"1 Female",0.65,0.131802104959651
982,502,"1 Female",0.75,0.163102924874338
983,503,"1 Female",0.625,0.137222914285946
984,504,"1 Female",0.65,0.197905701450632
985,505,"1 Female",0.725,0.178983955734184
986,506,"1 Female",0.6,0.155250005161237
987,507,"1 Female",0.6,0.151064598170825
988,508,"1 Female",0.625,0.162857102692624
989,509,"1 Female",0.575,0.205337433358999
990,510,"1 Female",1,0.405095746833467
991,511,"1 Female",0.775,0.197703157439477
992,512,"1 Female",0.55,0.112944279431985
993,513,"1 Female",0.85,0.166217343042792
994,514,"1 Female",0.65,0.15
995,515,"1 Female",0.825,0.195748072001508
996,516,"1 Female",0.75,0.12785207798919
997,517,"1 Female",0.8,0.164862024673626
998,518,"1 Female",0.825,0.262843182261854
999,519,"1 Female",0.75,0.181694305119397
1000,520,"1 Female",1.025,0.187724224902873
1001,521,"1 Female",1.25,0.341095520120323
1002,522,"1 Female",1.275,0.429650275194092
1003,523,"1 Female",0.975,0.145388515752863
1004,524,"1 Female",0.85,0.166217343042792
1005,525,"1 Female",0.825,0.138154038889706
1006,526,"1 Female",0.55,0.151699770971549
1007,527,"1 Female",0.625,0.150586460384996
1008,528,"1 Female",0.9,0.3682947537517
1009,529,"1 Female",0.85,0.336935663036196
1010,530,"1 Female",0.6,0.146759877141069
1011,531,"1 Female",0.675,0.144946939893933
1012,532,"1 Female",0.45,0.123776059157306
1013,533,"1 Female",0.625,0.141817416022079
1014,534,"1 Female",0.725,0.133913002758105
1015,535,"1 Female",0.75,0.142099640014701
1016,536,"1 Female",0.8,0.139596488090423
1017,537,"1 Female",0.75,0.15085227958639
1018,538,"1 Female",0.875,0.206271851989254
1019,539,"1 Female",0.7,0.144115338424578
1020,540,"1 Female",0.775,0.169794370357583
1021,541,"1 Female",0.675,0.157657125531227
1022,542,"1 Female",0.6,0.11766968108291
1023,543,"1 Female",0.75,0.204907734083366
1024,544,"1 Female",0.775,0.165976133594794
1025,545,"1 Female",0.9,0.201913919206257
1026,546,"1 Female",0.7,0.148496740877644
1027,547,"1 Female",0.575,0.133433455997689
1028,548,"1 Female",0.775,0.145388515752863
1029,549,"1 Female",0.7,0.134926380686388
1030,550,"1 Female",0.6,0.137747446344239
1031,551,"1 Female",0.725,0.143167017402036
1032,552,"1 Female",0.9,0.195461321506656
1033,553,"1 Female",0.6,0.112089707663561
1034,554,"1 Female",0.875,0.152700057931579
1035,555,"1 Female",0.8,0.148496740877644
1036,556,"1 Female",1.4,0.414172019260671
1037,557,"1 Female",1.15,0.238988252044707
1038,558,"1 Female",0.9,0.195461321506656
1039,559,"1 Female",1.05,0.272570856466482
1040,560,"1 Female",0.625,0.132469154609958
1041,561,"1 Female",0.7,0.164862024673626
1042,562,"1 Female",0.775,0.158063197357811
1043,563,"1 Female",1.125,0.293492453928241
1044,564,"1 Female",0.65,0.121686861688895
1045,565,"1 Female",0.7,0.156892908110547
1046,566,"1 Female",0.675,0.13581425853169
1047,567,"1 Female",0.625,0.14626766822928
1048,568,"1 Female",0.575,0.138154038889706
1049,569,"1 Female",0.55,0.107118434334894
1050,570,"1 Female",0.4,0.0933699561847852
1051,571,"1 Female",0.55,0.133733374236259
1052,572,"1 Female",0.5,0.107417231105915
1053,573,"1 Female",0.65,0.177410143380696
1054,574,"1 Female",0.825,0.151435439404693
1055,575,"1 Female",0.5,0.129099444873581
1056,576,"1 Female",0.525,0.123970116332888
1057,577,"1 Female",0.675,0.140454847202096
1058,578,"1 Female",0.525,0.101194785514791
1059,579,"1 Female",0.675,0.144946939893933
1060,580,"1 Female",0.85,0.16231498343084
1061,581,"1 Female",0.9,0.170970082853022
1062,582,"1 Female",0.825,0.175
1063,583,"1 Female",1.4,0.274562589193458
1064,584,"1 Female",0.9,0.174679193130781
1065,585,"1 Female",0.9,0.178311165648346
1066,586,"1 Female",0.825,0.133433455997689
1067,587,"1 Female",0.95,0.133733374236259
1068,588,"1 Female",0.825,0.167513872368522
1069,589,"1 Female",1.125,0.168657975857986
1070,590,"1 Female",0.975,0.169794370357583
1071,591,"1 Female",0.825,0.142718568320978
1072,592,"1 Female",1,0.179028718509858
1073,593,"1 Female",0.8,0.164862024673626
1074,594,"1 Female",0.9,0.155250005161237
1075,595,"1 Female",1.5,0.295261726574047
1076,596,"1 Female",1.125,0.199959931883801
1077,597,"1 Female",0.7,0.148496740877644
1078,598,"1 Female",0.775,0.115954787829192
1079,599,"1 Female",0.775,0.149732667761153
1080,600,"1 Female",1.15,0.170030163236575
1081,601,"1 Female",0.85,0.166217343042792
1082,602,"1 Female",0.725,0.151858149059895
1083,603,"1 Female",0.875,0.134866981000179
1084,604,"1 Female",0.525,0.133913002758105
1085,605,"1 Female",0.8,0.156892908110547
1086,606,"1 Female",1.05,0.151699770971549
1087,607,"1 Female",1.125,0.172416832422371
1088,608,"1 Female",0.825,0.171297836290914
1089,609,"1 Female",1,0.124034734589208
1090,610,"1 Female",1,0.129099444873581
1091,611,"1 Female",0.8,0.152752523165195
1092,612,"1 Female",0.575,0.106743762202907
1093,613,"1 Female",0.725,0.143167017402036
1094,614,"1 Female",0.775,0.165976133594794
1095,615,"1 Female",0.7,0.108604197869474
1096,616,"1 Female",0.925,0.157657125531227
1097,617,"1 Female",1.075,0.344159138801388
1098,618,"1 Female",1.05,0.17153156246906
1099,619,"1 Female",0.75,0.155043418236511
1100,620,"1 Female",0.95,0.138443731048635
1101,621,"1 Female",0.8,0.134926380686388
1102,622,"1 Female",0.7,0.152752523165195
1103,623,"1 Female",1.025,0.153954288920196
1104,624,"1 Female",0.85,0.15
1105,625,"1 Female",1.025,0.16206796611615
1106,626,"1 Female",0.875,0.130027117487281
1107,627,"1 Female",1.025,0.169794370357583
1108,628,"1 Female",0.975,0.158063197357811
1109,629,"1 Female",0.8,0.144115338424578
1110,630,"1 Female",1.125,0.196728043443031
1111,631,"1 Female",1.1,0.178311165648346
1112,632,"1 Female",1.3,0.160926802918084
1113,633,"1 Female",0.925,0.16558946764475
1114,634,"1 Female",0.95,0.151699770971549
1115,635,"1 Female",0.975,0.177184171892499
1116,636,"1 Female",0.85,0.121686861688895
1117,637,"1 Female",0.85,0.15
1118,638,"1 Female",0.8,0.156892908110547
1119,639,"1 Female",0.725,0.143167017402036
1120,640,"1 Female",1.05,0.309983456961406
1121,641,"1 Female",1.1,0.188788309068718
1122,642,"1 Female",0.775,0.0979763184364414
1123,643,"1 Female",0.975,0.187724224902873
1124,644,"1 Female",0.85,0.131802104959651
1125,645,"1 Female",0.8,0.139596488090423
1126,646,"1 Female",0.975,0.153954288920196
1127,647,"1 Female",1.025,0.145388515752863
1128,648,"1 Female",1.175,0.142718568320978
1129,649,"1 Female",1.025,0.145388515752863
1130,650,"1 Female",0.975,0.16206796611615
1131,651,"1 Female",1.025,0.187724224902873
1132,652,"1 Female",0.95,0.159927868356091
1133,653,"1 Female",0.95,0.151699770971549
1134,654,"1 Female",1.125,0.13953907641286
1135,655,"1 Female",1.175,0.18908517955727
1136,656,"1 Female",0.825,0.159677158265654
1137,657,"1 Female",1,0.217797836159815
1138,658,"1 Female",1.125,0.215393200378356
1139,659,"1 Female",1.1,0.137747446344239
1140,660,"1 Female",1.225,0.177184171892499
1141,661,"1 Female",1.1,0.170970082853022
1142,662,"1 Female",1.025,0.126529108843046
1143,663,"1 Female",1.05,0.167752870738553
1144,664,"1 Female",0.8,0.134926380686388
1145,665,"1 Female",1.025,0.180765821026216
1146,666,"1 Female",1.05,0.155868123087666
1147,667,"1 Female",0.95,0.147413599205668
1148,668,"1 Female",0.975,0.145388515752863
1149,669,"1 Female",1,0.164082530828473
1150,670,"1 Female",0.85,0.16231498343084
1151,671,"1 Female",0.925,0.149303940559741
1152,672,"1 Female",0.95,0.147413599205668
1153,673,"1 Female",0.775,0.14091050078248
1154,674,"1 Female",0.8,0.152752523165195
1155,675,"1 Female",1.075,0.153537350337688
1156,676,"1 Female",0.725,0.138617255743084
1157,677,"1 Female",1.375,0.188405931095056
1158,678,"1 Female",0.825,0.133433455997689
1159,679,"1 Female",1.1,0.192153784566105
1160,680,"1 Female",1.2,0.134926380686388
1161,681,"1 Female",0.975,0.16206796611615
1162,682,"1 Female",1.1,0.155250005161237
1163,683,"1 Female",1.15,0.180987320706204
1164,684,"1 Female",1.125,0.160877003503951
1165,685,"1 Female",1.475,0.575111471914971
1166,686,"1 Female",1.275,0.208743186592324
1167,687,"1 Female",1.05,0.159927868356091
1168,688,"1 Female",1.175,0.171297836290914
1169,689,"1 Female",1,0.138675049056307
1170,690,"1 Female",0.975,0.149732667761153
1171,691,"1 Female",1.325,0.169416419147977
1172,692,"1 Female",1.075,0.16558946764475
1173,693,"1 Female",0.95,0.133733374236259
1174,694,"1 Female",0.975,0.149732667761153
1175,695,"1 Female",1.2,0.310500010322474
1176,696,"1 Female",1.15,0.230801279825808
1177,697,"1 Female",1.05,0.159927868356091
1178,698,"1 Female",1.325,0.19737865470545
1179,699,"1 Female",1.125,0.164813414315891
1180,700,"1 Female",0.8,0.148496740877644
1181,701,"1 Female",0.8,0.168705478457395
1182,702,"1 Female",0.9,0.142325016270543
1183,703,"1 Female",0.975,0.136285428233241
1184,704,"1 Female",1.025,0.145388515752863
1185,705,"1 Female",1.225,0.269109404880007
1186,706,"1 Female",1.025,0.165976133594794
1187,707,"1 Female",1.125,0.164813414315891
1188,708,"1 Female",0.975,0.136285428233241
1189,709,"1 Female",0.875,0.144059727641715
1190,710,"1 Female",0.975,0.136285428233241
1191,711,"1 Female",0.95,0.17522878817457
1192,712,"1 Female",1.125,0.179698822107065
1193,713,"1 Female",0.925,0.13581425853169
1194,714,"1 Female",1.275,0.138617255743084
1195,715,"1 Female",0.95,0.17153156246906
1196,716,"1 Female",1.1,0.155250005161237
1197,717,"1 Female",1.525,0.167896106459032
1198,718,"1 Female",2.2,0.190141647604743
1199,719,"1 Female",2.525,0.465457453507451
1200,720,"1 Female",2.2,0.212434001817518
1201,721,"1 Female",1.85,0.191317965969127
1202,722,"1 Female",1.775,0.207202056716849
1203,723,"1 Female",2.075,0.194103791954928
1204,724,"1 Female",2.275,0.390574035136844
1205,725,"1 Female",1.825,0.178625449704266
1206,726,"1 Female",2.525,0.237474695008186
1207,727,"1 Female",2.475,0.245439166832404
1208,728,"1 Female",2.15,0.241655614247706
1209,729,"1 Female",2.45,0.447141920910909
1210,730,"1 Female",1.8,0.227020839436519
1211,731,"1 Female",1.75,0.255076660171217
1212,732,"1 Female",2.175,0.361420807370024
1213,733,"1 Female",1.725,0.217761042876984
1214,734,"1 Female",1.475,0.199317746582095
1215,735,"1 Female",1.425,0.239891802534136
1216,736,"1 Female",1.375,0.204712118063517
1217,737,"1 Female",1.425,0.234486618720503
1218,738,"1 Female",1.35,0.35364403368939
1219,739,"1 Female",1.125,0.224143669585792
1220,740,"1 Female",1.075,0.218935361026245
1221,741,"1 Female",1.1,0.231494586523624
1222,742,"1 Female",1.075,0.246481652721263
1223,743,"1 Female",0.85,0.210463469026983
1224,744,"1 Female",0.825,0.205337433358999
1225,745,"1 Female",0.925,0.224714919112628
1226,746,"1 Female",0.85,0.197905701450632
1227,747,"1 Female",1.075,0.227549656457324
1228,748,"1 Female",0.8,0.196768769671279
1229,749,"1 Female",0.8,0.193483584409369
1230,750,"1 Female",0.975,0.23612116620118
1231,751,"1 Female",1.1,0.339305474651095
1232,752,"1 Female",0.775,0.244129799439476
1233,753,"1 Female",0.575,0.171297836290914
1234,754,"1 Female",0.925,0.259159143266182
1235,755,"1 Female",0.65,0.170030163236575
1236,756,"1 Female",0.625,0.184972277895212
1237,757,"1 Female",0.8,0.2
1238,758,"1 Female",0.875,0.224143669585792
1239,759,"1 Female",0.825,0.167513872368522
1240,760,"1 Female",0.725,0.182530292533343
1241,761,"1 Female",0.6,0.163299316185545
1242,762,"1 Female",0.575,0.195748072001508
1243,763,"1 Female",0.425,0.138154038889706
1244,764,"1 Female",0.65,0.194639706598154
1245,765,"1 Female",0.75,0.211071746217446
1246,766,"1 Female",0.6,0.167178700643108
1247,767,"1 Female",0.425,0.133433455997689
1248,768,"1 Female",0.55,0.185879751590328
1249,769,"1 Female",0.525,0.205649377987551
1250,770,"1 Female",0.375,0.127538330085609
1251,771,"1 Female",0.475,0.189423890405646
1252,772,"1 Female",0.6,0.188788309068718
1253,773,"1 Female",0.475,0.175365917806754
1254,774,"1 Female",0.7,0.387629217495805
1255,775,"1 Female",0.85,0.651969403088904
1256,776,"1 Female",0.775,0.4661455423649
1257,777,"1 Female",1.125,0.707276738353089
1258,778,"1 Female",0.35,0.136579083881267
1259,779,"1 Female",0.3,0.139596488090423
1260,780,"1 Female",0.35,0.145663820895749
1261,781,"1 Female",0.35,0.166217343042792
1262,782,"1 Female",0.425,0.175
1263,783,"1 Female",0.525,0.192778270400119
1264,784,"1 Female",0.55,0.178849600187363
1265,785,"1 Female",0.475,0.175365917806754
1266,786,"1 Female",0.425,0.18908517955727
1267,787,"1 Female",0.45,0.159927868356091
1268,788,"1 Female",0.35,0.141194537556867
1269,789,"1 Female",0.225,0.131497781983829
1270,790,"1 Female",0.4,0.155250005161237
1271,791,"1 Female",0.275,0.151858149059895
1272,792,"1 Female",0.15,0.0763762615825973
1273,793,"1 Female",0.45,0.192653535174895
1274,794,"1 Female",0.15,0.0916375245051714
1275,795,"1 Female",0.275,0.143167017402036
1276,796,"1 Female",0.25,0.117396981571296
1277,797,"1 Female",0.25,0.12785207798919
1278,798,"1 Female",0.125,0.0639260389945948
1279,799,"1 Female",0.225,0.131497781983829
1280,800,"1 Female",0.175,0.112588996137642
1281,801,"1 Female",0.175,0.0939687618580143
1282,802,"1 Female",0.125,0.0890656628993031
1283,803,"1 Female",0.175,0.112588996137642
1284,804,"1 Female",0.275,0.133913002758105
1285,805,"1 Female",0.15,0.104697366067817
1286,806,"1 Female",0.25,0.146541321729944
1287,807,"1 Female",0.25,0.117396981571296
1288,808,"1 Female",0.325,0.157657125531227
1289,809,"1 Female",0.575,0.430990957130431
1290,810,"1 Female",0.125,0.125
1291,811,"1 Female",0.225,0.131497781983829
1292,812,"1 Female",0.35,0.197905701450632
1293,813,"1 Female",0.85,0.749829040344257
1294,814,"1 Female",0.45,0.314092098203451
1295,815,"1 Female",0.275,0.113156913971207
1296,816,"1 Female",0.2,0.0960768922830523
1297,817,"1 Female",0,0
1298,818,"1 Female",0.075,0.0553253778649314
1299,819,"1 Female",0.35,0.254573549898045
1300,820,"1 Female",0.275,0.138617255743084
1301,821,"1 Female",0.175,0.133433455997689
1302,822,"1 Female",0.2,0.114354374979373
1303,823,"1 Female",0.15,0.0916375245051714
1304,824,"1 Female",0.15,0.0916375245051714
1305,825,"1 Female",0.075,0.0421763696143487
1306,826,"1 Female",0.2,0.134926380686388
1307,827,"1 Female",0.1,0.0480384461415261
1308,828,"1 Female",0.125,0.073270660864972
1309,829,"1 Female",0.425,0.18908517955727
1310,830,"1 Female",0.175,0.0791582316693952
1311,831,"1 Female",0.175,0.128539627731824
1312,832,"1 Female",0.2,0.114354374979373
1313,833,"1 Female",0.2,0.156892908110547
1314,834,"1 Female",0.225,0.131497781983829
1315,835,"1 Female",0.15,0.104697366067817
1316,836,"1 Female",0.1,0.0599144689515278
1317,837,"1 Female",0.125,0.0890656628993031
1318,838,"1 Female",0.15,0.0916375245051714
1319,839,"1 Female",0.175,0.100559333167934
1320,840,"1 Female",0.225,0.121357175735776
1321,841,"1 Female",0.1,0.0599144689515278
1322,842,"1 Female",0.075,0.0553253778649314
1323,843,"1 Female",0.025,0.025
1324,844,"1 Female",0.325,0.221843962256681
1325,845,"1 Female",0.075,0.075
1326,846,"1 Female",0.175,0.123451952659262
1327,847,"1 Female",0.125,0.125
1328,848,"1 Female",0.075,0.075
1329,849,"1 Female",0.075,0.075
1330,850,"1 Female",0.15,0.15
1331,851,"1 Female",0.2,0.139596488090423
1332,852,"1 Female",0.125,0.102453867041683
1333,853,"1 Female",0.125,0.0890656628993031
1334,854,"1 Female",0,0
1335,855,"1 Female",0.2,0.114354374979373
1336,856,"1 Female",0.1,0.0784464540552736
1337,857,"1 Female",0.025,0.025
1338,858,"1 Female",0,0
1339,859,"1 Female",0,0
1340,860,"1 Female",0.075,0.075
1341,861,"1 Female",0,0
1342,862,"1 Female",0.2,0.125064086135971
1343,863,"1 Female",0.275,0.123970116332888
1344,864,"1 Female",0.075,0.0553253778649314
1345,865,"1 Female",0,0
1346,866,"1 Female",0.05,0.05
1347,867,"1 Female",0.1,0.0697982440452113
1348,868,"1 Female",0.05,0.05
1349,869,"1 Female",0.1,0.0697982440452113
1350,870,"1 Female",0.1,0.1
1351,871,"1 Female",0.15,0.0843527392286973
1352,872,"1 Female",0.15,0.15
1353,873,"1 Female",0,0
1354,874,"1 Female",0.05,0.05
1355,875,"1 Female",0.025,0.025
1356,876,"1 Female",0.15,0.110650755729863
1357,877,"1 Female",0,0
1358,878,"1 Female",0.075,0.0553253778649314
1359,879,"1 Female",0.025,0.025
1360,880,"1 Female",0.05,0.05
1361,881,"1 Female",0.075,0.075
1362,882,"1 Female",0.125,0.102453867041683
1363,883,"1 Female",0.025,0.025
1364,884,"1 Female",0.15,0.110650755729863
1365,885,"1 Female",0,0
1366,886,"1 Female",0.1,0.1
1367,887,"1 Female",0.075,0.075
1368,888,"1 Female",0.1,0.0599144689515278
1369,889,"1 Female",0.35,0.197905701450632
1370,890,"1 Female",0.175,0.151435439404693
1371,891,"1 Female",0.075,0.0553253778649314
1372,892,"1 Female",0.1,0.0784464540552736
1373,893,"1 Female",0.175,0.100559333167934
1374,894,"1 Female",0,0
1375,895,"1 Female",0.125,0.0890656628993031
1376,896,"1 Female",0,0
1377,897,"1 Female",0.1,0.0784464540552736
1378,898,"1 Female",0.175,0.106743762202907
1379,899,"1 Female",0.1,0.1
1380,900,"1 Female",0.1,0.0697982440452113
1381,901,"1 Female",0,0
1382,902,"1 Female",0.075,0.0553253778649314
1383,903,"1 Female",0.075,0.0421763696143487
1384,904,"1 Female",0.1,0.0784464540552736
1385,905,"1 Female",0.225,0.115954787829192
1386,906,"1 Female",0.15,0.0763762615825973
1387,907,"1 Female",0.1,0.0599144689515278
1388,908,"1 Female",0.05,0.05
1389,909,"1 Female",0.025,0.025
1390,910,"1 Female",0.125,0.0890656628993031
1391,911,"1 Female",0.025,0.025
1392,912,"1 Female",0.175,0.112588996137642
1393,913,"1 Female",0,0
1394,914,"1 Female",0,0
1395,915,"1 Female",0,0
1396,916,"1 Female",0.25,0.25
1397,917,"1 Female",0.15,0.15
1398,918,"1 Female",0.05,0.05
1399,919,"1 Female",0.025,0.025
1400,920,"1 Female",0,0
1401,921,"1 Female",0,0
1402,922,"1 Female",0,0
1403,923,"1 Female",0.05,0.05
1404,924,"1 Female",0.025,0.025
1405,925,"1 Female",0,0
1406,926,"1 Female",0.1,0.0697982440452113
1407,927,"1 Female",0.225,0.14091050078248
1408,928,"1 Female",0.075,0.0421763696143487
1409,929,"1 Female",0.05,0.05
1410,930,"1 Female",0.1,0.0784464540552736
1411,931,"1 Female",0.2,0.2
1412,932,"1 Female",0.025,0.025
1413,933,"1 Female",0.1,0.1
1414,934,"1 Female",0.15,0.126845353047495
1415,935,"1 Female",0.125,0.125
1416,936,"1 Female",0.1,0.1
1417,937,"1 Female",0,0
1418,938,"1 Female",0.075,0.075
1419,939,"1 Female",0,0
1420,940,"1 Female",0.05,0.05
1421,941,"1 Female",0.025,0.025
1422,942,"1 Female",0,0
1423,943,"1 Female",0.05,0.05
1424,944,"1 Female",0.075,0.075
1425,945,"1 Female",0.025,0.025
1426,946,"1 Female",0.025,0.025
1427,947,"1 Female",0,0
1428,948,"1 Female",0.05,0.05
1429,949,"1 Female",0.025,0.025
1430,950,"1 Female",0.025,0.025
1431,951,"1 Female",0,0
1432,952,"1 Female",0,0
1433,953,"1 Female",0,0
1434,954,"1 Female",0.05,0.05
1435,955,"1 Female",0.075,0.075
1436,956,"1 Female",0.15,0.110650755729863
1437,957,"1 Female",0.125,0.102453867041683
1438,958,"1 Female",0.175,0.112588996137642
1439,959,"1 Female",0.2,0.125064086135971
0,960,"3 Male",0.0571428571428571,0.0571428571428571
1,961,"3 Male",0.0857142857142857,0.0857142857142857
2,962,"3 Male",0.0571428571428571,0.0571428571428571
3,963,"3 Male",0.257142857142857,0.189394688783122
4,964,"3 Male",0.314285714285714,0.22741303101333
5,965,"3 Male",0.314285714285714,0.286301916715564
6,966,"3 Male",0.228571428571429,0.130195162399088
7,967,"3 Male",0.285714285714286,0.176670554971669
8,968,"3 Male",0.2,0.10690449676497
9,969,"3 Male",0.371428571428571,0.17434494103181
10,970,"3 Male",0.257142857142857,0.165731671067174
11,971,"3 Male",0.142857142857143,0.0834433047886145
12,972,"3 Male",0.171428571428571,0.119422379317583
13,973,"3 Male",0.285714285714286,0.207309408557235
14,974,"3 Male",0.228571428571429,0.164422668527093
15,975,"3 Male",0.142857142857143,0.101607724371038
16,976,"3 Male",0.2,0.2
17,977,"3 Male",0.257142857142857,0.165731671067174
18,978,"3 Male",0.2,0.12833778958395
19,979,"3 Male",0.285714285714286,0.161772890767504
20,980,"3 Male",0.4,0.21380899352994
21,981,"3 Male",0.228571428571429,0.101134026106423
22,982,"3 Male",0.0857142857142857,0.0631315629277074
23,983,"3 Male",0.114285714285714,0.0895500289395443
24,984,"3 Male",0.4,0.21380899352994
25,985,"3 Male",0.228571428571429,0.101134026106423
26,986,"3 Male",0.228571428571429,0.142520612017841
27,987,"3 Male",0.628571428571429,0.441703566678294
28,988,"3 Male",1.02857142857143,0.889231293262426
29,989,"3 Male",0.342857142857143,0.168746526352581
30,990,"3 Male",0.171428571428571,0.0868275048947193
31,991,"3 Male",0.171428571428571,0.144859910801792
32,992,"3 Male",0.514285714285714,0.378789377566244
33,993,"3 Male",0.342857142857143,0.158474116556134
34,994,"3 Male",0.2,0.0987314496989884
35,995,"3 Male",0.285714285714286,0.14535629116262
36,996,"3 Male",0.142857142857143,0.0834433047886145
37,997,"3 Male",0.314285714285714,0.134548286115129
38,998,"3 Male",0.2,0.172962326494976
39,999,"3 Male",0.228571428571429,0.123572278619508
40,1000,"3 Male",0.857142857142857,0.540996368590706
41,1001,"3 Male",0.0571428571428571,0.0571428571428571
42,1002,"3 Male",0.342857142857143,0.228045613684562
43,1003,"3 Male",0.342857142857143,0.163690921822668
44,1004,"3 Male",0.0571428571428571,0.0571428571428571
45,1005,"3 Male",0.114285714285714,0.0682485395100738
46,1006,"3 Male",0.228571428571429,0.130195162399088
47,1007,"3 Male",0.0571428571428571,0.0571428571428571
48,1008,"3 Male",0.114285714285714,0.0895500289395443
49,1009,"3 Male",0.0571428571428571,0.0571428571428571
50,1010,"3 Male",0.0285714285714286,0.0285714285714286
51,1011,"3 Male",0,0
52,1012,"3 Male",0.0571428571428571,0.0571428571428571
53,1013,"3 Male",0.114285714285714,0.114285714285714
54,1014,"3 Male",0.0285714285714286,0.0285714285714286
55,1015,"3 Male",0.0285714285714286,0.0285714285714286
56,1016,"3 Male",0,0
57,1017,"3 Male",0.0285714285714286,0.0285714285714286
58,1018,"3 Male",0.0285714285714286,0.0285714285714286
59,1019,"3 Male",0,0
60,1020,"3 Male",0.142857142857143,0.142857142857143
61,1021,"3 Male",0.0857142857142857,0.0857142857142857
62,1022,"3 Male",0.0571428571428571,0.0571428571428571
63,1023,"3 Male",0.0571428571428571,0.0571428571428571
64,1024,"3 Male",0,0
65,1025,"3 Male",0.114285714285714,0.114285714285714
66,1026,"3 Male",0.114285714285714,0.0796149195450555
67,1027,"3 Male",0.114285714285714,0.114285714285714
68,1028,"3 Male",0.0857142857142857,0.0857142857142857
69,1029,"3 Male",0,0
70,1030,"3 Male",0.314285714285714,0.234687092130106
71,1031,"3 Male",0.0571428571428571,0.0571428571428571
72,1032,"3 Male",0,0
73,1033,"3 Male",0.0285714285714286,0.0285714285714286
74,1034,"3 Male",0,0
75,1035,"3 Male",0,0
76,1036,"3 Male",0,0
77,1037,"3 Male",0.0571428571428571,0.0571428571428571
78,1038,"3 Male",0,0
79,1039,"3 Male",0,0
80,1040,"3 Male",0.0571428571428571,0.0571428571428571
81,1041,"3 Male",0.0285714285714286,0.0285714285714286
82,1042,"3 Male",0,0
83,1043,"3 Male",0.114285714285714,0.114285714285714
84,1044,"3 Male",0,0
85,1045,"3 Male",0,0
86,1046,"3 Male",0,0
87,1047,"3 Male",0.0285714285714286,0.0285714285714286
88,1048,"3 Male",0.114285714285714,0.0895500289395443
89,1049,"3 Male",0.0857142857142857,0.0480096028809603
90,1050,"3 Male",0.0857142857142857,0.0631315629277074
91,1051,"3 Male",0,0
92,1052,"3 Male",0.0571428571428571,0.0571428571428571
93,1053,"3 Male",0.114285714285714,0.114285714285714
94,1054,"3 Male",0.0571428571428571,0.0571428571428571
95,1055,"3 Male",0.228571428571429,0.130195162399088
96,1056,"3 Male",0.114285714285714,0.0895500289395443
97,1057,"3 Male",0.0571428571428571,0.0571428571428571
98,1058,"3 Male",0.114285714285714,0.0895500289395443
99,1059,"3 Male",0.0857142857142857,0.0631315629277074
100,1060,"3 Male",0.371428571428571,0.317780417517353
101,1061,"3 Male",0.114285714285714,0.0682485395100738
102,1062,"3 Male",0.114285714285714,0.0796149195450555
103,1063,"3 Male",0.228571428571429,0.164422668527093
104,1064,"3 Male",0.257142857142857,0.149749691111518
105,1065,"3 Male",0.228571428571429,0.142520612017841
106,1066,"3 Male",0.114285714285714,0.0895500289395443
107,1067,"3 Male",0.114285714285714,0.114285714285714
108,1068,"3 Male",0.142857142857143,0.101607724371038
109,1069,"3 Male",0.657142857142857,0.382259661721704
110,1070,"3 Male",0.371428571428571,0.18373215015669
111,1071,"3 Male",0.342857142857143,0.168746526352581
112,1072,"3 Male",0.571428571428571,0.440178944295613
113,1073,"3 Male",0.342857142857143,0.268650086818633
114,1074,"3 Male",0.371428571428571,0.224864905421624
115,1075,"3 Male",0.228571428571429,0.148299686846762
116,1076,"3 Male",0.228571428571429,0.130195162399088
117,1077,"3 Male",0,0
118,1078,"3 Male",0.228571428571429,0.142520612017841
119,1079,"3 Male",0.285714285714286,0.171848225842137
120,1080,"3 Male",0.228571428571429,0.164422668527093
121,1081,"3 Male",0.0857142857142857,0.0631315629277074
122,1082,"3 Male",0.2,0.152293392210313
123,1083,"3 Male",0.228571428571429,0.142520612017841
124,1084,"3 Male",0.171428571428571,0.126263125855415
125,1085,"3 Male",0.371428571428571,0.221096253747929
126,1086,"3 Male",0.0857142857142857,0.0857142857142857
127,1087,"3 Male",0.0857142857142857,0.0857142857142857
128,1088,"3 Male",0.0285714285714286,0.0285714285714286
129,1089,"3 Male",0.0857142857142857,0.0857142857142857
130,1090,"3 Male",0.314285714285714,0.162808484548737
131,1091,"3 Male",0.171428571428571,0.119422379317583
132,1092,"3 Male",0.2,0.12833778958395
133,1093,"3 Male",0.0571428571428571,0.0571428571428571
134,1094,"3 Male",0.342857142857143,0.262319508633735
135,1095,"3 Male",0.0285714285714286,0.0285714285714286
136,1096,"3 Male",0.228571428571429,0.130195162399088
137,1097,"3 Male",0.257142857142857,0.131844427949279
138,1098,"3 Male",0.114285714285714,0.0682485395100738
139,1099,"3 Male",0.314285714285714,0.186842083015562
140,1100,"3 Male",0.228571428571429,0.164422668527093
141,1101,"3 Male",0.142857142857143,0.116984931464167
142,1102,"3 Male",0.228571428571429,0.109127281215112
143,1103,"3 Male",0.342857142857143,0.147487969273538
144,1104,"3 Male",0.657142857142857,0.496953503976021
145,1105,"3 Male",0.314285714285714,0.234687092130106
146,1106,"3 Male",0.371428571428571,0.217262240512384
147,1107,"3 Male",0.342857142857143,0.147487969273538
148,1108,"3 Male",0.571428571428571,0.29643743026147
149,1109,"3 Male",0.342857142857143,0.173655009789439
150,1110,"3 Male",0.257142857142857,0.118412873639049
151,1111,"3 Male",0.285714285714286,0.151026897105978
152,1112,"3 Male",0.142857142857143,0.0834433047886145
153,1113,"3 Male",0.114285714285714,0.0682485395100738
154,1114,"3 Male",0.6,0.225291594430437
155,1115,"3 Male",0.257142857142857,0.111089767190997
156,1116,"3 Male",0.571428571428571,0.460700442759917
157,1117,"3 Male",0.828571428571429,0.54462339819213
158,1118,"3 Male",0.228571428571429,0.11657373535368
159,1119,"3 Male",0.314285714285714,0.162808484548737
160,1120,"3 Male",0.314285714285714,0.12815057170224
161,1121,"3 Male",0.228571428571429,0.130195162399088
162,1122,"3 Male",0.2,0.0987314496989884
163,1123,"3 Male",0.142857142857143,0.0929701962079955
164,1124,"3 Male",0.0571428571428571,0.0398074597725278
165,1125,"3 Male",0.228571428571429,0.109127281215112
166,1126,"3 Male",0.0571428571428571,0.0398074597725278
167,1127,"3 Male",0.142857142857143,0.0726781455813098
168,1128,"3 Male",0.228571428571429,0.130195162399088
169,1129,"3 Male",0.0571428571428571,0.0571428571428571
170,1130,"3 Male",0.0285714285714286,0.0285714285714286
171,1131,"3 Male",0.0571428571428571,0.0571428571428571
172,1132,"3 Male",0.114285714285714,0.0796149195450555
173,1133,"3 Male",0.285714285714286,0.151026897105978
174,1134,"3 Male",0.314285714285714,0.152135656909356
175,1135,"3 Male",0.142857142857143,0.0600120036012004
176,1136,"3 Male",0.228571428571429,0.130195162399088
177,1137,"3 Male",0.0857142857142857,0.0631315629277074
178,1138,"3 Male",0.257142857142857,0.18030253354138
179,1139,"3 Male",0.171428571428571,0.0868275048947193
180,1140,"3 Male",0.314285714285714,0.146507971913933
181,1141,"3 Male",0.314285714285714,0.134548286115129
182,1142,"3 Male",0.142857142857143,0.0726781455813098
183,1143,"3 Male",0.0857142857142857,0.0631315629277074
184,1144,"3 Male",0.142857142857143,0.116984931464167
185,1145,"3 Male",0.514285714285714,0.285125443633926
186,1146,"3 Male",0.114285714285714,0.0682485395100738
187,1147,"3 Male",0.257142857142857,0.125308742362075
188,1148,"3 Male",0.228571428571429,0.123572278619508
189,1149,"3 Male",0.285714285714286,0.120024007202401
190,1150,"3 Male",0.314285714285714,0.162808484548737
191,1151,"3 Male",0.171428571428571,0.0960192057619207
192,1152,"3 Male",0.0857142857142857,0.0480096028809603
193,1153,"3 Male",0.342857142857143,0.187611511458366
194,1154,"3 Male",0.228571428571429,0.101134026106423
195,1155,"3 Male",0.428571428571429,0.189140978436429
196,1156,"3 Male",0.228571428571429,0.109127281215112
197,1157,"3 Male",0.0857142857142857,0.0631315629277074
198,1158,"3 Male",0.171428571428571,0.0960192057619207
199,1159,"3 Male",0.142857142857143,0.0834433047886145
200,1160,"3 Male",0.171428571428571,0.104404789852083
201,1161,"3 Male",0.114285714285714,0.0682485395100738
202,1162,"3 Male",0.2,0.0987314496989884
203,1163,"3 Male",0.171428571428571,0.0868275048947193
204,1164,"3 Male",0.171428571428571,0.104404789852083
205,1165,"3 Male",0.171428571428571,0.0868275048947193
206,1166,"3 Male",0.257142857142857,0.138071088393552
207,1167,"3 Male",0.142857142857143,0.0929701962079955
208,1168,"3 Male",0.0857142857142857,0.0631315629277074
209,1169,"3 Male",0.142857142857143,0.101607724371038
210,1170,"3 Male",0.228571428571429,0.130195162399088
211,1171,"3 Male",0.257142857142857,0.149749691111518
212,1172,"3 Male",0.0857142857142857,0.0631315629277074
213,1173,"3 Male",0.114285714285714,0.0682485395100738
214,1174,"3 Male",0.114285714285714,0.0895500289395443
215,1175,"3 Male",0.0857142857142857,0.0480096028809603
216,1176,"3 Male",0.0857142857142857,0.0480096028809603
217,1177,"3 Male",0.142857142857143,0.0929701962079955
218,1178,"3 Male",0.142857142857143,0.0929701962079955
219,1179,"3 Male",0.685714285714286,0.4011986841375
220,1180,"3 Male",0.771428571428571,0.483484749502195
221,1181,"3 Male",0.371428571428571,0.201196898775381
222,1182,"3 Male",0.0285714285714286,0.0285714285714286
223,1183,"3 Male",0.0285714285714286,0.0285714285714286
224,1184,"3 Male",0.142857142857143,0.0834433047886145
225,1185,"3 Male",0.142857142857143,0.116984931464167
226,1186,"3 Male",0.0571428571428571,0.0398074597725278
227,1187,"3 Male",0.142857142857143,0.101607724371038
228,1188,"3 Male",0.228571428571429,0.153861851632414
229,1189,"3 Male",0.285714285714286,0.185940392415991
230,1190,"3 Male",0.228571428571429,0.179100057879089
231,1191,"3 Male",0.114285714285714,0.0796149195450555
232,1192,"3 Male",0.142857142857143,0.101607724371038
233,1193,"3 Male",0.2,0.146671759524514
234,1194,"3 Male",0.685714285714286,0.329938697059813
235,1195,"3 Male",0.485714285714286,0.35826713795275
236,1196,"3 Male",0.228571428571429,0.130195162399088
237,1197,"3 Male",0.2,0.140825895250516
238,1198,"3 Male",0.171428571428571,0.104404789852083
239,1199,"3 Male",0.228571428571429,0.109127281215112
240,1200,"3 Male",0.0857142857142857,0.0631315629277074
241,1201,"3 Male",0.114285714285714,0.0796149195450555
242,1202,"3 Male",0.2,0.152293392210313
243,1203,"3 Male",0.2,0.11449560558152
244,1204,"3 Male",0.2,0.11449560558152
245,1205,"3 Male",0.2,0.146671759524514
246,1206,"3 Male",0.0285714285714286,0.0285714285714286
247,1207,"3 Male",0.2,0.11449560558152
248,1208,"3 Male",0.228571428571429,0.101134026106423
249,1209,"3 Male",0.228571428571429,0.142520612017841
250,1210,"3 Male",0.314285714285714,0.182289033451513
251,1211,"3 Male",0.457142857142857,0.279082702548805
252,1212,"3 Male",0.114285714285714,0.0796149195450555
253,1213,"3 Male",0.114285714285714,0.0796149195450555
254,1214,"3 Male",0.171428571428571,0.0868275048947193
255,1215,"3 Male",0.314285714285714,0.152135656909356
256,1216,"3 Male",0.285714285714286,0.120024007202401
257,1217,"3 Male",0.285714285714286,0.176670554971669
258,1218,"3 Male",0.114285714285714,0.0682485395100738
259,1219,"3 Male",0.228571428571429,0.136497079020148
260,1220,"3 Male",0.285714285714286,0.161772890767504
261,1221,"3 Male",0.142857142857143,0.0929701962079955
262,1222,"3 Male",0.171428571428571,0.0868275048947193
263,1223,"3 Male",0.285714285714286,0.161772890767504
264,1224,"3 Male",0.0857142857142857,0.0480096028809603
265,1225,"3 Male",0.257142857142857,0.18030253354138
266,1226,"3 Male",0.285714285714286,0.171848225842137
267,1227,"3 Male",0.257142857142857,0.17557998556935
268,1228,"3 Male",0.142857142857143,0.0726781455813098
269,1229,"3 Male",0.171428571428571,0.0868275048947193
270,1230,"3 Male",0.228571428571429,0.142520612017841
271,1231,"3 Male",0.228571428571429,0.130195162399088
272,1232,"3 Male",0.342857142857143,0.216708987155691
273,1233,"3 Male",0.257142857142857,0.160581177370856
274,1234,"3 Male",0.171428571428571,0.0960192057619207
275,1235,"3 Male",0.114285714285714,0.0682485395100738
276,1236,"3 Male",0.171428571428571,0.144859910801792
277,1237,"3 Male",0.342857142857143,0.262319508633735
278,1238,"3 Male",0.2,0.152293392210313
279,1239,"3 Male",0.142857142857143,0.101607724371038
280,1240,"3 Male",0.228571428571429,0.153861851632414
281,1241,"3 Male",0.114285714285714,0.0895500289395443
282,1242,"3 Male",0.314285714285714,0.219898481433717
283,1243,"3 Male",0.114285714285714,0.0895500289395443
284,1244,"3 Male",0.171428571428571,0.104404789852083
285,1245,"3 Male",0.0571428571428571,0.0571428571428571
286,1246,"3 Male",0.0857142857142857,0.0857142857142857
287,1247,"3 Male",0,0
288,1248,"3 Male",0.0571428571428571,0.0571428571428571
289,1249,"3 Male",0.0285714285714286,0.0285714285714286
290,1250,"3 Male",0.0285714285714286,0.0285714285714286
291,1251,"3 Male",0.142857142857143,0.116984931464167
292,1252,"3 Male",0.0857142857142857,0.0857142857142857
293,1253,"3 Male",0,0
294,1254,"3 Male",0,0
295,1255,"3 Male",0,0
296,1256,"3 Male",0,0
297,1257,"3 Male",0.0285714285714286,0.0285714285714286
298,1258,"3 Male",0.0285714285714286,0.0285714285714286
299,1259,"3 Male",0.0285714285714286,0.0285714285714286
300,1260,"3 Male",0.0857142857142857,0.0631315629277074
301,1261,"3 Male",0,0
302,1262,"3 Male",0,0
303,1263,"3 Male",0,0
304,1264,"3 Male",0.0285714285714286,0.0285714285714286
305,1265,"3 Male",0.114285714285714,0.0895500289395443
306,1266,"3 Male",0.0285714285714286,0.0285714285714286
307,1267,"3 Male",0,0
308,1268,"3 Male",0,0
309,1269,"3 Male",0.0571428571428571,0.0398074597725278
310,1270,"3 Male",0.114285714285714,0.114285714285714
311,1271,"3 Male",0.285714285714286,0.233969862928334
312,1272,"3 Male",0.342857142857143,0.242337555893424
313,1273,"3 Male",0.114285714285714,0.0796149195450555
314,1274,"3 Male",0.114285714285714,0.114285714285714
315,1275,"3 Male",0.114285714285714,0.0895500289395443
316,1276,"3 Male",0.0571428571428571,0.0571428571428571
317,1277,"3 Male",0,0
318,1278,"3 Male",0.142857142857143,0.142857142857143
319,1279,"3 Male",0.0285714285714286,0.0285714285714286
320,1280,"3 Male",0.342857142857143,0.268650086818633
321,1281,"3 Male",0.142857142857143,0.116984931464167
322,1282,"3 Male",0.2,0.11449560558152
323,1283,"3 Male",0.485714285714286,0.307801716627285
324,1284,"3 Male",0.457142857142857,0.307723703264829
325,1285,"3 Male",0.114285714285714,0.0895500289395443
326,1286,"3 Male",0.171428571428571,0.144859910801792
327,1287,"3 Male",0.142857142857143,0.116984931464167
328,1288,"3 Male",0,0
329,1289,"3 Male",0.142857142857143,0.142857142857143
330,1290,"3 Male",0,0
331,1291,"3 Male",0.0857142857142857,0.0631315629277074
332,1292,"3 Male",0.0857142857142857,0.0857142857142857
333,1293,"3 Male",0.171428571428571,0.126263125855415
334,1294,"3 Male",0.2,0.140825895250516
335,1295,"3 Male",0.371428571428571,0.221096253747929
336,1296,"3 Male",0.342857142857143,0.242337555893424
337,1297,"3 Male",0.6,0.416467739628486
338,1298,"3 Male",0.857142857142857,0.512274311270822
339,1299,"3 Male",0.257142857142857,0.160581177370856
340,1300,"3 Male",0.228571428571429,0.130195162399088
341,1301,"3 Male",0.342857142857143,0.153079630746026
342,1302,"3 Male",0.314285714285714,0.195630540875931
343,1303,"3 Male",0.257142857142857,0.131844427949279
344,1304,"3 Male",0.142857142857143,0.0929701962079955
345,1305,"3 Male",0.2,0.12833778958395
346,1306,"3 Male",0.228571428571429,0.17434494103181
347,1307,"3 Male",0.257142857142857,0.165731671067174
348,1308,"3 Male",0.314285714285714,0.140655300523749
349,1309,"3 Male",0.371428571428571,0.164422668527093
350,1310,"3 Male",0.228571428571429,0.130195162399088
351,1311,"3 Male",0.428571428571429,0.197827334465449
352,1312,"3 Male",0.228571428571429,0.123572278619508
353,1313,"3 Male",0.257142857142857,0.111089767190997
354,1314,"3 Male",0.2,0.10690449676497
355,1315,"3 Male",0.142857142857143,0.101607724371038
356,1316,"3 Male",0.314285714285714,0.167890663558055
357,1317,"3 Male",0.114285714285714,0.0895500289395443
358,1318,"3 Male",0.485714285714286,0.288057617285762
359,1319,"3 Male",0.2,0.0987314496989884
360,1320,"3 Male",0.171428571428571,0.0868275048947193
361,1321,"3 Male",0.142857142857143,0.0726781455813098
362,1322,"3 Male",0.171428571428571,0.0960192057619207
363,1323,"3 Male",0.285714285714286,0.139455294311993
364,1324,"3 Male",0.828571428571429,0.419053985182099
365,1325,"3 Male",0.228571428571429,0.142520612017841
366,1326,"3 Male",0.457142857142857,0.236724344684163
367,1327,"3 Male",0.428571428571429,0.197827334465449
368,1328,"3 Male",0.257142857142857,0.118412873639049
369,1329,"3 Male",0.257142857142857,0.160581177370856
370,1330,"3 Male",0.142857142857143,0.0834433047886145
371,1331,"3 Male",0.371428571428571,0.179100057879089
372,1332,"3 Male",0.2,0.10690449676497
373,1333,"3 Male",0.314285714285714,0.140655300523749
374,1334,"3 Male",0.485714285714286,0.193904717879288
375,1335,"3 Male",0.514285714285714,0.263688855898557
376,1336,"3 Male",0.4,0.170022242736679
377,1337,"3 Male",0.2,0.10690449676497
378,1338,"3 Male",0.171428571428571,0.0868275048947193
379,1339,"3 Male",0.114285714285714,0.0796149195450555
380,1340,"3 Male",0.142857142857143,0.101607724371038
381,1341,"3 Male",0.285714285714286,0.133293311320325
382,1342,"3 Male",0.257142857142857,0.118412873639049
383,1343,"3 Male",0.314285714285714,0.182289033451513
384,1344,"3 Male",0.4,0.18425411754404
385,1345,"3 Male",0.171428571428571,0.104404789852083
386,1346,"3 Male",0.285714285714286,0.181364707875885
387,1347,"3 Male",0.228571428571429,0.142520612017841
388,1348,"3 Male",0.2,0.12833778958395
389,1349,"3 Male",0.428571428571429,0.27281820303778
390,1350,"3 Male",0.485714285714286,0.225930116998834
391,1351,"3 Male",0.257142857142857,0.18030253354138
392,1352,"3 Male",0.342857142857143,0.196365536104246
393,1353,"3 Male",0.2,0.121613798421012
394,1354,"3 Male",0.171428571428571,0.0868275048947193
395,1355,"3 Male",0.542857142857143,0.233147470707359
396,1356,"3 Male",0.485714285714286,0.175716676898398
397,1357,"3 Male",0.257142857142857,0.118412873639049
398,1358,"3 Male",0.228571428571429,0.101134026106423
399,1359,"3 Male",0.457142857142857,0.184904504732438
400,1360,"3 Male",0.142857142857143,0.0726781455813098
401,1361,"3 Male",0.6,0.284619752233299
402,1362,"3 Male",0.371428571428571,0.18373215015669
403,1363,"3 Male",0.571428571428571,0.376373036580818
404,1364,"3 Male",0.457142857142857,0.198069918657707
405,1365,"3 Male",0.257142857142857,0.131844427949279
406,1366,"3 Male",0.228571428571429,0.123572278619508
407,1367,"3 Male",0.285714285714286,0.185940392415991
408,1368,"3 Male",0.485714285714286,0.269987327967268
409,1369,"3 Male",0.371428571428571,0.179100057879089
410,1370,"3 Male",0.2,0.0987314496989884
411,1371,"3 Male",0.571428571428571,0.214145612463424
412,1372,"3 Male",0.228571428571429,0.109127281215112
413,1373,"3 Male",0.285714285714286,0.120024007202401
414,1374,"3 Male",0.2,0.0898177426278144
415,1375,"3 Male",0.257142857142857,0.144028808642881
416,1376,"3 Male",0.571428571428571,0.232941418991713
417,1377,"3 Male",0.314285714285714,0.162808484548737
418,1378,"3 Male",0.485714285714286,0.257236210878785
419,1379,"3 Male",0.371428571428571,0.205331109054956
420,1380,"3 Male",0.342857142857143,0.178428514239954
421,1381,"3 Male",0.6,0.293343519049028
422,1382,"3 Male",0.571428571428571,0.278910588623986
423,1383,"3 Male",0.342857142857143,0.153079630746026
424,1384,"3 Male",1,0.48852375805571
425,1385,"3 Male",0.314285714285714,0.134548286115129
426,1386,"3 Male",0.657142857142857,0.268650086818633
427,1387,"3 Male",0.657142857142857,0.274834884404208
428,1388,"3 Male",0.485714285714286,0.233250428305978
429,1389,"3 Male",0.514285714285714,0.253948411923303
430,1390,"3 Male",0.571428571428571,0.318308856633435
431,1391,"3 Male",0.571428571428571,0.202030508910442
432,1392,"3 Male",0.8,0.324878775064477
433,1393,"3 Male",0.542857142857143,0.170726855133062
434,1394,"3 Male",0.828571428571429,0.448125346895946
435,1395,"3 Male",0.457142857142857,0.222071444113187
436,1396,"3 Male",0.657142857142857,0.20059934206875
437,1397,"3 Male",0.657142857142857,0.249176314151674
438,1398,"3 Male",1.34285714285714,0.755865419908336
439,1399,"3 Male",0.542857142857143,0.333917055928708
440,1400,"3 Male",0.628571428571429,0.262776750585472
441,1401,"3 Male",0.314285714285714,0.195630540875931
442,1402,"3 Male",0.514285714285714,0.236825747278098
443,1403,"3 Male",0.342857142857143,0.163690921822668
444,1404,"3 Male",0.628571428571429,0.369159195205215
445,1405,"3 Male",0.914285714285714,0.360605067082761
446,1406,"3 Male",0.428571428571429,0.160281864571274
447,1407,"3 Male",0.714285714285714,0.247920523221321
448,1408,"3 Male",0.514285714285714,0.206497109961784
449,1409,"3 Male",0.428571428571429,0.221855105587296
450,1410,"3 Male",0.142857142857143,0.0834433047886145
451,1411,"3 Male",0.285714285714286,0.139455294311993
452,1412,"3 Male",0.314285714285714,0.140655300523749
453,1413,"3 Male",0.742857142857143,0.310442506464447
454,1414,"3 Male",0.457142857142857,0.160581177370856
455,1415,"3 Male",0.685714285714286,0.43535251546889
456,1416,"3 Male",0.571428571428571,0.202030508910442
457,1417,"3 Male",0.885714285714286,0.324804863386791
458,1418,"3 Male",0.8,0.265051128728659
459,1419,"3 Male",0.828571428571429,0.381253382485536
460,1420,"3 Male",0.485714285714286,0.222179534381993
461,1421,"3 Male",0.457142857142857,0.210413187523486
462,1422,"3 Male",0.571428571428571,0.26658662264065
463,1423,"3 Male",0.514285714285714,0.233250428305978
464,1424,"3 Male",0.771428571428571,0.235809759121625
465,1425,"3 Male",1.02857142857143,0.273433550177269
466,1426,"3 Male",0.714285714285714,0.176670554971669
467,1427,"3 Male",0.714285714285714,0.285714285714286
468,1428,"3 Male",0.8,0.248694068075212
469,1429,"3 Male",0.828571428571429,0.260850948410993
470,1430,"3 Male",0.885714285714286,0.314285714285714
471,1431,"3 Male",0.228571428571429,0.101134026106423
472,1432,"3 Male",0.628571428571429,0.253001193359906
473,1433,"3 Male",0.685714285714286,0.216043212964322
474,1434,"3 Male",0.914285714285714,0.367529633107978
475,1435,"3 Male",0.628571428571429,0.159229839090111
476,1436,"3 Male",0.714285714285714,0.27060911240512
477,1437,"3 Male",0.742857142857143,0.37872598715871
478,1438,"3 Male",1,0.259281489420866
479,1439,"3 Male",1.02857142857143,0.194399373575582
480,0,"3 Male",1.05714285714286,0.153079630746026
481,1,"3 Male",1.34285714285714,0.265503666413011
482,2,"3 Male",1.4,0.272554057547699
483,3,"3 Male",1.31428571428571,0.212117886089409
484,4,"3 Male",1.25714285714286,0.236724344684163
485,5,"3 Male",1,0.187867287325545
486,6,"3 Male",1,0.196609923922659
487,7,"3 Male",1.14285714285714,0.217483147778919
488,8,"3 Male",1.05714285714286,0.168746526352581
489,9,"3 Male",1.05714285714286,0.163690921822668
490,10,"3 Male",1.37142857142857,0.213359342152045
491,11,"3 Male",1.25714285714286,0.202268052212845
492,12,"3 Male",1.11428571428571,0.177619310458573
493,13,"3 Male",1.14285714285714,0.201435425117324
494,14,"3 Male",1.17142857142857,0.190027482690455
495,15,"3 Male",0.971428571428571,0.150549214632327
496,16,"3 Male",1.02857142857143,0.161327029862406
497,17,"3 Male",1.2,0.168033610083361
498,18,"3 Male",1.2,0.182420697631518
499,19,"3 Male",1.34285714285714,0.204745618530221
500,20,"3 Male",1.28571428571429,0.199037298862639
501,21,"3 Male",1.51428571428571,0.315885918593131
502,22,"3 Male",1.4,0.18425411754404
503,23,"3 Male",1.08571428571429,0.21052726353486
504,24,"3 Male",1.14285714285714,0.269274959105819
505,25,"3 Male",0.914285714285714,0.14990993694775
506,26,"3 Male",1,0.216930457818656
507,27,"3 Male",1.08571428571429,0.19819109940851
508,28,"3 Male",1.17142857142857,0.185552612239126
509,29,"3 Male",1.17142857142857,0.176262382177674
510,30,"3 Male",1.2,0.186970540977121
511,31,"3 Male",1.14285714285714,0.174620150265516
512,32,"3 Male",0.971428571428571,0.150549214632327
513,33,"3 Male",0.971428571428571,0.156031209363121
514,34,"3 Male",0.885714285714286,0.157562464984998
515,35,"3 Male",1.05714285714286,0.187611511458366
516,36,"3 Male",1.2,0.172962326494976
517,37,"3 Male",0.971428571428571,0.138937833179431
518,38,"3 Male",1.11428571428571,0.177619310458573
519,39,"3 Male",0.8,0.177754433574699
520,40,"3 Male",0.685714285714286,0.114285714285714
521,41,"3 Male",1.2,0.248694068075212
522,42,"3 Male",0.885714285714286,0.157562464984998
523,43,"3 Male",0.914285714285714,0.17086742893632
524,44,"3 Male",0.8,0.162955889272955
525,45,"3 Male",1,0.173931310695735
526,46,"3 Male",0.914285714285714,0.229619446119039
527,47,"3 Male",0.742857142857143,0.149749691111518
528,48,"3 Male",0.657142857142857,0.141675787668622
529,49,"3 Male",0.857142857142857,0.2096129171354
530,50,"3 Male",0.742857142857143,0.170726855133062
531,51,"3 Male",0.8,0.172962326494976
532,52,"3 Male",0.742857142857143,0.160581177370856
533,53,"3 Male",0.714285714285714,0.185940392415991
534,54,"3 Male",0.6,0.130930734141595
535,55,"3 Male",0.685714285714286,0.177619310458573
536,56,"3 Male",0.857142857142857,0.213584286170401
537,57,"3 Male",0.571428571428571,0.143695021847389
538,58,"3 Male",0.714285714285714,0.15649215928719
539,59,"3 Male",0.742857142857143,0.149749691111518
540,60,"3 Male",0.6,0.130930734141595
541,61,"3 Male",0.714285714285714,0.14535629116262
542,62,"3 Male",0.742857142857143,0.18030253354138
543,63,"3 Male",0.771428571428571,0.164422668527093
544,64,"3 Male",0.742857142857143,0.138071088393552
545,65,"3 Male",0.914285714285714,0.193904717879288
546,66,"3 Male",0.742857142857143,0.165731671067174
547,67,"3 Male",0.657142857142857,0.141675787668622
548,68,"3 Male",0.657142857142857,0.158474116556134
549,69,"3 Male",0.571428571428571,0.137722863152107
550,70,"3 Male",0.542857142857143,0.138071088393552
551,71,"3 Male",0.685714285714286,0.19128679059073
552,72,"3 Male",0.571428571428571,0.143695021847389
553,73,"3 Male",0.885714285714286,0.195630540875931
554,74,"3 Male",0.542857142857143,0.144028808642881
555,75,"3 Male",0.771428571428571,0.188250299521961
556,76,"3 Male",0.514285714285714,0.138244872085236
557,77,"3 Male",0.714285714285714,0.171848225842137
558,78,"3 Male",0.685714285714286,0.199879915930333
559,79,"3 Male",0.571428571428571,0.170445359714658
560,80,"3 Male",0.942857142857143,0.274834884404208
561,81,"3 Male",0.971428571428571,0.285462073554746
562,82,"3 Male",0.771428571428571,0.232218798179844
563,83,"3 Male",0.914285714285714,0.175716676898398
564,84,"3 Male",1.02857142857143,0.247629820924873
565,85,"3 Male",0.685714285714286,0.157562464984998
566,86,"3 Male",0.571428571428571,0.154950327013326
567,87,"3 Male",0.4,0.124347034037606
568,88,"3 Male",0.457142857142857,0.144028808642881
569,89,"3 Male",0.571428571428571,0.143695021847389
570,90,"3 Male",0.342857142857143,0.115539342805359
571,91,"3 Male",0.914285714285714,0.222179534381993
572,92,"3 Male",0.828571428571429,0.210982950785624
573,93,"3 Male",0.942857142857143,0.352524764355348
574,94,"3 Male",0.571428571428571,0.170445359714658
575,95,"3 Male",0.685714285714286,0.146507971913933
576,96,"3 Male",0.542857142857143,0.149749691111518
577,97,"3 Male",0.371428571428571,0.101134026106423
578,98,"3 Male",0.457142857142857,0.144028808642881
579,99,"3 Male",0.485714285714286,0.132026407922641
580,100,"3 Male",0.571428571428571,0.165441676669912
581,101,"3 Male",0.457142857142857,0.111089767190997
582,102,"3 Male",0.485714285714286,0.14990993694775
583,103,"3 Male",0.342857142857143,0.0999399579651664
584,104,"3 Male",0.4,0.124347034037606
585,105,"3 Male",0.257142857142857,0.0854337144681602
586,106,"3 Male",0.771428571428571,0.249657628709056
587,107,"3 Male",0.4,0.117394687294792
588,108,"3 Male",0.514285714285714,0.144195412294465
589,109,"3 Male",0.342857142857143,0.122596949410668
590,110,"3 Male",0.2,0.0799159222048319
591,111,"3 Male",0.542857142857143,0.222071444113187
592,112,"3 Male",0.428571428571429,0.137722863152107
593,113,"3 Male",0.257142857142857,0.0947607082958686
594,114,"3 Male",0.228571428571429,0.0828658355335869
595,115,"3 Male",0.428571428571429,0.131479712373835
596,116,"3 Male",0.342857142857143,0.122596949410668
597,117,"3 Male",0.457142857142857,0.160581177370856
598,118,"3 Male",0.4,0.18425411754404
599,119,"3 Male",0.971428571428571,0.686589077851323
600,120,"3 Male",1.51428571428571,1.17134658454637
601,121,"3 Male",0.228571428571429,0.101134026106423
602,122,"3 Male",0.257142857142857,0.0947607082958686
603,123,"3 Male",0.342857142857143,0.129269811919525
604,124,"3 Male",0.457142857142857,0.138071088393552
605,125,"3 Male",0.228571428571429,0.101134026106423
606,126,"3 Male",0.371428571428571,0.159229839090111
607,127,"3 Male",0.314285714285714,0.0984879685645957
608,128,"3 Male",0.257142857142857,0.0854337144681602
609,129,"3 Male",0.285714285714286,0.105092424879754
610,130,"3 Male",0.4,0.165005729465078
611,131,"3 Male",0.285714285714286,0.0967664482049397
612,132,"3 Male",0.4,0.124347034037606
613,133,"3 Male",0.257142857142857,0.0854337144681602
614,134,"3 Male",0.285714285714286,0.112805540803696
615,135,"3 Male",0.342857142857143,0.115539342805359
616,136,"3 Male",0.257142857142857,0.111089767190997
617,137,"3 Male",0.514285714285714,0.155414482801912
618,138,"3 Male",0.485714285714286,0.247241686170743
619,139,"3 Male",0.342857142857143,0.108021606482161
620,140,"3 Male",0.428571428571429,0.131479712373835
621,141,"3 Male",0.257142857142857,0.0749549684738748
622,142,"3 Male",0.457142857142857,0.149749691111518
623,143,"3 Male",0.2,0.0799159222048319
624,144,"3 Male",0.685714285714286,0.30061960824195
625,145,"3 Male",0.342857142857143,0.0911445167257563
626,146,"3 Male",0.514285714285714,0.138244872085236
627,147,"3 Male",0.514285714285714,0.165876478146846
628,148,"3 Male",0.6,0.188759773524023
629,149,"3 Male",0.6,0.225291594430437
630,150,"3 Male",0.514285714285714,0.14990993694775
631,151,"3 Male",0.285714285714286,0.105092424879754
632,152,"3 Male",0.257142857142857,0.0947607082958686
633,153,"3 Male",0.2,0.0799159222048319
634,154,"3 Male",0.228571428571429,0.0828658355335869
635,155,"3 Male",0.4,0.10207922446427
636,156,"3 Male",0.342857142857143,0.0999399579651664
637,157,"3 Male",0.428571428571429,0.214145612463424
638,158,"3 Male",0.171428571428571,0.0960192057619207
639,159,"3 Male",0.314285714285714,0.121416212915341
640,160,"3 Male",0.2,0.0987314496989884
641,161,"3 Male",0.0857142857142857,0.0480096028809603
642,162,"3 Male",0.342857142857143,0.135614735713406
643,163,"3 Male",0.228571428571429,0.101134026106423
644,164,"3 Male",0.714285714285714,0.599119001059867
645,165,"3 Male",0.542857142857143,0.430639269077994
646,166,"3 Male",0.228571428571429,0.0828658355335869
647,167,"3 Male",0.114285714285714,0.0545636406075561
648,168,"3 Male",0.142857142857143,0.0600120036012004
649,169,"3 Male",0.2,0.0987314496989884
650,170,"3 Male",0.257142857142857,0.103248554980892
651,171,"3 Male",0.371428571428571,0.188250299521961
652,172,"3 Male",0.257142857142857,0.131844427949279
653,173,"3 Male",0.114285714285714,0.0545636406075561
654,174,"3 Male",0.114285714285714,0.0682485395100738
655,175,"3 Male",0.114285714285714,0.0682485395100738
656,176,"3 Male",0.114285714285714,0.0682485395100738
657,177,"3 Male",0.142857142857143,0.0726781455813098
658,178,"3 Male",0.171428571428571,0.0765398153730131
659,179,"3 Male",0.114285714285714,0.0682485395100738
660,180,"3 Male",0.114285714285714,0.0682485395100738
661,181,"3 Male",0.114285714285714,0.0682485395100738
662,182,"3 Male",0.171428571428571,0.0868275048947193
663,183,"3 Male",0.142857142857143,0.0726781455813098
664,184,"3 Male",0.171428571428571,0.0960192057619207
665,185,"3 Male",0.228571428571429,0.0924522523662189
666,186,"3 Male",0.4,0.221530201670338
667,187,"3 Male",0.257142857142857,0.155259918384955
668,188,"3 Male",0.171428571428571,0.0868275048947193
669,189,"3 Male",0.371428571428571,0.169456443354857
670,190,"3 Male",0.257142857142857,0.0947607082958686
671,191,"3 Male",0.257142857142857,0.125308742362075
672,192,"3 Male",0.2,0.0898177426278144
673,193,"3 Male",0.2,0.0898177426278144
674,194,"3 Male",0.257142857142857,0.118412873639049
675,195,"3 Male",0.228571428571429,0.0924522523662189
676,196,"3 Male",0.114285714285714,0.0682485395100738
677,197,"3 Male",0.0285714285714286,0.0285714285714286
678,198,"3 Male",0.0571428571428571,0.0571428571428571
679,199,"3 Male",0.0571428571428571,0.0571428571428571
680,200,"3 Male",0.285714285714286,0.233969862928334
681,201,"3 Male",0.0857142857142857,0.0480096028809603
682,202,"3 Male",0.114285714285714,0.0682485395100738
683,203,"3 Male",0.142857142857143,0.0834433047886145
684,204,"3 Male",0.171428571428571,0.104404789852083
685,205,"3 Male",0.371428571428571,0.228571428571429
686,206,"3 Male",0.228571428571429,0.0924522523662189
687,207,"3 Male",0.228571428571429,0.101134026106423
688,208,"3 Male",0.257142857142857,0.149749691111518
689,209,"3 Male",0.142857142857143,0.0600120036012004
690,210,"3 Male",0.142857142857143,0.0726781455813098
691,211,"3 Male",0.2,0.0898177426278144
692,212,"3 Male",0.2,0.10690449676497
693,213,"3 Male",0.285714285714286,0.120024007202401
694,214,"3 Male",0.114285714285714,0.0682485395100738
695,215,"3 Male",0.114285714285714,0.0682485395100738
696,216,"3 Male",0.2,0.0898177426278144
697,217,"3 Male",0.257142857142857,0.131844427949279
698,218,"3 Male",0.0571428571428571,0.0571428571428571
699,219,"3 Male",0.114285714285714,0.0682485395100738
700,220,"3 Male",0.114285714285714,0.0545636406075561
701,221,"3 Male",0.257142857142857,0.103248554980892
702,222,"3 Male",0.257142857142857,0.118412873639049
703,223,"3 Male",0.2,0.0987314496989884
704,224,"3 Male",0.114285714285714,0.0545636406075561
705,225,"3 Male",0.257142857142857,0.118412873639049
706,226,"3 Male",0.285714285714286,0.120024007202401
707,227,"3 Male",0.285714285714286,0.0967664482049397
708,228,"3 Male",0.285714285714286,0.112805540803696
709,229,"3 Male",0.285714285714286,0.139455294311993
710,230,"3 Male",0.0857142857142857,0.0480096028809603
711,231,"3 Male",0.171428571428571,0.0960192057619207
712,232,"3 Male",0.0857142857142857,0.0631315629277074
713,233,"3 Male",0.0857142857142857,0.0631315629277074
714,234,"3 Male",0.0571428571428571,0.0398074597725278
715,235,"3 Male",0.0857142857142857,0.0480096028809603
716,236,"3 Male",0.0571428571428571,0.0571428571428571
717,237,"3 Male",0.114285714285714,0.0545636406075561
718,238,"3 Male",0.257142857142857,0.111089767190997
719,239,"3 Male",0.0857142857142857,0.0631315629277074
720,240,"3 Male",0.0285714285714286,0.0285714285714286
721,241,"3 Male",0.0857142857142857,0.0480096028809603
722,242,"3 Male",0,0
723,243,"3 Male",0.0285714285714286,0.0285714285714286
724,244,"3 Male",0.0571428571428571,0.0571428571428571
725,245,"3 Male",0.0285714285714286,0.0285714285714286
726,246,"3 Male",0.114285714285714,0.0682485395100738
727,247,"3 Male",0.114285714285714,0.0895500289395443
728,248,"3 Male",0.114285714285714,0.0682485395100738
729,249,"3 Male",0.171428571428571,0.0868275048947193
730,250,"3 Male",0.171428571428571,0.0868275048947193
731,251,"3 Male",0.2,0.152293392210313
732,252,"3 Male",0.142857142857143,0.0929701962079955
733,253,"3 Male",0.0571428571428571,0.0398074597725278
734,254,"3 Male",0.114285714285714,0.0682485395100738
735,255,"3 Male",0.114285714285714,0.0682485395100738
736,256,"3 Male",0.142857142857143,0.0834433047886145
737,257,"3 Male",0.114285714285714,0.0682485395100738
738,258,"3 Male",0.0857142857142857,0.0631315629277074
739,259,"3 Male",0.371428571428571,0.235809759121625
740,260,"3 Male",0.0857142857142857,0.0480096028809603
741,261,"3 Male",0,0
742,262,"3 Male",0.0857142857142857,0.0857142857142857
743,263,"3 Male",0.0857142857142857,0.0857142857142857
744,264,"3 Male",0.0571428571428571,0.0571428571428571
745,265,"3 Male",0.228571428571429,0.136497079020148
746,266,"3 Male",0.142857142857143,0.101607724371038
747,267,"3 Male",0.0857142857142857,0.0480096028809603
748,268,"3 Male",0.0857142857142857,0.0631315629277074
749,269,"3 Male",0.0285714285714286,0.0285714285714286
750,270,"3 Male",0.0285714285714286,0.0285714285714286
751,271,"3 Male",0.0285714285714286,0.0285714285714286
752,272,"3 Male",0.0571428571428571,0.0398074597725278
753,273,"3 Male",0,0
754,274,"3 Male",0.0857142857142857,0.0631315629277074
755,275,"3 Male",0.0571428571428571,0.0398074597725278
756,276,"3 Male",0.114285714285714,0.0545636406075561
757,277,"3 Male",0.0571428571428571,0.0398074597725278
758,278,"3 Male",0.114285714285714,0.0682485395100738
759,279,"3 Male",0,0
760,280,"3 Male",0.0285714285714286,0.0285714285714286
761,281,"3 Male",0.0285714285714286,0.0285714285714286
762,282,"3 Male",0,0
763,283,"3 Male",0.0285714285714286,0.0285714285714286
764,284,"3 Male",0.0285714285714286,0.0285714285714286
765,285,"3 Male",0,0
766,286,"3 Male",0.0857142857142857,0.0631315629277074
767,287,"3 Male",0.0285714285714286,0.0285714285714286
768,288,"3 Male",0.114285714285714,0.0682485395100738
769,289,"3 Male",0,0
770,290,"3 Male",0.0571428571428571,0.0571428571428571
771,291,"3 Male",0.114285714285714,0.0682485395100738
772,292,"3 Male",0.114285714285714,0.0682485395100738
773,293,"3 Male",0.0285714285714286,0.0285714285714286
774,294,"3 Male",0.0571428571428571,0.0398074597725278
775,295,"3 Male",0.171428571428571,0.104404789852083
776,296,"3 Male",0.0285714285714286,0.0285714285714286
777,297,"3 Male",0,0
778,298,"3 Male",0.142857142857143,0.0726781455813098
779,299,"3 Male",0.114285714285714,0.0682485395100738
780,300,"3 Male",0.0857142857142857,0.0480096028809603
781,301,"3 Male",0.314285714285714,0.157562464984998
782,302,"3 Male",0.371428571428571,0.169456443354857
783,303,"3 Male",0.171428571428571,0.0765398153730131
784,304,"3 Male",0.228571428571429,0.0924522523662189
785,305,"3 Male",0.2,0.0987314496989884
786,306,"3 Male",0.0857142857142857,0.0480096028809603
787,307,"3 Male",0.142857142857143,0.0834433047886145
788,308,"3 Male",0.114285714285714,0.0796149195450555
789,309,"3 Male",0.114285714285714,0.0895500289395443
790,310,"3 Male",0.257142857142857,0.155259918384955
791,311,"3 Male",0.428571428571429,0.26658662264065
792,312,"3 Male",0.142857142857143,0.0726781455813098
793,313,"3 Male",0.142857142857143,0.0929701962079955
794,314,"3 Male",0.142857142857143,0.0726781455813098
795,315,"3 Male",0.171428571428571,0.104404789852083
796,316,"3 Male",0.257142857142857,0.103248554980892
797,317,"3 Male",0.142857142857143,0.0834433047886145
798,318,"3 Male",0.142857142857143,0.0834433047886145
799,319,"3 Male",0.142857142857143,0.0726781455813098
800,320,"3 Male",0.171428571428571,0.0868275048947193
801,321,"3 Male",0.257142857142857,0.160581177370856
802,322,"3 Male",0.0857142857142857,0.0631315629277074
803,323,"3 Male",0.0285714285714286,0.0285714285714286
804,324,"3 Male",0.0571428571428571,0.0571428571428571
805,325,"3 Male",0.0285714285714286,0.0285714285714286
806,326,"3 Male",0.257142857142857,0.118412873639049
807,327,"3 Male",0.285714285714286,0.203215448742075
808,328,"3 Male",0.171428571428571,0.0868275048947193
809,329,"3 Male",0.0571428571428571,0.0571428571428571
810,330,"3 Male",0.171428571428571,0.119422379317583
811,331,"3 Male",0.114285714285714,0.0545636406075561
812,332,"3 Male",0.0571428571428571,0.0398074597725278
813,333,"3 Male",0.171428571428571,0.104404789852083
814,334,"3 Male",0.0857142857142857,0.0480096028809603
815,335,"3 Male",0.114285714285714,0.0895500289395443
816,336,"3 Male",0.0285714285714286,0.0285714285714286
817,337,"3 Male",0.228571428571429,0.228571428571429
818,338,"3 Male",0.114285714285714,0.114285714285714
819,339,"3 Male",0.0285714285714286,0.0285714285714286
820,340,"3 Male",0,0
821,341,"3 Male",0.0571428571428571,0.0398074597725278
822,342,"3 Male",0.0857142857142857,0.0857142857142857
823,343,"3 Male",0.114285714285714,0.0545636406075561
824,344,"3 Male",0.142857142857143,0.0929701962079955
825,345,"3 Male",0.0285714285714286,0.0285714285714286
826,346,"3 Male",0.0571428571428571,0.0398074597725278
827,347,"3 Male",0.0857142857142857,0.0631315629277074
828,348,"3 Male",0,0
829,349,"3 Male",0.0285714285714286,0.0285714285714286
830,350,"3 Male",0,0
831,351,"3 Male",0.0571428571428571,0.0398074597725278
832,352,"3 Male",0,0
833,353,"3 Male",0.0857142857142857,0.0857142857142857
834,354,"3 Male",0.2,0.121613798421012
835,355,"3 Male",0.171428571428571,0.126263125855415
836,356,"3 Male",0.114285714285714,0.0682485395100738
837,357,"3 Male",0.171428571428571,0.104404789852083
838,358,"3 Male",0.0857142857142857,0.0631315629277074
839,359,"3 Male",0.0857142857142857,0.0857142857142857
840,360,"3 Male",0.142857142857143,0.0834433047886145
841,361,"3 Male",0.142857142857143,0.0726781455813098
842,362,"3 Male",0.0857142857142857,0.0631315629277074
843,363,"3 Male",0.0857142857142857,0.0631315629277074
844,364,"3 Male",0.0285714285714286,0.0285714285714286
845,365,"3 Male",0.2,0.0898177426278144
846,366,"3 Male",0.114285714285714,0.0796149195450555
847,367,"3 Male",0.2,0.0898177426278144
848,368,"3 Male",0.2,0.0898177426278144
849,369,"3 Male",0.0285714285714286,0.0285714285714286
850,370,"3 Male",0,0
851,371,"3 Male",0.0571428571428571,0.0398074597725278
852,372,"3 Male",0,0
853,373,"3 Male",0.0571428571428571,0.0398074597725278
854,374,"3 Male",0.0571428571428571,0.0398074597725278
855,375,"3 Male",0.114285714285714,0.0895500289395443
856,376,"3 Male",0.114285714285714,0.0895500289395443
857,377,"3 Male",0.0857142857142857,0.0631315629277074
858,378,"3 Male",0.228571428571429,0.17434494103181
859,379,"3 Male",0.142857142857143,0.0726781455813098
860,380,"3 Male",0.0571428571428571,0.0571428571428571
861,381,"3 Male",0.0857142857142857,0.0631315629277074
862,382,"3 Male",0.285714285714286,0.14535629116262
863,383,"3 Male",0.342857142857143,0.153079630746026
864,384,"3 Male",0.2,0.10690449676497
865,385,"3 Male",0.142857142857143,0.0726781455813098
866,386,"3 Male",0.0857142857142857,0.0631315629277074
867,387,"3 Male",0.142857142857143,0.0929701962079955
868,388,"3 Male",0.0857142857142857,0.0631315629277074
869,389,"3 Male",0.114285714285714,0.0682485395100738
870,390,"3 Male",0.171428571428571,0.0960192057619207
871,391,"3 Male",0.0285714285714286,0.0285714285714286
872,392,"3 Male",0.228571428571429,0.228571428571429
873,393,"3 Male",0.0285714285714286,0.0285714285714286
874,394,"3 Male",0.0571428571428571,0.0571428571428571
875,395,"3 Male",0.0857142857142857,0.0631315629277074
876,396,"3 Male",0.0857142857142857,0.0857142857142857
877,397,"3 Male",0.0571428571428571,0.0571428571428571
878,398,"3 Male",0.0571428571428571,0.0571428571428571
879,399,"3 Male",0.0285714285714286,0.0285714285714286
880,400,"3 Male",0.0285714285714286,0.0285714285714286
881,401,"3 Male",0.0857142857142857,0.0857142857142857
882,402,"3 Male",0.0285714285714286,0.0285714285714286
883,403,"3 Male",0.0857142857142857,0.0631315629277074
884,404,"3 Male",0.142857142857143,0.0929701962079955
885,405,"3 Male",0.2,0.0898177426278144
886,406,"3 Male",0.0285714285714286,0.0285714285714286
887,407,"3 Male",0.228571428571429,0.136497079020148
888,408,"3 Male",0.171428571428571,0.0765398153730131
889,409,"3 Male",0.0285714285714286,0.0285714285714286
890,410,"3 Male",0.0571428571428571,0.0398074597725278
891,411,"3 Male",0.0857142857142857,0.0631315629277074
892,412,"3 Male",0.0285714285714286,0.0285714285714286
893,413,"3 Male",0.285714285714286,0.176670554971669
894,414,"3 Male",0.2,0.10690449676497
895,415,"3 Male",0.228571428571429,0.0924522523662189
896,416,"3 Male",0.0571428571428571,0.0571428571428571
897,417,"3 Male",0.228571428571429,0.130195162399088
898,418,"3 Male",0.114285714285714,0.0545636406075561
899,419,"3 Male",0.0857142857142857,0.0480096028809603
900,420,"3 Male",0.0285714285714286,0.0285714285714286
901,421,"3 Male",0,0
902,422,"3 Male",0.0285714285714286,0.0285714285714286
903,423,"3 Male",0.142857142857143,0.101607724371038
904,424,"3 Male",0.0285714285714286,0.0285714285714286
905,425,"3 Male",0,0
906,426,"3 Male",0.0285714285714286,0.0285714285714286
907,427,"3 Male",0.0285714285714286,0.0285714285714286
908,428,"3 Male",0,0
909,429,"3 Male",0.0571428571428571,0.0398074597725278
910,430,"3 Male",0,0
911,431,"3 Male",0,0
912,432,"3 Male",0,0
913,433,"3 Male",0.0571428571428571,0.0571428571428571
914,434,"3 Male",0.142857142857143,0.142857142857143
915,435,"3 Male",0.4,0.124347034037606
916,436,"3 Male",0.542857142857143,0.229514859711373
917,437,"3 Male",0.371428571428571,0.130195162399088
918,438,"3 Male",0.4,0.130930734141595
919,439,"3 Male",0.4,0.159831844409664
920,440,"3 Male",0.4,0.159831844409664
921,441,"3 Male",0.4,0.174894926439041
922,442,"3 Male",0.428571428571429,0.154950327013326
923,443,"3 Male",0.257142857142857,0.0947607082958686
924,444,"3 Male",0.457142857142857,0.155259918384955
925,445,"3 Male",0.342857142857143,0.115539342805359
926,446,"3 Male",0.428571428571429,0.154950327013326
927,447,"3 Male",0.4,0.143192882786374
928,448,"3 Male",0.514285714285714,0.185034307840549
929,449,"3 Male",0.257142857142857,0.118412873639049
930,450,"3 Male",0.342857142857143,0.135614735713406
931,451,"3 Male",0.257142857142857,0.0947607082958686
932,452,"3 Male",0.314285714285714,0.12815057170224
933,453,"3 Male",0.228571428571429,0.0828658355335869
934,454,"3 Male",0.257142857142857,0.0947607082958686
935,455,"3 Male",0.371428571428571,0.123572278619508
936,456,"3 Male",0.228571428571429,0.109127281215112
937,457,"3 Male",0.228571428571429,0.0924522523662189
938,458,"3 Male",0.314285714285714,0.114285714285714
939,459,"3 Male",0.257142857142857,0.103248554980892
940,460,"3 Male",0.228571428571429,0.0924522523662189
941,461,"3 Male",0.171428571428571,0.0868275048947193
942,462,"3 Male",0.171428571428571,0.0765398153730131
943,463,"3 Male",0.171428571428571,0.0765398153730131
944,464,"3 Male",0.428571428571429,0.206148002172031
945,465,"3 Male",0.428571428571429,0.206148002172031
946,466,"3 Male",0.4,0.159831844409664
947,467,"3 Male",0.285714285714286,0.112805540803696
948,468,"3 Male",0.314285714285714,0.106679671076023
949,469,"3 Male",0.457142857142857,0.225823821948491
950,470,"3 Male",0.285714285714286,0.120024007202401
951,471,"3 Male",0.428571428571429,0.143695021847389
952,472,"3 Male",0.4,0.143192882786374
953,473,"3 Male",0.342857142857143,0.187611511458366
954,474,"3 Male",0.4,0.263141972096797
955,475,"3 Male",0.2,0.0898177426278144
956,476,"3 Male",0.171428571428571,0.0868275048947193
957,477,"3 Male",0.257142857142857,0.118412873639049
958,478,"3 Male",0.314285714285714,0.114285714285714
959,479,"3 Male",0.257142857142857,0.0947607082958686
960,480,"3 Male",0.285714285714286,0.112805540803696
961,481,"3 Male",0.257142857142857,0.0854337144681602
962,482,"3 Male",0.2,0.0987314496989884
963,483,"3 Male",0.2,0.0987314496989884
964,484,"3 Male",0.257142857142857,0.111089767190997
965,485,"3 Male",0.171428571428571,0.0646349059597627
966,486,"3 Male",0.171428571428571,0.0868275048947193
967,487,"3 Male",0.228571428571429,0.0828658355335869
968,488,"3 Male",0.0857142857142857,0.0631315629277074
969,489,"3 Male",0.114285714285714,0.0545636406075561
970,490,"3 Male",0.314285714285714,0.140655300523749
971,491,"3 Male",0.142857142857143,0.0726781455813098
972,492,"3 Male",0.228571428571429,0.0924522523662189
973,493,"3 Male",0.342857142857143,0.122596949410668
974,494,"3 Male",0.228571428571429,0.0828658355335869
975,495,"3 Male",0.514285714285714,0.132026407922641
976,496,"3 Male",0.628571428571429,0.17434494103181
977,497,"3 Male",0.742857142857143,0.229514859711373
978,498,"3 Male",0.514285714285714,0.138244872085236
979,499,"3 Male",0.628571428571429,0.164422668527093
980,500,"3 Male",0.6,0.18425411754404
981,501,"3 Male",0.542857142857143,0.149749691111518
982,502,"3 Male",0.428571428571429,0.11800665332129
983,503,"3 Male",0.571428571428571,0.170445359714658
984,504,"3 Male",0.457142857142857,0.125308742362075
985,505,"3 Male",0.314285714285714,0.106679671076023
986,506,"3 Male",0.342857142857143,0.0999399579651664
987,507,"3 Male",0.657142857142857,0.187611511458366
988,508,"3 Male",0.542857142857143,0.131844427949279
989,509,"3 Male",0.371428571428571,0.164422668527093
990,510,"3 Male",0.342857142857143,0.108021606482161
991,511,"3 Male",0.371428571428571,0.101134026106423
992,512,"3 Male",0.314285714285714,0.114285714285714
993,513,"3 Male",0.342857142857143,0.108021606482161
994,514,"3 Male",0.457142857142857,0.160581177370856
995,515,"3 Male",0.457142857142857,0.155259918384955
996,516,"3 Male",0.314285714285714,0.0984879685645957
997,517,"3 Male",0.428571428571429,0.149428683901817
998,518,"3 Male",0.285714285714286,0.105092424879754
999,519,"3 Male",0.342857142857143,0.122596949410668
1000,520,"3 Male",0.371428571428571,0.11657373535368
1001,521,"3 Male",0.228571428571429,0.0924522523662189
1002,522,"3 Male",0.314285714285714,0.121416212915341
1003,523,"3 Male",0.228571428571429,0.0924522523662189
1004,524,"3 Male",0.485714285714286,0.160730624753012
1005,525,"3 Male",0.742857142857143,0.490828243834825
1006,526,"3 Male",0.2,0.0799159222048319
1007,527,"3 Male",0.171428571428571,0.0765398153730131
1008,528,"3 Male",0.228571428571429,0.0924522523662189
1009,529,"3 Male",0.342857142857143,0.122596949410668
1010,530,"3 Male",0.314285714285714,0.106679671076023
1011,531,"3 Male",0.4,0.154484776656107
1012,532,"3 Male",0.257142857142857,0.0947607082958686
1013,533,"3 Male",0.571428571428571,0.221855105587296
1014,534,"3 Male",0.285714285714286,0.120024007202401
1015,535,"3 Male",0.428571428571429,0.137722863152107
1016,536,"3 Male",0.457142857142857,0.160581177370856
1017,537,"3 Male",0.4,0.124347034037606
1018,538,"3 Male",0.428571428571429,0.137722863152107
1019,539,"3 Male",0.485714285714286,0.138244872085236
1020,540,"3 Male",0.342857142857143,0.108021606482161
1021,541,"3 Male",0.514285714285714,0.118615462108194
1022,542,"3 Male",0.342857142857143,0.108021606482161
1023,543,"3 Male",0.371428571428571,0.123572278619508
1024,544,"3 Male",0.4,0.143192882786374
1025,545,"3 Male",0.371428571428571,0.109127281215112
1026,546,"3 Male",0.742857142857143,0.243720659575592
1027,547,"3 Male",0.514285714285714,0.14990993694775
1028,548,"3 Male",0.742857142857143,0.30221272807942
1029,549,"3 Male",0.542857142857143,0.138071088393552
1030,550,"3 Male",0.285714285714286,0.0774751635066629
1031,551,"3 Male",0.4,0.124347034037606
1032,552,"3 Male",0.485714285714286,0.240347887119353
1033,553,"3 Male",0.514285714285714,0.225930116998834
1034,554,"3 Male",0.342857142857143,0.0999399579651664
1035,555,"3 Male",0.514285714285714,0.125500199681307
1036,556,"3 Male",0.571428571428571,0.137722863152107
1037,557,"3 Male",0.485714285714286,0.155414482801912
1038,558,"3 Male",0.514285714285714,0.144195412294465
1039,559,"3 Male",0.514285714285714,0.132026407922641
1040,560,"3 Male",0.285714285714286,0.105092424879754
1041,561,"3 Male",0.8,0.220007639286771
1042,562,"3 Male",0.514285714285714,0.144195412294465
1043,563,"3 Male",0.485714285714286,0.14990993694775
1044,564,"3 Male",0.457142857142857,0.144028808642881
1045,565,"3 Male",0.571428571428571,0.143695021847389
1046,566,"3 Male",0.628571428571429,0.159229839090111
1047,567,"3 Male",0.485714285714286,0.125500199681307
1048,568,"3 Male",0.742857142857143,0.160581177370856
1049,569,"3 Male",0.571428571428571,0.143695021847389
1050,570,"3 Male",0.657142857142857,0.135614735713406
1051,571,"3 Male",0.571428571428571,0.124924947456458
1052,572,"3 Male",0.571428571428571,0.149428683901817
1053,573,"3 Male",0.4,0.117394687294792
1054,574,"3 Male",0.571428571428571,0.175306283165113
1055,575,"3 Male",0.542857142857143,0.149749691111518
1056,576,"3 Male",0.6,0.201673669346206
1057,577,"3 Male",0.457142857142857,0.125308742362075
1058,578,"3 Male",0.428571428571429,0.11800665332129
1059,579,"3 Male",0.6,0.165005729465078
1060,580,"3 Male",0.657142857142857,0.147487969273538
1061,581,"3 Male",0.514285714285714,0.125500199681307
1062,582,"3 Male",0.628571428571429,0.159229839090111
1063,583,"3 Male",0.542857142857143,0.149749691111518
1064,584,"3 Male",0.371428571428571,0.109127281215112
1065,585,"3 Male",0.457142857142857,0.111089767190997
1066,586,"3 Male",0.428571428571429,0.124924947456458
1067,587,"3 Male",0.514285714285714,0.17086742893632
1068,588,"3 Male",0.485714285714286,0.125500199681307
1069,589,"3 Male",0.628571428571429,0.159229839090111
1070,590,"3 Male",0.571428571428571,0.137722863152107
1071,591,"3 Male",0.457142857142857,0.131844427949279
1072,592,"3 Male",0.571428571428571,0.154950327013326
1073,593,"3 Male",0.571428571428571,0.154950327013326
1074,594,"3 Male",0.485714285714286,0.132026407922641
1075,595,"3 Male",0.485714285714286,0.132026407922641
1076,596,"3 Male",0.6,0.143192882786374
1077,597,"3 Male",0.485714285714286,0.132026407922641
1078,598,"3 Male",0.485714285714286,0.132026407922641
1079,599,"3 Male",0.428571428571429,0.11800665332129
1080,600,"3 Male",0.828571428571429,0.226354798044661
1081,601,"3 Male",0.6,0.117394687294792
1082,602,"3 Male",0.571428571428571,0.137722863152107
1083,603,"3 Male",0.542857142857143,0.131844427949279
1084,604,"3 Male",0.428571428571429,0.110656667034498
1085,605,"3 Male",0.628571428571429,0.153861851632414
1086,606,"3 Male",0.428571428571429,0.110656667034498
1087,607,"3 Male",0.657142857142857,0.158474116556134
1088,608,"3 Male",0.514285714285714,0.155414482801912
1089,609,"3 Male",1,0.224544356569536
1090,610,"3 Male",0.657142857142857,0.115539342805359
1091,611,"3 Male",0.628571428571429,0.130195162399088
1092,612,"3 Male",0.857142857142857,0.179367971354027
1093,613,"3 Male",0.771428571428571,0.153861851632414
1094,614,"3 Male",1,0.158776837207489
1095,615,"3 Male",0.885714285714286,0.172823456680138
1096,616,"3 Male",0.457142857142857,0.103248554980892
1097,617,"3 Male",1.05714285714286,0.280883531420568
1098,618,"3 Male",0.742857142857143,0.131844427949279
1099,619,"3 Male",0.685714285714286,0.12815057170224
1100,620,"3 Male",1.02857142857143,0.144859910801792
1101,621,"3 Male",0.942857142857143,0.153079630746026
1102,622,"3 Male",0.885714285714286,0.140655300523749
1103,623,"3 Male",0.6,0.124347034037606
1104,624,"3 Male",0.914285714285714,0.17086742893632
1105,625,"3 Male",0.885714285714286,0.182289033451513
1106,626,"3 Male",0.685714285714286,0.146507971913933
1107,627,"3 Male",0.857142857142857,0.183993318945462
1108,628,"3 Male",0.914285714285714,0.14990993694775
1109,629,"3 Male",0.8,0.162955889272955
1110,630,"3 Male",1.02857142857143,0.233661805042361
1111,631,"3 Male",1,0.192288298957493
1112,632,"3 Male",0.857142857142857,0.169739578796001
1113,633,"3 Male",0.657142857142857,0.135614735713406
1114,634,"3 Male",1.05714285714286,0.25252625171083
1115,635,"3 Male",0.942857142857143,0.204745618530221
1116,636,"3 Male",0.942857142857143,0.204745618530221
1117,637,"3 Male",0.885714285714286,0.289222163369119
1118,638,"3 Male",0.657142857142857,0.108021606482161
1119,639,"3 Male",0.971428571428571,0.144859910801792
1120,640,"3 Male",0.857142857142857,0.154173628753822
1121,641,"3 Male",0.8,0.152293392210313
1122,642,"3 Male",1.14285714285714,0.205564838338429
1123,643,"3 Male",1.14285714285714,0.243030091655704
1124,644,"3 Male",1.02857142857143,0.176262382177674
1125,645,"3 Male",0.942857142857143,0.141675787668622
1126,646,"3 Male",1.02857142857143,0.206961670976298
1127,647,"3 Male",0.857142857142857,0.148623132567624
1128,648,"3 Male",0.942857142857143,0.158474116556134
1129,649,"3 Male",1.4,0.59578350362634
1130,650,"3 Male",0.971428571428571,0.233661805042361
1131,651,"3 Male",0.8,0.172962326494976
1132,652,"3 Male",0.657142857142857,0.147487969273538
1133,653,"3 Male",0.942857142857143,0.228045613684562
1134,654,"3 Male",0.828571428571429,0.161327029862406
1135,655,"3 Male",1.08571428571429,0.243819152470934
1136,656,"3 Male",0.942857142857143,0.135614735713406
1137,657,"3 Male",0.657142857142857,0.115539342805359
1138,658,"3 Male",0.685714285714286,0.140655300523749
1139,659,"3 Male",0.971428571428571,0.166454446720817
1140,660,"3 Male",1.14285714285714,0.236013306642581
1141,661,"3 Male",0.942857142857143,0.135614735713406
1142,662,"3 Male",1.02857142857143,0.247629820924873
1143,663,"3 Male",1,0.178697434534589
1144,664,"3 Male",0.971428571428571,0.194399373575582
1145,665,"3 Male",0.828571428571429,0.176262382177674
1146,666,"3 Male",0.914285714285714,0.155414482801912
1147,667,"3 Male",0.971428571428571,0.180967123091063
1148,668,"3 Male",0.942857142857143,0.147487969273538
1149,669,"3 Male",0.971428571428571,0.166454446720817
1150,670,"3 Male",0.885714285714286,0.152135656909356
1151,671,"3 Male",1.05714285714286,0.173655009789439
1152,672,"3 Male",0.942857142857143,0.158474116556134
1153,673,"3 Male",0.857142857142857,0.148623132567624
1154,674,"3 Male",1.48571428571429,0.618172188586559
1155,675,"3 Male",1.05714285714286,0.129269811919525
1156,676,"3 Male",0.971428571428571,0.138937833179431
1157,677,"3 Male",0.885714285714286,0.157562464984998
1158,678,"3 Male",1.02857142857143,0.161327029862406
1159,679,"3 Male",0.914285714285714,0.125500199681307
1160,680,"3 Male",0.971428571428571,0.132751833206506
1161,681,"3 Male",1.22857142857143,0.148299686846762
1162,682,"3 Male",1.34285714285714,0.183077598200285
1163,683,"3 Male",0.857142857142857,0.116984931464167
1164,684,"3 Male",1.08571428571429,0.160730624753012
1165,685,"3 Male",0.914285714285714,0.206497109961784
1166,686,"3 Male",0.828571428571429,0.119422379317583
1167,687,"3 Male",1.11428571428571,0.140655300523749
1168,688,"3 Male",0.8,0.152293392210313
1169,689,"3 Male",0.971428571428571,0.161327029862406
1170,690,"3 Male",1.08571428571429,0.19819109940851
1171,691,"3 Male",1.11428571428571,0.167890663558055
1172,692,"3 Male",0.885714285714286,0.12815057170224
1173,693,"3 Male",1.05714285714286,0.147487969273538
1174,694,"3 Male",1.05714285714286,0.141675787668622
1175,695,"3 Male",1.22857142857143,0.262776750585472
1176,696,"3 Male",1.6,0.51726494682134
1177,697,"3 Male",0.971428571428571,0.132751833206506
1178,698,"3 Male",1.02857142857143,0.150549214632327
1179,699,"3 Male",1.2,0.172962326494976
1180,700,"3 Male",1.25714285714286,0.160581177370856
1181,701,"3 Male",1,0.192288298957493
1182,702,"3 Male",1.4,0.61793910662443
1183,703,"3 Male",1.25714285714286,0.184904504732438
1184,704,"3 Male",1.25714285714286,0.193780856660722
1185,705,"3 Male",1.11428571428571,0.157562464984998
1186,706,"3 Male",1.4,0.201673669346206
1187,707,"3 Male",1.2,0.152293392210313
1188,708,"3 Male",1.2,0.140825895250516
1189,709,"3 Male",0.942857142857143,0.173655009789439
1190,710,"3 Male",0.942857142857143,0.135614735713406
1191,711,"3 Male",1.22857142857143,0.196975937129191
1192,712,"3 Male",1.17142857142857,0.132751833206506
1193,713,"3 Male",1.05714285714286,0.216708987155691
1194,714,"3 Male",1.08571428571429,0.125500199681307
1195,715,"3 Male",1.05714285714286,0.141675787668622
1196,716,"3 Male",1.25714285714286,0.155259918384955
1197,717,"3 Male",1.25714285714286,0.18030253354138
1198,718,"3 Male",2.42857142857143,0.50257440485262
1199,719,"3 Male",2.6,0.225291594430437
1200,720,"3 Male",2.42857142857143,0.197827334465449
1201,721,"3 Male",1.94285714285714,0.238844758635167
1202,722,"3 Male",2.22857142857143,0.416237073457577
1203,723,"3 Male",1.88571428571429,0.216043212964322
1204,724,"3 Male",1.88571428571429,0.212117886089409
1205,725,"3 Male",1.68571428571429,0.208118536728788
1206,726,"3 Male",1.97142857142857,0.226354798044661
1207,727,"3 Male",2,0.357394869069178
1208,728,"3 Male",1.8,0.349789852878083
1209,729,"3 Male",1.37142857142857,0.293015943827866
1210,730,"3 Male",1.05714285714286,0.183077598200285
1211,731,"3 Male",1.88571428571429,0.352115881831103
1212,732,"3 Male",1.91428571428571,0.804787595101522
1213,733,"3 Male",1.91428571428571,0.690111948745072
1214,734,"3 Male",1.31428571428571,0.248597506600761
1215,735,"3 Male",0.914285714285714,0.19819109940851
1216,736,"3 Male",0.942857142857143,0.212795941796685
1217,737,"3 Male",1,0.281054437144578
1218,738,"3 Male",0.714285714285714,0.161772890767504
1219,739,"3 Male",0.628571428571429,0.164422668527093
1220,740,"3 Male",0.6,0.165005729465078
1221,741,"3 Male",0.628571428571429,0.188250299521961
1222,742,"3 Male",0.6,0.197462899397977
1223,743,"3 Male",0.571428571428571,0.149428683901817
1224,744,"3 Male",0.571428571428571,0.243523554278832
1225,745,"3 Male",0.714285714285714,0.273696846868199
1226,746,"3 Male",0.371428571428571,0.130195162399088
1227,747,"3 Male",0.371428571428571,0.123572278619508
1228,748,"3 Male",0.542857142857143,0.210413187523486
1229,749,"3 Male",0.4,0.137198868114007
1230,750,"3 Male",0.542857142857143,0.193780856660722
1231,751,"3 Male",0.771428571428571,0.315124929969997
1232,752,"3 Male",0.257142857142857,0.155259918384955
1233,753,"3 Male",0.542857142857143,0.198069918657707
1234,754,"3 Male",0.485714285714286,0.202386719311474
1235,755,"3 Male",0.542857142857143,0.184904504732438
1236,756,"3 Male",1.71428571428571,1.17292382536977
1237,757,"3 Male",1,0.573944043183551
1238,758,"3 Male",0.828571428571429,0.412994219923568
1239,759,"3 Male",0.8,0.41565984800519
1240,760,"3 Male",0.571428571428571,0.165441676669912
1241,761,"3 Male",0.342857142857143,0.122596949410668
1242,762,"3 Male",0.285714285714286,0.112805540803696
1243,763,"3 Male",0.314285714285714,0.146507971913933
1244,764,"3 Male",0.142857142857143,0.0726781455813098
1245,765,"3 Male",0.0857142857142857,0.0480096028809603
1246,766,"3 Male",0.314285714285714,0.146507971913933
1247,767,"3 Male",0.0857142857142857,0.0631315629277074
1248,768,"3 Male",0.485714285714286,0.222179534381993
1249,769,"3 Male",0.342857142857143,0.158474116556134
1250,770,"3 Male",0.4,0.148945875906585
1251,771,"3 Male",0.342857142857143,0.135614735713406
1252,772,"3 Male",0.342857142857143,0.141675787668622
1253,773,"3 Male",0.4,0.197462899397977
1254,774,"3 Male",0.228571428571429,0.101134026106423
1255,775,"3 Male",0.342857142857143,0.141675787668622
1256,776,"3 Male",0.2,0.0987314496989884
1257,777,"3 Male",0.114285714285714,0.0682485395100738
1258,778,"3 Male",0.228571428571429,0.101134026106423
1259,779,"3 Male",0.171428571428571,0.0868275048947193
1260,780,"3 Male",0.228571428571429,0.11657373535368
1261,781,"3 Male",0.228571428571429,0.11657373535368
1262,782,"3 Male",0.285714285714286,0.126832308872107
1263,783,"3 Male",0.228571428571429,0.153861851632414
1264,784,"3 Male",0.171428571428571,0.104404789852083
1265,785,"3 Male",0.0857142857142857,0.0480096028809603
1266,786,"3 Male",0.342857142857143,0.204745618530221
1267,787,"3 Male",0.2,0.12833778958395
1268,788,"3 Male",0.2,0.146671759524514
1269,789,"3 Male",0.342857142857143,0.25252625171083
1270,790,"3 Male",0.0285714285714286,0.0285714285714286
1271,791,"3 Male",0,0
1272,792,"3 Male",0,0
1273,793,"3 Male",0,0
1274,794,"3 Male",0.0285714285714286,0.0285714285714286
1275,795,"3 Male",0.0285714285714286,0.0285714285714286
1276,796,"3 Male",0.114285714285714,0.114285714285714
1277,797,"3 Male",0,0
1278,798,"3 Male",0.0571428571428571,0.0571428571428571
1279,799,"3 Male",0.0285714285714286,0.0285714285714286
1280,800,"3 Male",0.114285714285714,0.114285714285714
1281,801,"3 Male",0.0285714285714286,0.0285714285714286
1282,802,"3 Male",0,0
1283,803,"3 Male",0,0
1284,804,"3 Male",0.0571428571428571,0.0571428571428571
1285,805,"3 Male",0,0
1286,806,"3 Male",0,0
1287,807,"3 Male",0,0
1288,808,"3 Male",0,0
1289,809,"3 Male",0,0
1290,810,"3 Male",0,0
1291,811,"3 Male",0.0571428571428571,0.0571428571428571
1292,812,"3 Male",0,0
1293,813,"3 Male",0,0
1294,814,"3 Male",0,0
1295,815,"3 Male",0.0285714285714286,0.0285714285714286
1296,816,"3 Male",0.0571428571428571,0.0571428571428571
1297,817,"3 Male",0.0571428571428571,0.0571428571428571
1298,818,"3 Male",0,0
1299,819,"3 Male",0.142857142857143,0.142857142857143
1300,820,"3 Male",0.171428571428571,0.126263125855415
1301,821,"3 Male",0,0
1302,822,"3 Male",0,0
1303,823,"3 Male",0,0
1304,824,"3 Male",0,0
1305,825,"3 Male",0,0
1306,826,"3 Male",0,0
1307,827,"3 Male",0,0
1308,828,"3 Male",0,0
1309,829,"3 Male",0,0
1310,830,"3 Male",0,0
1311,831,"3 Male",0.114285714285714,0.114285714285714
1312,832,"3 Male",0,0
1313,833,"3 Male",0,0
1314,834,"3 Male",0.0857142857142857,0.0857142857142857
1315,835,"3 Male",0.0285714285714286,0.0285714285714286
1316,836,"3 Male",0,0
1317,837,"3 Male",0.0571428571428571,0.0571428571428571
1318,838,"3 Male",0,0
1319,839,"3 Male",0,0
1320,840,"3 Male",0,0
1321,841,"3 Male",0,0
1322,842,"3 Male",0,0
1323,843,"3 Male",0,0
1324,844,"3 Male",0.0571428571428571,0.0571428571428571
1325,845,"3 Male",0.142857142857143,0.142857142857143
1326,846,"3 Male",0.0285714285714286,0.0285714285714286
1327,847,"3 Male",0.114285714285714,0.114285714285714
1328,848,"3 Male",0.114285714285714,0.114285714285714
1329,849,"3 Male",0.142857142857143,0.101607724371038
1330,850,"3 Male",0.0571428571428571,0.0398074597725278
1331,851,"3 Male",0.0571428571428571,0.0571428571428571
1332,852,"3 Male",0.0571428571428571,0.0571428571428571
1333,853,"3 Male",0.0571428571428571,0.0398074597725278
1334,854,"3 Male",0.0571428571428571,0.0398074597725278
1335,855,"3 Male",0.142857142857143,0.101607724371038
1336,856,"3 Male",0.228571428571429,0.159229839090111
1337,857,"3 Male",0.0857142857142857,0.0631315629277074
1338,858,"3 Male",0,0
1339,859,"3 Male",0,0
1340,860,"3 Male",0,0
1341,861,"3 Male",0,0
1342,862,"3 Male",0,0
1343,863,"3 Male",0,0
1344,864,"3 Male",0,0
1345,865,"3 Male",0.0571428571428571,0.0571428571428571
1346,866,"3 Male",0,0
1347,867,"3 Male",0.0571428571428571,0.0571428571428571
1348,868,"3 Male",0,0
1349,869,"3 Male",0,0
1350,870,"3 Male",0,0
1351,871,"3 Male",0,0
1352,872,"3 Male",0,0
1353,873,"3 Male",0,0
1354,874,"3 Male",0,0
1355,875,"3 Male",0,0
1356,876,"3 Male",0,0
1357,877,"3 Male",0,0
1358,878,"3 Male",0.257142857142857,0.257142857142857
1359,879,"3 Male",0.171428571428571,0.171428571428571
1360,880,"3 Male",0,0
1361,881,"3 Male",0,0
1362,882,"3 Male",0,0
1363,883,"3 Male",0.0571428571428571,0.0571428571428571
1364,884,"3 Male",0.0571428571428571,0.0571428571428571
1365,885,"3 Male",0.0285714285714286,0.0285714285714286
1366,886,"3 Male",0,0
1367,887,"3 Male",0,0
1368,888,"3 Male",0.0285714285714286,0.0285714285714286
1369,889,"3 Male",0.0285714285714286,0.0285714285714286
1370,890,"3 Male",0,0
1371,891,"3 Male",0.0571428571428571,0.0571428571428571
1372,892,"3 Male",0.0571428571428571,0.0571428571428571
1373,893,"3 Male",0.2,0.152293392210313
1374,894,"3 Male",0.0571428571428571,0.0571428571428571
1375,895,"3 Male",0,0
1376,896,"3 Male",0.0285714285714286,0.0285714285714286
1377,897,"3 Male",0.0571428571428571,0.0571428571428571
1378,898,"3 Male",0,0
1379,899,"3 Male",0,0
1380,900,"3 Male",0,0
1381,901,"3 Male",0,0
1382,902,"3 Male",0,0
1383,903,"3 Male",0,0
1384,904,"3 Male",0,0
1385,905,"3 Male",0,0
1386,906,"3 Male",0,0
1387,907,"3 Male",0,0
1388,908,"3 Male",0,0
1389,909,"3 Male",0.0571428571428571,0.0571428571428571
1390,910,"3 Male",0,0
1391,911,"3 Male",0,0
1392,912,"3 Male",0,0
1393,913,"3 Male",0,0
1394,914,"3 Male",0.428571428571429,0.29925878822339
1395,915,"3 Male",0.0857142857142857,0.0631315629277074
1396,916,"3 Male",0.0285714285714286,0.0285714285714286
1397,917,"3 Male",0.0285714285714286,0.0285714285714286
1398,918,"3 Male",0.0571428571428571,0.0571428571428571
1399,919,"3 Male",0.114285714285714,0.0895500289395443
1400,920,"3 Male",0.228571428571429,0.228571428571429
1401,921,"3 Male",0.0571428571428571,0.0571428571428571
1402,922,"3 Male",0,0
1403,923,"3 Male",0,0
1404,924,"3 Male",0,0
1405,925,"3 Male",0,0
1406,926,"3 Male",0,0
1407,927,"3 Male",0,0
1408,928,"3 Male",0.171428571428571,0.171428571428571
1409,929,"3 Male",0,0
1410,930,"3 Male",0.0571428571428571,0.0571428571428571
1411,931,"3 Male",0.0571428571428571,0.0571428571428571
1412,932,"3 Male",0.0857142857142857,0.0857142857142857
1413,933,"3 Male",0,0
1414,934,"3 Male",0,0
1415,935,"3 Male",0,0
1416,936,"3 Male",0.0285714285714286,0.0285714285714286
1417,937,"3 Male",0.2,0.12833778958395
1418,938,"3 Male",0.171428571428571,0.0960192057619207
1419,939,"3 Male",0.257142857142857,0.149749691111518
1420,940,"3 Male",0.171428571428571,0.144859910801792
1421,941,"3 Male",0.314285714285714,0.172823456680138
1422,942,"3 Male",0.171428571428571,0.144859910801792
1423,943,"3 Male",0.142857142857143,0.101607724371038
1424,944,"3 Male",0.0857142857142857,0.0857142857142857
1425,945,"3 Male",0.0571428571428571,0.0571428571428571
1426,946,"3 Male",0.0857142857142857,0.0857142857142857
1427,947,"3 Male",0.2,0.140825895250516
1428,948,"3 Male",0.0285714285714286,0.0285714285714286
1429,949,"3 Male",0.0571428571428571,0.0571428571428571
1430,950,"3 Male",0,0
1431,951,"3 Male",0,0
1432,952,"3 Male",0,0
1433,953,"3 Male",0,0
1434,954,"3 Male",0,0
1435,955,"3 Male",0.0857142857142857,0.0857142857142857
1436,956,"3 Male",0.0857142857142857,0.0857142857142857
1437,957,"3 Male",0,0
1438,958,"3 Male",0.0857142857142857,0.0857142857142857
1439,959,"3 Male",0.0571428571428571,0.0571428571428571
0,960,"5 Female",0,0
1,961,"5 Female",0,0
2,962,"5 Female",0,0
3,963,"5 Female",0,0
4,964,"5 Female",0,0
5,965,"5 Female",0,0
6,966,"5 Female",0,0
7,967,"5 Female",0,0
8,968,"5 Female",0,0
9,969,"5 Female",0,0
10,970,"5 Female",0,0
11,971,"5 Female",0,0
12,972,"5 Female",0,0
13,973,"5 Female",0,0
14,974,"5 Female",0.025,0.025
15,975,"5 Female",0.025,0.025
16,976,"5 Female",0.05,0.05
17,977,"5 Female",0.025,0.025
18,978,"5 Female",0.025,0.025
19,979,"5 Female",0.15,0.15
20,980,"5 Female",0.05,0.05
21,981,"5 Female",0.05,0.05
22,982,"5 Female",0,0
23,983,"5 Female",0.075,0.075
24,984,"5 Female",0,0
25,985,"5 Female",0,0
26,986,"5 Female",0,0
27,987,"5 Female",0.075,0.075
28,988,"5 Female",0.075,0.075
29,989,"5 Female",0.175,0.175
30,990,"5 Female",0.175,0.175
31,991,"5 Female",0.25,0.25
32,992,"5 Female",0,0
33,993,"5 Female",0.025,0.025
34,994,"5 Female",0,0
35,995,"5 Female",0,0
36,996,"5 Female",0.025,0.025
37,997,"5 Female",0.1,0.1
38,998,"5 Female",0.1,0.1
39,999,"5 Female",0,0
40,1000,"5 Female",0.125,0.125
41,1001,"5 Female",0,0
42,1002,"5 Female",0.025,0.025
43,1003,"5 Female",0.1,0.1
44,1004,"5 Female",0.025,0.025
45,1005,"5 Female",0,0
46,1006,"5 Female",0,0
47,1007,"5 Female",0,0
48,1008,"5 Female",0,0
49,1009,"5 Female",0,0
50,1010,"5 Female",0,0
51,1011,"5 Female",0,0
52,1012,"5 Female",0,0
53,1013,"5 Female",0,0
54,1014,"5 Female",0,0
55,1015,"5 Female",0,0
56,1016,"5 Female",0,0
57,1017,"5 Female",0.025,0.025
58,1018,"5 Female",0,0
59,1019,"5 Female",0,0
60,1020,"5 Female",0,0
61,1021,"5 Female",0,0
62,1022,"5 Female",0,0
63,1023,"5 Female",0,0
64,1024,"5 Female",0,0
65,1025,"5 Female",0,0
66,1026,"5 Female",0,0
67,1027,"5 Female",0,0
68,1028,"5 Female",0,0
69,1029,"5 Female",0.05,0.05
70,1030,"5 Female",0.05,0.05
71,1031,"5 Female",0,0
72,1032,"5 Female",0.15,0.15
73,1033,"5 Female",0.025,0.025
74,1034,"5 Female",0.025,0.025
75,1035,"5 Female",0,0
76,1036,"5 Female",0,0
77,1037,"5 Female",0,0
78,1038,"5 Female",0,0
79,1039,"5 Female",0,0
80,1040,"5 Female",0,0
81,1041,"5 Female",0,0
82,1042,"5 Female",0,0
83,1043,"5 Female",0,0
84,1044,"5 Female",0,0
85,1045,"5 Female",0.05,0.05
86,1046,"5 Female",0.05,0.0348991220226056
87,1047,"5 Female",0.175,0.123451952659262
88,1048,"5 Female",0,0
89,1049,"5 Female",0,0
90,1050,"5 Female",0,0
91,1051,"5 Female",0,0
92,1052,"5 Female",0,0
93,1053,"5 Female",0,0
94,1054,"5 Female",0,0
95,1055,"5 Female",0,0
96,1056,"5 Female",0.225,0.225
97,1057,"5 Female",0,0
98,1058,"5 Female",0,0
99,1059,"5 Female",0,0
100,1060,"5 Female",0,0
101,1061,"5 Female",0,0
102,1062,"5 Female",0,0
103,1063,"5 Female",0,0
104,1064,"5 Female",0,0
105,1065,"5 Female",0.05,0.05
106,1066,"5 Female",0.225,0.225
107,1067,"5 Female",0,0
108,1068,"5 Female",0,0
109,1069,"5 Female",0,0
110,1070,"5 Female",0.15,0.15
111,1071,"5 Female",0,0
112,1072,"5 Female",0.025,0.025
113,1073,"5 Female",0.025,0.025
114,1074,"5 Female",0.075,0.0553253778649314
115,1075,"5 Female",0.025,0.025
116,1076,"5 Female",0.075,0.0553253778649314
117,1077,"5 Female",0.1,0.0784464540552736
118,1078,"5 Female",0.175,0.112588996137642
119,1079,"5 Female",0.025,0.025
120,1080,"5 Female",0.025,0.025
121,1081,"5 Female",0.025,0.025
122,1082,"5 Female",0.15,0.110650755729863
123,1083,"5 Female",0.3,0.221301511459725
124,1084,"5 Female",0.05,0.0348991220226056
125,1085,"5 Female",0.1,0.0697982440452113
126,1086,"5 Female",0.025,0.025
127,1087,"5 Female",0.025,0.025
128,1088,"5 Female",0,0
129,1089,"5 Female",0,0
130,1090,"5 Female",0.075,0.075
131,1091,"5 Female",0,0
132,1092,"5 Female",0,0
133,1093,"5 Female",0,0
134,1094,"5 Female",0.15,0.15
135,1095,"5 Female",0.025,0.025
136,1096,"5 Female",0.05,0.05
137,1097,"5 Female",0.025,0.025
138,1098,"5 Female",0,0
139,1099,"5 Female",0.075,0.075
140,1100,"5 Female",0.025,0.025
141,1101,"5 Female",0,0
142,1102,"5 Female",0,0
143,1103,"5 Female",0.1,0.1
144,1104,"5 Female",0,0
145,1105,"5 Female",0,0
146,1106,"5 Female",0.05,0.05
147,1107,"5 Female",0.575,0.435430085058852
148,1108,"5 Female",0.175,0.133433455997689
149,1109,"5 Female",0,0
150,1110,"5 Female",0,0
151,1111,"5 Female",0,0
152,1112,"5 Female",0.325,0.325
153,1113,"5 Female",0.225,0.225
154,1114,"5 Female",0.025,0.025
155,1115,"5 Female",0,0
156,1116,"5 Female",0,0
157,1117,"5 Female",0,0
158,1118,"5 Female",0.05,0.05
159,1119,"5 Female",0,0
160,1120,"5 Female",0,0
161,1121,"5 Female",0,0
162,1122,"5 Female",0,0
163,1123,"5 Female",0.1,0.1
164,1124,"5 Female",0.275,0.275
165,1125,"5 Female",0,0
166,1126,"5 Female",0.05,0.05
167,1127,"5 Female",0,0
168,1128,"5 Female",0,0
169,1129,"5 Female",0.05,0.0348991220226056
170,1130,"5 Female",0.05,0.0348991220226056
171,1131,"5 Female",0,0
172,1132,"5 Female",0.025,0.025
173,1133,"5 Female",0,0
174,1134,"5 Female",0.025,0.025
175,1135,"5 Female",0.05,0.05
176,1136,"5 Female",0,0
177,1137,"5 Female",0,0
178,1138,"5 Female",0,0
179,1139,"5 Female",0,0
180,1140,"5 Female",0,0
181,1141,"5 Female",0.025,0.025
182,1142,"5 Female",0.025,0.025
183,1143,"5 Female",0.025,0.025
184,1144,"5 Female",0,0
185,1145,"5 Female",0.05,0.05
186,1146,"5 Female",0.05,0.0348991220226056
187,1147,"5 Female",0,0
188,1148,"5 Female",0.075,0.075
189,1149,"5 Female",0.05,0.0348991220226056
190,1150,"5 Female",0,0
191,1151,"5 Female",0.025,0.025
192,1152,"5 Female",0.125,0.102453867041683
193,1153,"5 Female",0.1,0.1
194,1154,"5 Female",0.05,0.05
195,1155,"5 Female",0,0
196,1156,"5 Female",0,0
197,1157,"5 Female",0,0
198,1158,"5 Female",0,0
199,1159,"5 Female",0,0
200,1160,"5 Female",0.075,0.075
201,1161,"5 Female",0,0
202,1162,"5 Female",0,0
203,1163,"5 Female",0,0
204,1164,"5 Female",0,0
205,1165,"5 Female",0,0
206,1166,"5 Female",0,0
207,1167,"5 Female",0,0
208,1168,"5 Female",0.075,0.075
209,1169,"5 Female",0.025,0.025
210,1170,"5 Female",0,0
211,1171,"5 Female",0,0
212,1172,"5 Female",0,0
213,1173,"5 Female",0,0
214,1174,"5 Female",0.05,0.0348991220226056
215,1175,"5 Female",0,0
216,1176,"5 Female",0,0
217,1177,"5 Female",0,0
218,1178,"5 Female",0,0
219,1179,"5 Female",0,0
220,1180,"5 Female",0,0
221,1181,"5 Female",0,0
222,1182,"5 Female",0.025,0.025
223,1183,"5 Female",0.025,0.025
224,1184,"5 Female",0,0
225,1185,"5 Female",0,0
226,1186,"5 Female",0.025,0.025
227,1187,"5 Female",0,0
228,1188,"5 Female",0.05,0.0348991220226056
229,1189,"5 Female",0.05,0.0348991220226056
230,1190,"5 Female",0,0
231,1191,"5 Female",0.025,0.025
232,1192,"5 Female",0.125,0.125
233,1193,"5 Female",0.25,0.25
234,1194,"5 Female",0.025,0.025
235,1195,"5 Female",0,0
236,1196,"5 Female",0.025,0.025
237,1197,"5 Female",0.05,0.05
238,1198,"5 Female",0.075,0.0553253778649314
239,1199,"5 Female",0.075,0.0553253778649314
240,1200,"5 Female",0.05,0.05
241,1201,"5 Female",0.05,0.0348991220226056
242,1202,"5 Female",0.125,0.0890656628993031
243,1203,"5 Female",0.125,0.102453867041683
244,1204,"5 Female",0.175,0.175
245,1205,"5 Female",0.05,0.05
246,1206,"5 Female",0,0
247,1207,"5 Female",0.025,0.025
248,1208,"5 Female",0.075,0.075
249,1209,"5 Female",0,0
250,1210,"5 Female",0.05,0.05
251,1211,"5 Female",0,0
252,1212,"5 Female",0,0
253,1213,"5 Female",0,0
254,1214,"5 Female",0,0
255,1215,"5 Female",0.025,0.025
256,1216,"5 Female",0,0
257,1217,"5 Female",0,0
258,1218,"5 Female",0,0
259,1219,"5 Female",0.075,0.075
260,1220,"5 Female",0,0
261,1221,"5 Female",0.05,0.05
262,1222,"5 Female",0,0
263,1223,"5 Female",0,0
264,1224,"5 Female",0,0
265,1225,"5 Female",0,0
266,1226,"5 Female",0,0
267,1227,"5 Female",0,0
268,1228,"5 Female",0.175,0.175
269,1229,"5 Female",0,0
270,1230,"5 Female",0,0
271,1231,"5 Female",0.05,0.05
272,1232,"5 Female",0,0
273,1233,"5 Female",0.05,0.05
274,1234,"5 Female",0,0
275,1235,"5 Female",0,0
276,1236,"5 Female",0,0
277,1237,"5 Female",0.025,0.025
278,1238,"5 Female",0,0
279,1239,"5 Female",0,0
280,1240,"5 Female",0,0
281,1241,"5 Female",0,0
282,1242,"5 Female",0,0
283,1243,"5 Female",0.025,0.025
284,1244,"5 Female",0,0
285,1245,"5 Female",0.125,0.0890656628993031
286,1246,"5 Female",0.025,0.025
287,1247,"5 Female",0.05,0.0348991220226056
288,1248,"5 Female",0.025,0.025
289,1249,"5 Female",0.1,0.0599144689515278
290,1250,"5 Female",0.025,0.025
291,1251,"5 Female",0.075,0.075
292,1252,"5 Female",0.075,0.0553253778649314
293,1253,"5 Female",0.125,0.102453867041683
294,1254,"5 Female",0.175,0.112588996137642
295,1255,"5 Female",0.075,0.0553253778649314
296,1256,"5 Female",0.5,0.332048807039583
297,1257,"5 Female",0.175,0.175
298,1258,"5 Female",0.3,0.172463299700515
299,1259,"5 Female",0.05,0.05
300,1260,"5 Female",0.225,0.121357175735776
301,1261,"5 Female",0.125,0.102453867041683
302,1262,"5 Female",0.025,0.025
303,1263,"5 Female",0.05,0.0348991220226056
304,1264,"5 Female",0.05,0.0348991220226056
305,1265,"5 Female",0.4,0.250128172271943
306,1266,"5 Female",0.075,0.0553253778649314
307,1267,"5 Female",0.525,0.387277645054519
308,1268,"5 Female",0.025,0.025
309,1269,"5 Female",0.15,0.15
310,1270,"5 Female",0.1,0.1
311,1271,"5 Female",0.05,0.0348991220226056
312,1272,"5 Female",0.375,0.325591178296672
313,1273,"5 Female",0.3,0.235339362165821
314,1274,"5 Female",0.125,0.102453867041683
315,1275,"5 Female",0.15,0.0843527392286973
316,1276,"5 Female",0.15,0.0916375245051714
317,1277,"5 Female",0.025,0.025
318,1278,"5 Female",0.05,0.0348991220226056
319,1279,"5 Female",0.05,0.05
320,1280,"5 Female",0.15,0.0916375245051714
321,1281,"5 Female",0.2,0.176140969185596
322,1282,"5 Female",0.15,0.0916375245051714
323,1283,"5 Female",0.1,0.0784464540552736
324,1284,"5 Female",0.125,0.0815514624371692
325,1285,"5 Female",0.1,0.0480384461415261
326,1286,"5 Female",0.1,0.0599144689515278
327,1287,"5 Female",0.1,0.0784464540552736
328,1288,"5 Female",0.175,0.0868796692159732
329,1289,"5 Female",0.025,0.025
330,1290,"5 Female",0.45,0.255578780066955
331,1291,"5 Female",0.075,0.0553253778649314
332,1292,"5 Female",0.075,0.0553253778649314
333,1293,"5 Female",0.2,0.144115338424578
334,1294,"5 Female",0,0
335,1295,"5 Female",0,0
336,1296,"5 Female",0,0
337,1297,"5 Female",0.025,0.025
338,1298,"5 Female",0.025,0.025
339,1299,"5 Female",0.05,0.05
340,1300,"5 Female",0.15,0.15
341,1301,"5 Female",0.025,0.025
342,1302,"5 Female",0,0
343,1303,"5 Female",0.075,0.075
344,1304,"5 Female",0.025,0.025
345,1305,"5 Female",0,0
346,1306,"5 Female",0.075,0.075
347,1307,"5 Female",0.175,0.175
348,1308,"5 Female",0.1,0.1
349,1309,"5 Female",0.2,0.2
350,1310,"5 Female",0.175,0.175
351,1311,"5 Female",0.025,0.025
352,1312,"5 Female",0,0
353,1313,"5 Female",0.025,0.025
354,1314,"5 Female",0,0
355,1315,"5 Female",0.175,0.133433455997689
356,1316,"5 Female",0.025,0.025
357,1317,"5 Female",0.275,0.175365917806754
358,1318,"5 Female",0.075,0.0553253778649314
359,1319,"5 Female",0.1,0.0697982440452113
360,1320,"5 Female",0.175,0.175
361,1321,"5 Female",0.05,0.05
362,1322,"5 Female",0.125,0.102453867041683
363,1323,"5 Female",0.175,0.151435439404693
364,1324,"5 Female",0.175,0.151435439404693
365,1325,"5 Female",0.125,0.125
366,1326,"5 Female",0,0
367,1327,"5 Female",0.05,0.05
368,1328,"5 Female",0.05,0.0348991220226056
369,1329,"5 Female",0.05,0.05
370,1330,"5 Female",0.1,0.1
371,1331,"5 Female",0,0
372,1332,"5 Female",0,0
373,1333,"5 Female",0.025,0.025
374,1334,"5 Female",0,0
375,1335,"5 Female",0,0
376,1336,"5 Female",0.125,0.125
377,1337,"5 Female",0.025,0.025
378,1338,"5 Female",0.025,0.025
379,1339,"5 Female",0,0
380,1340,"5 Female",0,0
381,1341,"5 Female",0,0
382,1342,"5 Female",0.025,0.025
383,1343,"5 Female",0.1,0.0697982440452113
384,1344,"5 Female",0.05,0.0348991220226056
385,1345,"5 Female",0.05,0.05
386,1346,"5 Female",0,0
387,1347,"5 Female",0.225,0.200919361295993
388,1348,"5 Female",0.075,0.075
389,1349,"5 Female",0.225,0.165976133594794
390,1350,"5 Female",0.125,0.0890656628993031
391,1351,"5 Female",0.05,0.0348991220226056
392,1352,"5 Female",0.125,0.102453867041683
393,1353,"5 Female",0.1,0.0784464540552736
394,1354,"5 Female",0.05,0.0348991220226056
395,1355,"5 Female",0.175,0.128539627731824
396,1356,"5 Female",0.375,0.283493544447823
397,1357,"5 Female",0.05,0.05
398,1358,"5 Female",0.025,0.025
399,1359,"5 Female",0.325,0.259159143266182
400,1360,"5 Female",0.025,0.025
401,1361,"5 Female",0.025,0.025
402,1362,"5 Female",0.075,0.075
403,1363,"5 Female",0.025,0.025
404,1364,"5 Female",0.325,0.227549656457324
405,1365,"5 Female",0.025,0.025
406,1366,"5 Female",0,0
407,1367,"5 Female",0,0
408,1368,"5 Female",0.025,0.025
409,1369,"5 Female",0.275,0.192778270400119
410,1370,"5 Female",0.325,0.300400373860261
411,1371,"5 Female",0,0
412,1372,"5 Female",0.025,0.025
413,1373,"5 Female",0.15,0.110650755729863
414,1374,"5 Female",0.075,0.075
415,1375,"5 Female",0,0
416,1376,"5 Female",0,0
417,1377,"5 Female",0,0
418,1378,"5 Female",0,0
419,1379,"5 Female",0.475,0.368620957429729
420,1380,"5 Female",0.15,0.15
421,1381,"5 Female",0.1,0.0784464540552736
422,1382,"5 Female",0.025,0.025
423,1383,"5 Female",0.125,0.073270660864972
424,1384,"5 Female",0.025,0.025
425,1385,"5 Female",0.025,0.025
426,1386,"5 Female",0,0
427,1387,"5 Female",0.075,0.075
428,1388,"5 Female",0.225,0.225
429,1389,"5 Female",0.05,0.0348991220226056
430,1390,"5 Female",0.05,0.0348991220226056
431,1391,"5 Female",0.05,0.0348991220226056
432,1392,"5 Female",0.075,0.0553253778649314
433,1393,"5 Female",0.2,0.114354374979373
434,1394,"5 Female",0.4,0.279192976180845
435,1395,"5 Female",0.325,0.230349511473103
436,1396,"5 Female",0.25,0.159124205639849
437,1397,"5 Female",0.15,0.0843527392286973
438,1398,"5 Female",0.05,0.05
439,1399,"5 Female",0.075,0.0421763696143487
440,1400,"5 Female",0.2,0.130088727117598
441,1401,"5 Female",0,0
442,1402,"5 Female",0.025,0.025
443,1403,"5 Female",0.125,0.102453867041683
444,1404,"5 Female",0.1,0.1
445,1405,"5 Female",0.225,0.14091050078248
446,1406,"5 Female",0.375,0.262354966038625
447,1407,"5 Female",0.075,0.0421763696143487
448,1408,"5 Female",0.05,0.05
449,1409,"5 Female",0.225,0.126529108843046
450,1410,"5 Female",0.175,0.175
451,1411,"5 Female",0.175,0.0791582316693952
452,1412,"5 Female",0.125,0.0815514624371692
453,1413,"5 Female",0.1,0.0599144689515278
454,1414,"5 Female",0.175,0.0939687618580143
455,1415,"5 Female",0.175,0.0868796692159732
456,1416,"5 Female",0.1,0.0697982440452113
457,1417,"5 Female",0.05,0.0348991220226056
458,1418,"5 Female",0.2,0.130088727117598
459,1419,"5 Female",0.1,0.0784464540552736
460,1420,"5 Female",0.225,0.131497781983829
461,1421,"5 Female",0.15,0.0916375245051714
462,1422,"5 Female",0.175,0.112588996137642
463,1423,"5 Female",0.075,0.0421763696143487
464,1424,"5 Female",0.05,0.0348991220226056
465,1425,"5 Female",0.175,0.112588996137642
466,1426,"5 Female",0.05,0.0348991220226056
467,1427,"5 Female",0.05,0.0348991220226056
468,1428,"5 Female",0.1,0.0599144689515278
469,1429,"5 Female",0.05,0.0348991220226056
470,1430,"5 Female",0.525,0.307986638071799
471,1431,"5 Female",0.1,0.0784464540552736
472,1432,"5 Female",0.175,0.100559333167934
473,1433,"5 Female",0.1,0.0599144689515278
474,1434,"5 Female",0.05,0.0348991220226056
475,1435,"5 Female",0.1,0.0599144689515278
476,1436,"5 Female",0.4,0.174679193130781
477,1437,"5 Female",0.25,0.0930260509419063
478,1438,"5 Female",0.525,0.234759833632543
479,1439,"5 Female",0.45,0.107118434334894
480,0,"5 Female",0.8,0.224179415327122
481,1,"5 Female",0.975,0.304848638356303
482,2,"5 Female",0.575,0.123451952659262
483,3,"5 Female",1,0.320256307610174
484,4,"5 Female",0.6,0.146759877141069
485,5,"5 Female",0.625,0.117055213796409
486,6,"5 Female",0.7,0.134926380686388
487,7,"5 Female",0.85,0.194639706598154
488,8,"5 Female",0.65,0.145663820895749
489,9,"5 Female",0.675,0.144946939893933
490,10,"5 Female",1.25,0.52470993207725
491,11,"5 Female",1,0.3038218101251
492,12,"5 Female",0.95,0.192653535174895
493,13,"5 Female",0.75,0.12785207798919
494,14,"5 Female",0.65,0.170030163236575
495,15,"5 Female",1.25,0.470610623524755
496,16,"5 Female",0.85,0.15
497,17,"5 Female",0.95,0.155868123087666
498,18,"5 Female",0.95,0.163887078071989
499,19,"5 Female",0.9,0.188788309068718
500,20,"5 Female",0.95,0.128850937530792
501,21,"5 Female",1.15,0.180987320706204
502,22,"5 Female",0.725,0.160078105935821
503,23,"5 Female",0.675,0.10970531623516
504,24,"5 Female",0.95,0.178849600187363
505,25,"5 Female",1.075,0.278244266418684
506,26,"5 Female",0.95,0.333877760526752
507,27,"5 Female",1.1,0.223032710030591
508,28,"5 Female",0.55,0.112944279431985
509,29,"5 Female",0.875,0.134866981000179
510,30,"5 Female",1,0.220721427863152
511,31,"5 Female",0.675,0.131009394848085
512,32,"5 Female",0.8,0.193483584409369
513,33,"5 Female",0.875,0.160877003503951
514,34,"5 Female",0.55,0.107118434334894
515,35,"5 Female",1,0.205688337801861
516,36,"5 Female",0.925,0.187382441779318
517,37,"5 Female",0.775,0.126529108843046
518,38,"5 Female",0.925,0.224714919112628
519,39,"5 Female",0.8,0.125064086135971
520,40,"5 Female",0.975,0.21329977700831
521,41,"5 Female",1.05,0.18239854925199
522,42,"5 Female",0.7,0.134926380686388
523,43,"5 Female",0.875,0.196728043443031
524,44,"5 Female",0.65,0.141194537556867
525,45,"5 Female",0.8,0.212434001817518
526,46,"5 Female",0.6,0.11766968108291
527,47,"5 Female",0.675,0.200600061354389
528,48,"5 Female",0.825,0.208435872201771
529,49,"5 Female",0.725,0.118686724032381
530,50,"5 Female",0.85,0.15
531,51,"5 Female",0.75,0.146541321729944
532,52,"5 Female",0.675,0.115400639912904
533,53,"5 Female",0.8,0.139596488090423
534,54,"5 Female",0.9,0.217208395738947
535,55,"5 Female",1,0.245471811531203
536,56,"5 Female",0.825,0.18908517955727
537,57,"5 Female",0.75,0.234110427592818
538,58,"5 Female",0.625,0.14626766822928
539,59,"5 Female",0.825,0.182178765403937
540,60,"5 Female",0.65,0.15
541,61,"5 Female",0.75,0.10591481821704
542,62,"5 Female",0.725,0.143167017402036
543,63,"5 Female",0.5,0.11322770341446
544,64,"5 Female",0.8,0.203179849596487
545,65,"5 Female",0.725,0.167896106459032
546,66,"5 Female",0.725,0.143167017402036
547,67,"5 Female",0.7,0.168705478457395
548,68,"5 Female",0.7,0.156892908110547
549,69,"5 Female",0.575,0.128539627731824
550,70,"5 Female",0.825,0.270060534524562
551,71,"5 Female",0.7,0.156892908110547
552,72,"5 Female",0.825,0.182178765403937
553,73,"5 Female",1.05,0.448573236738382
554,74,"5 Female",0.95,0.242714351471553
555,75,"5 Female",1.225,0.357138736239962
556,76,"5 Female",0.675,0.180410855890318
557,77,"5 Female",0.45,0.0943941545343588
558,78,"5 Female",0.65,0.131802104959651
559,79,"5 Female",0.575,0.142718568320978
560,80,"5 Female",1,0.240192230707631
561,81,"5 Female",0.625,0.137222914285946
562,82,"5 Female",0.475,0.101194785514791
563,83,"5 Female",0.575,0.106743762202907
564,84,"5 Female",0.7,0.176140969185596
565,85,"5 Female",0.725,0.160078105935821
566,86,"5 Female",0.5,0.129099444873581
567,87,"5 Female",0.625,0.162857102692624
568,88,"5 Female",0.575,0.128539627731824
569,89,"5 Female",0.625,0.195092022994015
570,90,"5 Female",0.825,0.159677158265654
571,91,"5 Female",0.325,0.075
572,92,"5 Female",0.45,0.100956959603128
573,93,"5 Female",0.675,0.176822016844695
574,94,"5 Female",0.6,0.137747446344239
575,95,"5 Female",0.95,0.155868123087666
576,96,"5 Female",0.825,0.311916121203548
577,97,"5 Female",0.525,0.0876143940872848
578,98,"5 Female",0.45,0.112944279431985
579,99,"5 Female",0.525,0.151858149059895
580,100,"5 Female",0.475,0.101194785514791
581,101,"5 Female",0.475,0.123970116332888
582,102,"5 Female",0.85,0.266866911995378
583,103,"5 Female",0.5,0.101273936708367
584,104,"5 Female",0.575,0.142718568320978
585,105,"5 Female",0.675,0.16558946764475
586,106,"5 Female",0.7,0.148496740877644
587,107,"5 Female",0.4,0.1
588,108,"5 Female",0.4,0.11766968108291
589,109,"5 Female",0.325,0.0904936603531019
590,110,"5 Female",0.775,0.180765821026216
591,111,"5 Female",0.6,0.142325016270543
592,112,"5 Female",0.65,0.15
593,113,"5 Female",0.65,0.170030163236575
594,114,"5 Female",0.5,0.118754217199071
595,115,"5 Female",0.625,0.127538330085609
596,116,"5 Female",0.475,0.118686724032381
597,117,"5 Female",0.7,0.256205046088139
598,118,"5 Female",0.425,0.0868796692159732
599,119,"5 Female",0.4,0.106217000908759
600,120,"5 Female",0.3,0.0960768922830523
601,121,"5 Female",0.525,0.129037362905637
602,122,"5 Female",0.425,0.0791582316693952
603,123,"5 Female",0.525,0.123970116332888
604,124,"5 Female",0.375,0.0992762269164639
605,125,"5 Female",0.45,0.0943941545343588
606,126,"5 Female",0.45,0.118484013851918
607,127,"5 Female",0.375,0.111444478530216
608,128,"5 Female",0.275,0.0876143940872848
609,129,"5 Female",0.5,0.118754217199071
610,130,"5 Female",0.55,0.17153156246906
611,131,"5 Female",1.375,0.894919778670921
612,132,"5 Female",0.475,0.113156913971207
613,133,"5 Female",0.475,0.113156913971207
614,134,"5 Female",0.525,0.123970116332888
615,135,"5 Female",0.375,0.111444478530216
616,136,"5 Female",0.575,0.234486618720503
617,137,"5 Female",0.425,0.118145390656315
618,138,"5 Female",0.5,0.118754217199071
619,139,"5 Female",0.45,0.138443731048635
620,140,"5 Female",0.575,0.133433455997689
621,141,"5 Female",0.575,0.133433455997689
622,142,"5 Female",0.475,0.186009029281804
623,143,"5 Female",0.675,0.271244756536819
624,144,"5 Female",0.6,0.231494586523624
625,145,"5 Female",0.425,0.100559333167934
626,146,"5 Female",0.6,0.155250005161237
627,147,"5 Female",0.425,0.112588996137642
628,148,"5 Female",0.575,0.279393803503044
629,149,"5 Female",0.6,0.170970082853022
630,150,"5 Female",0.675,0.140454847202096
631,151,"5 Female",0.5,0.11322770341446
632,152,"5 Female",0.575,0.100559333167934
633,153,"5 Female",0.4,0.1
634,154,"5 Female",0.325,0.103697662115426
635,155,"5 Female",0.6,0.137747446344239
636,156,"5 Female",0.65,0.259560772983505
637,157,"5 Female",0.5,0.118754217199071
638,158,"5 Female",0.625,0.236663506660016
639,159,"5 Female",0.4,0.1
640,160,"5 Female",0.45,0.133733374236259
641,161,"5 Female",0.45,0.112944279431985
642,162,"5 Female",0.525,0.129037362905637
643,163,"5 Female",0.225,0.0838764353692765
644,164,"5 Female",0.575,0.15561087233784
645,165,"5 Female",0.275,0.0799639341780453
646,166,"5 Female",0.275,0.0876143940872848
647,167,"5 Female",0.65,0.187937523716029
648,168,"5 Female",0.25,0.0858591571807857
649,169,"5 Female",0.65,0.266866911995378
650,170,"5 Female",0.45,0.100956959603128
651,171,"5 Female",0.45,0.151699770971549
652,172,"5 Female",0.625,0.204712118063517
653,173,"5 Female",0.325,0.0904936603531019
654,174,"5 Female",0.625,0.239356776939085
655,175,"5 Female",0.5,0.179028718509858
656,176,"5 Female",0.25,0.0780368091976062
657,177,"5 Female",0.3,0.0816496580927726
658,178,"5 Female",0.275,0.0876143940872848
659,179,"5 Female",0.375,0.14626766822928
660,180,"5 Female",0.4,0.112089707663561
661,181,"5 Female",0.275,0.0946484724300046
662,182,"5 Female",0.275,0.0946484724300046
663,183,"5 Female",0.475,0.118686724032381
664,184,"5 Female",0.3,0.0891555828241729
665,185,"5 Female",0.3,0.102532046272473
666,186,"5 Female",0.475,0.164033689472777
667,187,"5 Female",0.375,0.105535873108723
668,188,"5 Female",0.375,0.0925943732022521
669,189,"5 Female",0.425,0.123451952659262
670,190,"5 Female",0.35,0.0983843848356393
671,191,"5 Female",0.35,0.104697366067817
672,192,"5 Female",0.35,0.121686861688895
673,193,"5 Female",0.4,0.106217000908759
674,194,"5 Female",0.475,0.167896106459032
675,195,"5 Female",0.55,0.178849600187363
676,196,"5 Female",0.4,0.106217000908759
677,197,"5 Female",0.35,0.0983843848356393
678,198,"5 Female",0.425,0.0939687618580143
679,199,"5 Female",0.4,0.142325016270543
680,200,"5 Female",1.275,0.648457242130732
681,201,"5 Female",0.275,0.0876143940872848
682,202,"5 Female",0.475,0.232013206962725
683,203,"5 Female",0.55,0.350731835613508
684,204,"5 Female",0.3,0.102532046272473
685,205,"5 Female",0.275,0.0876143940872848
686,206,"5 Female",0.25,0.0858591571807857
687,207,"5 Female",0.325,0.115400639912904
688,208,"5 Female",0.65,0.194639706598154
689,209,"5 Female",0.275,0.0876143940872848
690,210,"5 Female",0.2,0.0733799385705343
691,211,"5 Female",0.2,0.0640512615220349
692,212,"5 Female",0.3,0.0891555828241729
693,213,"5 Female",0.525,0.192778270400119
694,214,"5 Female",0.2,0.0733799385705343
695,215,"5 Female",0.25,0.0930260509419063
696,216,"5 Female",0.525,0.301677999503801
697,217,"5 Female",0.65,0.207395324230853
698,218,"5 Female",0.175,0.0705972687784333
699,219,"5 Female",0.2,0.0733799385705343
700,220,"5 Female",0.25,0.0930260509419063
701,221,"5 Female",0.15,0.0571771874896866
702,222,"5 Female",0.25,0.0780368091976062
703,223,"5 Female",0.25,0.0780368091976062
704,224,"5 Female",0.3,0.119828937903056
705,225,"5 Female",0.325,0.183929682773413
706,226,"5 Female",0.225,0.0668666871181297
707,227,"5 Female",0.25,0.0780368091976062
708,228,"5 Female",0.425,0.118145390656315
709,229,"5 Female",0.45,0.112944279431985
710,230,"5 Female",0.275,0.0799639341780453
711,231,"5 Female",0.325,0.103697662115426
712,232,"5 Female",0.225,0.0911992746259952
713,233,"5 Female",0.375,0.122409045249828
714,234,"5 Female",0.3,0.0891555828241729
715,235,"5 Female",0.425,0.163642433842345
716,236,"5 Female",0.275,0.0876143940872848
717,237,"5 Female",0.3,0.108604197869474
718,238,"5 Female",0.5,0.279651798143921
719,239,"5 Female",0.2,0.0816496580927726
720,240,"5 Female",0.15,0.0571771874896866
721,241,"5 Female",0.3,0.102532046272473
722,242,"5 Female",0.2,0.0816496580927726
723,243,"5 Female",0.3,0.102532046272473
724,244,"5 Female",0.425,0.147141567973299
725,245,"5 Female",1,0.352645678208275
726,246,"5 Female",0.5,0.179028718509858
727,247,"5 Female",0.45,0.205532454234337
728,248,"5 Female",0.275,0.0799639341780453
729,249,"5 Female",0.25,0.0858591571807857
730,250,"5 Female",0.225,0.0838764353692765
731,251,"5 Female",0.25,0.0780368091976062
732,252,"5 Female",0.2,0.0816496580927726
733,253,"5 Female",0.2,0.0640512615220349
734,254,"5 Female",0.45,0.118484013851918
735,255,"5 Female",0.375,0.111444478530216
736,256,"5 Female",0.3,0.0816496580927726
737,257,"5 Female",0.3,0.0733799385705343
738,258,"5 Female",0.075,0.0421763696143487
739,259,"5 Female",0.325,0.13581425853169
740,260,"5 Female",0.375,0.132469154609958
741,261,"5 Female",0.575,0.400140199788998
742,262,"5 Female",0.225,0.0911992746259952
743,263,"5 Female",0.425,0.142718568320978
744,264,"5 Female",0.275,0.0799639341780453
745,265,"5 Female",0.375,0.122409045249828
746,266,"5 Female",0.225,0.0668666871181297
747,267,"5 Female",0.3,0.130088727117598
748,268,"5 Female",0.175,0.0705972687784333
749,269,"5 Female",0.15,0.0571771874896866
750,270,"5 Female",0.15,0.0571771874896866
751,271,"5 Female",0.175,0.0705972687784333
752,272,"5 Female",0.25,0.0858591571807857
753,273,"5 Female",0.25,0.117396981571296
754,274,"5 Female",0.4,0.217208395738947
755,275,"5 Female",0.275,0.0876143940872848
756,276,"5 Female",0.475,0.208743186592324
757,277,"5 Female",0.175,0.0608434308444476
758,278,"5 Female",0.125,0.0639260389945948
759,279,"5 Female",0.25,0.0780368091976062
760,280,"5 Female",0.15,0.0674631903431942
761,281,"5 Female",0.25,0.117396981571296
762,282,"5 Female",0.2,0.0891555828241729
763,283,"5 Female",0.2,0.0960768922830523
764,284,"5 Female",0.075,0.0553253778649314
765,285,"5 Female",0.1,0.0480384461415261
766,286,"5 Female",0.225,0.110288084299536
767,287,"5 Female",0.2,0.0891555828241729
768,288,"5 Female",0.25,0.0930260509419063
769,289,"5 Female",0.2,0.0960768922830523
770,290,"5 Female",0.275,0.133913002758105
771,291,"5 Female",0.425,0.234486618720503
772,292,"5 Female",0.125,0.0529574091085202
773,293,"5 Female",0.125,0.0639260389945948
774,294,"5 Female",0.1,0.0480384461415261
775,295,"5 Female",0.2,0.0816496580927726
776,296,"5 Female",0.2,0.0640512615220349
777,297,"5 Female",0.2,0.0733799385705343
778,298,"5 Female",0.125,0.0529574091085202
779,299,"5 Female",0.375,0.111444478530216
780,300,"5 Female",0.2,0.0733799385705343
781,301,"5 Female",0.45,0.217650625709633
782,302,"5 Female",0.275,0.0799639341780453
783,303,"5 Female",0.15,0.0571771874896866
784,304,"5 Female",0.675,0.460472861752195
785,305,"5 Female",0.325,0.13581425853169
786,306,"5 Female",0.1,0.0599144689515278
787,307,"5 Female",0.325,0.13581425853169
788,308,"5 Female",0.2,0.0733799385705343
789,309,"5 Female",0.225,0.0758498854857746
790,310,"5 Female",0.2,0.108604197869474
791,311,"5 Female",0.125,0.0639260389945948
792,312,"5 Female",0.225,0.0911992746259952
793,313,"5 Female",0.275,0.123970116332888
794,314,"5 Female",0.25,0.12785207798919
795,315,"5 Female",0.05,0.0348991220226056
796,316,"5 Female",0.175,0.0791582316693952
797,317,"5 Female",0.15,0.0674631903431942
798,318,"5 Female",0.2,0.0960768922830523
799,319,"5 Female",0.15,0.0571771874896866
800,320,"5 Female",0.3,0.114354374979373
801,321,"5 Female",0.55,0.226313827942414
802,322,"5 Female",0.325,0.120827807123853
803,323,"5 Female",0.375,0.111444478530216
804,324,"5 Female",1.025,0.79942888267909
805,325,"5 Female",0.4,0.279192976180845
806,326,"5 Female",0.175,0.0705972687784333
807,327,"5 Female",0.3,0.108604197869474
808,328,"5 Female",0.225,0.0911992746259952
809,329,"5 Female",0.325,0.13581425853169
810,330,"5 Female",0.125,0.0529574091085202
811,331,"5 Female",0.175,0.128539627731824
812,332,"5 Female",0.3,0.125064086135971
813,333,"5 Female",0.225,0.110288084299536
814,334,"5 Female",0.125,0.0529574091085202
815,335,"5 Female",0.075,0.0421763696143487
816,336,"5 Female",0.15,0.0763762615825973
817,337,"5 Female",0.175,0.106743762202907
818,338,"5 Female",0.275,0.107342609887388
819,339,"5 Female",0.025,0.025
820,340,"5 Female",0.15,0.104697366067817
821,341,"5 Female",0.1,0.0599144689515278
822,342,"5 Female",0.2,0.0891555828241729
823,343,"5 Female",0.3,0.160926802918084
824,344,"5 Female",0.3,0.183275049010343
825,345,"5 Female",0.05,0.0348991220226056
826,346,"5 Female",0.075,0.0553253778649314
827,347,"5 Female",0.175,0.0705972687784333
828,348,"5 Female",0.1,0.0480384461415261
829,349,"5 Female",0.125,0.0529574091085202
830,350,"5 Female",0.1,0.0480384461415261
831,351,"5 Female",0.125,0.0639260389945948
832,352,"5 Female",0.425,0.220394459886627
833,353,"5 Female",0.15,0.0571771874896866
834,354,"5 Female",0.25,0.0858591571807857
835,355,"5 Female",0.175,0.0608434308444476
836,356,"5 Female",0.225,0.0758498854857746
837,357,"5 Female",0.2,0.0733799385705343
838,358,"5 Female",0.325,0.120827807123853
839,359,"5 Female",0.2,0.0733799385705343
840,360,"5 Female",0.225,0.0758498854857746
841,361,"5 Female",0.125,0.0639260389945948
842,362,"5 Female",0.175,0.0705972687784333
843,363,"5 Female",0.2,0.0960768922830523
844,364,"5 Female",0.225,0.0758498854857746
845,365,"5 Female",0.225,0.0911992746259952
846,366,"5 Female",0.125,0.0639260389945948
847,367,"5 Female",0.15,0.0571771874896866
848,368,"5 Female",0.35,0.16231498343084
849,369,"5 Female",0.375,0.231182855810099
850,370,"5 Female",0.125,0.0639260389945948
851,371,"5 Female",0.25,0.0996789718842316
852,372,"5 Female",0.5,0.288675134594813
853,373,"5 Female",0.3,0.139596488090423
854,374,"5 Female",0.275,0.133913002758105
855,375,"5 Female",0.1,0.0480384461415261
856,376,"5 Female",0.15,0.0674631903431942
857,377,"5 Female",0.3,0.102532046272473
858,378,"5 Female",0.2,0.0960768922830523
859,379,"5 Female",0.05,0.0348991220226056
860,380,"5 Female",0.075,0.0421763696143487
861,381,"5 Female",0.15,0.0674631903431942
862,382,"5 Female",0.175,0.0705972687784333
863,383,"5 Female",0.35,0.126845353047495
864,384,"5 Female",0.05,0.0348991220226056
865,385,"5 Female",0.125,0.0639260389945948
866,386,"5 Female",0.175,0.0791582316693952
867,387,"5 Female",0.15,0.0674631903431942
868,388,"5 Female",0.125,0.0529574091085202
869,389,"5 Female",0.2,0.108604197869474
870,390,"5 Female",0.05,0.0348991220226056
871,391,"5 Female",0.125,0.0529574091085202
872,392,"5 Female",0.15,0.0843527392286973
873,393,"5 Female",0.1,0.0480384461415261
874,394,"5 Female",0.075,0.0553253778649314
875,395,"5 Female",0.075,0.0421763696143487
876,396,"5 Female",0.175,0.0939687618580143
877,397,"5 Female",0.15,0.0843527392286973
878,398,"5 Female",0.075,0.0421763696143487
879,399,"5 Female",0.05,0.0348991220226056
880,400,"5 Female",0.075,0.0553253778649314
881,401,"5 Female",0.075,0.0421763696143487
882,402,"5 Female",0.075,0.0553253778649314
883,403,"5 Female",0.075,0.0421763696143487
884,404,"5 Female",0.05,0.0348991220226056
885,405,"5 Female",0.4,0.279192976180845
886,406,"5 Female",0.1,0.0480384461415261
887,407,"5 Female",0.075,0.0421763696143487
888,408,"5 Female",0.175,0.0791582316693952
889,409,"5 Female",0.125,0.0639260389945948
890,410,"5 Female",0.1,0.0480384461415261
891,411,"5 Female",0.15,0.0571771874896866
892,412,"5 Female",0.05,0.0348991220226056
893,413,"5 Female",0.2,0.0640512615220349
894,414,"5 Female",0.1,0.0599144689515278
895,415,"5 Female",0.075,0.0421763696143487
896,416,"5 Female",0.2,0.114354374979373
897,417,"5 Female",0.15,0.0763762615825973
898,418,"5 Female",0.125,0.0529574091085202
899,419,"5 Female",0.3,0.108604197869474
900,420,"5 Female",0.1,0.0480384461415261
901,421,"5 Female",0.075,0.0421763696143487
902,422,"5 Female",0.125,0.0639260389945948
903,423,"5 Female",0.075,0.0421763696143487
904,424,"5 Female",0.35,0.180987320706204
905,425,"5 Female",0.1,0.0480384461415261
906,426,"5 Female",0.45,0.163887078071989
907,427,"5 Female",0.2,0.108604197869474
908,428,"5 Female",0.1,0.0697982440452113
909,429,"5 Female",0.175,0.0868796692159732
910,430,"5 Female",0.075,0.0421763696143487
911,431,"5 Female",0.125,0.0529574091085202
912,432,"5 Female",0.1,0.0599144689515278
913,433,"5 Female",0.1,0.0599144689515278
914,434,"5 Female",0.125,0.073270660864972
915,435,"5 Female",0.475,0.196075273353151
916,436,"5 Female",0.275,0.113156913971207
917,437,"5 Female",0.375,0.122409045249828
918,438,"5 Female",0.325,0.131009394848085
919,439,"5 Female",0.425,0.147141567973299
920,440,"5 Female",0.275,0.0876143940872848
921,441,"5 Female",0.325,0.0973198532990769
922,442,"5 Female",0.25,0.0858591571807857
923,443,"5 Female",0.325,0.120827807123853
924,444,"5 Female",0.4,0.1229967687714
925,445,"5 Female",0.375,0.141817416022079
926,446,"5 Female",0.275,0.156022269942303
927,447,"5 Female",0.2,0.0733799385705343
928,448,"5 Female",0.175,0.0705972687784333
929,449,"5 Female",0.35,0.110650755729863
930,450,"5 Female",0.325,0.153537350337688
931,451,"5 Female",0.35,0.131802104959651
932,452,"5 Female",0.275,0.138617255743084
933,453,"5 Female",0.15,0.0571771874896866
934,454,"5 Female",0.25,0.10591481821704
935,455,"5 Female",0.125,0.0529574091085202
936,456,"5 Female",0.2,0.0733799385705343
937,457,"5 Female",0.15,0.0571771874896866
938,458,"5 Female",0.25,0.0996789718842316
939,459,"5 Female",0.2,0.0733799385705343
940,460,"5 Female",0.175,0.0705972687784333
941,461,"5 Female",0.05,0.0348991220226056
942,462,"5 Female",0.2,0.0816496580927726
943,463,"5 Female",0.125,0.0639260389945948
944,464,"5 Female",0.2,0.0816496580927726
945,465,"5 Female",0.2,0.114354374979373
946,466,"5 Female",0.25,0.111803398874989
947,467,"5 Female",0.275,0.113156913971207
948,468,"5 Female",0.25,0.0996789718842316
949,469,"5 Female",0.175,0.0705972687784333
950,470,"5 Female",0.3,0.139596488090423
951,471,"5 Female",0.275,0.129037362905637
952,472,"5 Female",0.2,0.0960768922830523
953,473,"5 Female",0.275,0.0799639341780453
954,474,"5 Female",0.3,0.160926802918084
955,475,"5 Female",0.375,0.141817416022079
956,476,"5 Female",0.25,0.10591481821704
957,477,"5 Female",0.35,0.116299789447965
958,478,"5 Female",0.325,0.103697662115426
959,479,"5 Female",0.275,0.0946484724300046
960,480,"5 Female",0.3,0.0960768922830523
961,481,"5 Female",0.4,0.151064598170825
962,482,"5 Female",0.25,0.0780368091976062
963,483,"5 Female",0.15,0.0916375245051714
964,484,"5 Female",0.175,0.0705972687784333
965,485,"5 Female",0.15,0.0763762615825973
966,486,"5 Female",0.25,0.0996789718842316
967,487,"5 Female",0.3,0.108604197869474
968,488,"5 Female",0.15,0.0674631903431942
969,489,"5 Female",0.225,0.104313998372271
970,490,"5 Female",0.2,0.0733799385705343
971,491,"5 Female",0.125,0.0639260389945948
972,492,"5 Female",0.275,0.118686724032381
973,493,"5 Female",0.1,0.0599144689515278
974,494,"5 Female",0.15,0.0674631903431942
975,495,"5 Female",0.225,0.0979763184364414
976,496,"5 Female",0.25,0.0930260509419063
977,497,"5 Female",0.55,0.17153156246906
978,498,"5 Female",0.3,0.0891555828241729
979,499,"5 Female",0.375,0.111444478530216
980,500,"5 Female",0.25,0.0780368091976062
981,501,"5 Female",0.375,0.0992762269164639
982,502,"5 Female",0.35,0.126845353047495
983,503,"5 Female",0.225,0.0668666871181297
984,504,"5 Female",0.325,0.126021467442695
985,505,"5 Female",0.425,0.175
986,506,"5 Female",0.425,0.106743762202907
987,507,"5 Female",0.325,0.149303940559741
988,508,"5 Female",0.325,0.126021467442695
989,509,"5 Female",0.55,0.199197106353198
990,510,"5 Female",0.225,0.136285428233241
991,511,"5 Female",0.625,0.357497534508264
992,512,"5 Female",0.425,0.279393803503044
993,513,"5 Female",0.5,0.305924408293525
994,514,"5 Female",0.2,0.0960768922830523
995,515,"5 Female",0.275,0.147576577253459
996,516,"5 Female",0.1,0.0599144689515278
997,517,"5 Female",0.25,0.0930260509419063
998,518,"5 Female",0.2,0.0816496580927726
999,519,"5 Female",0.15,0.0843527392286973
1000,520,"5 Female",0.25,0.0858591571807857
1001,521,"5 Female",0.225,0.0838764353692765
1002,522,"5 Female",0.15,0.0843527392286973
1003,523,"5 Female",0.15,0.0674631903431942
1004,524,"5 Female",0.175,0.0939687618580143
1005,525,"5 Female",0.1,0.0480384461415261
1006,526,"5 Female",0.2,0.0733799385705343
1007,527,"5 Female",0.125,0.0529574091085202
1008,528,"5 Female",0.25,0.0996789718842316
1009,529,"5 Female",0.15,0.0571771874896866
1010,530,"5 Female",0.4,0.223032710030591
1011,531,"5 Female",0.55,0.250512295619218
1012,532,"5 Female",0.3,0.156892908110547
1013,533,"5 Female",1.025,0.849952864454772
1014,534,"5 Female",0.175,0.0791582316693952
1015,535,"5 Female",0.125,0.0639260389945948
1016,536,"5 Female",0.575,0.474865028057231
1017,537,"5 Female",0.15,0.0571771874896866
1018,538,"5 Female",0.15,0.0843527392286973
1019,539,"5 Female",0.175,0.0705972687784333
1020,540,"5 Female",0.2,0.0891555828241729
1021,541,"5 Female",0.1,0.0599144689515278
1022,542,"5 Female",0.2,0.0960768922830523
1023,543,"5 Female",0.1,0.0784464540552736
1024,544,"5 Female",0.175,0.0868796692159732
1025,545,"5 Female",0.075,0.0421763696143487
1026,546,"5 Female",0.225,0.0838764353692765
1027,547,"5 Female",0.25,0.0858591571807857
1028,548,"5 Female",0.325,0.103697662115426
1029,549,"5 Female",0.175,0.0791582316693952
1030,550,"5 Female",0.25,0.0780368091976062
1031,551,"5 Female",0.275,0.0799639341780453
1032,552,"5 Female",0.3,0.0960768922830523
1033,553,"5 Female",0.2,0.0733799385705343
1034,554,"5 Female",0.125,0.0639260389945948
1035,555,"5 Female",0.175,0.0705972687784333
1036,556,"5 Female",0.2,0.0816496580927726
1037,557,"5 Female",0.25,0.0996789718842316
1038,558,"5 Female",0.175,0.0705972687784333
1039,559,"5 Female",0.325,0.126021467442695
1040,560,"5 Female",0.25,0.111803398874989
1041,561,"5 Female",0.125,0.0639260389945948
1042,562,"5 Female",0.3,0.108604197869474
1043,563,"5 Female",0.425,0.175
1044,564,"5 Female",0.15,0.0674631903431942
1045,565,"5 Female",0.15,0.0571771874896866
1046,566,"5 Female",0.175,0.0939687618580143
1047,567,"5 Female",0.15,0.0674631903431942
1048,568,"5 Female",0.25,0.0780368091976062
1049,569,"5 Female",0.275,0.118686724032381
1050,570,"5 Female",0.2,0.0733799385705343
1051,571,"5 Female",0.225,0.0758498854857746
1052,572,"5 Female",0.325,0.144946939893933
1053,573,"5 Female",0.45,0.142999013803305
1054,574,"5 Female",0.425,0.123451952659262
1055,575,"5 Female",0.225,0.0911992746259952
1056,576,"5 Female",0.3,0.134926380686388
1057,577,"5 Female",0.475,0.129037362905637
1058,578,"5 Female",0.275,0.0799639341780453
1059,579,"5 Female",0.25,0.0930260509419063
1060,580,"5 Female",0.3,0.0960768922830523
1061,581,"5 Female",0.375,0.127538330085609
1062,582,"5 Female",0.4,0.146759877141069
1063,583,"5 Female",0.3,0.0960768922830523
1064,584,"5 Female",0.275,0.0946484724300046
1065,585,"5 Female",0.3,0.102532046272473
1066,586,"5 Female",0.25,0.0780368091976062
1067,587,"5 Female",0.45,0.155868123087666
1068,588,"5 Female",0.15,0.0674631903431942
1069,589,"5 Female",0.55,0.178849600187363
1070,590,"5 Female",0.3,0.0816496580927726
1071,591,"5 Female",0.325,0.126021467442695
1072,592,"5 Female",0.45,0.208627996744543
1073,593,"5 Female",0.675,0.346016710727335
1074,594,"5 Female",0.275,0.0799639341780453
1075,595,"5 Female",0.35,0.121686861688895
1076,596,"5 Female",0.5,0.208781569085357
1077,597,"5 Female",0.35,0.141194537556867
1078,598,"5 Female",0.35,0.110650755729863
1079,599,"5 Female",0.225,0.0911992746259952
1080,600,"5 Female",0.625,0.257421882599412
1081,601,"5 Female",0.25,0.0858591571807857
1082,602,"5 Female",0.35,0.104697366067817
1083,603,"5 Female",0.15,0.0674631903431942
1084,604,"5 Female",0.65,0.294283135946598
1085,605,"5 Female",0.325,0.0973198532990769
1086,606,"5 Female",0.275,0.0799639341780453
1087,607,"5 Female",0.275,0.0799639341780453
1088,608,"5 Female",0.15,0.0571771874896866
1089,609,"5 Female",0.275,0.0876143940872848
1090,610,"5 Female",0.3,0.119828937903056
1091,611,"5 Female",0.25,0.0996789718842316
1092,612,"5 Female",0.55,0.220576168599072
1093,613,"5 Female",0.25,0.0780368091976062
1094,614,"5 Female",0.25,0.0858591571807857
1095,615,"5 Female",0.275,0.0876143940872848
1096,616,"5 Female",0.425,0.133433455997689
1097,617,"5 Female",0.425,0.123451952659262
1098,618,"5 Female",0.425,0.112588996137642
1099,619,"5 Female",0.775,0.219227957696772
1100,620,"5 Female",0.35,0.0843527392286973
1101,621,"5 Female",0.475,0.255672817764403
1102,622,"5 Female",0.275,0.0714995069016527
1103,623,"5 Female",0.35,0.0983843848356393
1104,624,"5 Female",0.35,0.0843527392286973
1105,625,"5 Female",0.225,0.0668666871181297
1106,626,"5 Female",0.375,0.0992762269164639
1107,627,"5 Female",0.275,0.0799639341780453
1108,628,"5 Female",0.375,0.170547760060162
1109,629,"5 Female",0.825,0.363190103502355
1110,630,"5 Female",0.475,0.138617255743084
1111,631,"5 Female",0.3,0.0891555828241729
1112,632,"5 Female",0.475,0.123970116332888
1113,633,"5 Female",0.4,0.11766968108291
1114,634,"5 Female",0.175,0.0705972687784333
1115,635,"5 Female",0.3,0.0960768922830523
1116,636,"5 Female",0.275,0.0876143940872848
1117,637,"5 Female",0.525,0.147576577253459
1118,638,"5 Female",0.7,0.179743406854583
1119,639,"5 Female",0.275,0.0799639341780453
1120,640,"5 Female",0.35,0.0843527392286973
1121,641,"5 Female",0.4,0.133012434352235
1122,642,"5 Female",0.55,0.205532454234337
1123,643,"5 Female",0.525,0.196075273353151
1124,644,"5 Female",0.4,0.137747446344239
1125,645,"5 Female",0.6,0.192153784566105
1126,646,"5 Female",0.35,0.0916375245051714
1127,647,"5 Female",0.4,0.0933699561847852
1128,648,"5 Female",0.225,0.0758498854857746
1129,649,"5 Female",0.3,0.102532046272473
1130,650,"5 Female",0.25,0.0780368091976062
1131,651,"5 Female",0.475,0.113156913971207
1132,652,"5 Female",0.35,0.0843527392286973
1133,653,"5 Female",0.6,0.12810252304407
1134,654,"5 Female",0.5,0.167943824551926
1135,655,"5 Female",0.375,0.117055213796409
1136,656,"5 Female",0.375,0.0853912563829967
1137,657,"5 Female",0.475,0.118686724032381
1138,658,"5 Female",0.5,0.101273936708367
1139,659,"5 Female",0.7,0.168705478457395
1140,660,"5 Female",0.75,0.357609585140856
1141,661,"5 Female",0.675,0.183929682773413
1142,662,"5 Female",0.825,0.250352315849648
1143,663,"5 Female",0.55,0.138443731048635
1144,664,"5 Female",0.75,0.228568566831902
1145,665,"5 Female",0.675,0.187382441779318
1146,666,"5 Female",0.625,0.137222914285946
1147,667,"5 Female",0.525,0.156022269942303
1148,668,"5 Female",0.5,0.0877058019307029
1149,669,"5 Female",0.725,0.167896106459032
1150,670,"5 Female",0.325,0.115400639912904
1151,671,"5 Female",0.4,0.1
1152,672,"5 Female",0.725,0.265512325272848
1153,673,"5 Female",0.5,0.129099444873581
1154,674,"5 Female",0.625,0.181473668359055
1155,675,"5 Female",0.575,0.112588996137642
1156,676,"5 Female",0.35,0.121686861688895
1157,677,"5 Female",0.675,0.212999036954606
1158,678,"5 Female",0.5,0.133972825411417
1159,679,"5 Female",0.375,0.0925943732022521
1160,680,"5 Female",0.675,0.157657125531227
1161,681,"5 Female",0.65,0.238988252044707
1162,682,"5 Female",0.5,0.107417231105915
1163,683,"5 Female",0.825,0.234486618720503
1164,684,"5 Female",0.425,0.118145390656315
1165,685,"5 Female",0.45,0.112944279431985
1166,686,"5 Female",0.35,0.0983843848356393
1167,687,"5 Female",0.575,0.112588996137642
1168,688,"5 Female",0.65,0.121686861688895
1169,689,"5 Female",0.5,0.107417231105915
1170,690,"5 Female",0.525,0.129037362905637
1171,691,"5 Female",0.45,0.107118434334894
1172,692,"5 Female",0.525,0.118686724032381
1173,693,"5 Female",0.6,0.112089707663561
1174,694,"5 Female",0.9,0.155250005161237
1175,695,"5 Female",0.7,0.221301511459725
1176,696,"5 Female",0.75,0.146541321729944
1177,697,"5 Female",0.625,0.141817416022079
1178,698,"5 Female",0.65,0.15831646333879
1179,699,"5 Female",0.3,0.0816496580927726
1180,700,"5 Female",0.55,0.123776059157306
1181,701,"5 Female",0.375,0.105535873108723
1182,702,"5 Female",0.45,0.147413599205668
1183,703,"5 Female",0.4,0.0933699561847852
1184,704,"5 Female",0.8,0.209394732135634
1185,705,"5 Female",0.575,0.123451952659262
1186,706,"5 Female",0.4,0.106217000908759
1187,707,"5 Female",0.35,0.0916375245051715
1188,708,"5 Female",0.325,0.0904936603531019
1189,709,"5 Female",0.525,0.171671645434399
1190,710,"5 Female",0.35,0.104697366067817
1191,711,"5 Female",0.475,0.107342609887388
1192,712,"5 Female",0.55,0.133733374236259
1193,713,"5 Female",0.55,0.123776059157306
1194,714,"5 Female",0.55,0.112944279431985
1195,715,"5 Female",0.725,0.138617255743084
1196,716,"5 Female",0.35,0.0843527392286973
1197,717,"5 Female",1.075,0.300400373860261
1198,718,"5 Female",1.45,0.205532454234337
1199,719,"5 Female",1.5,0.143222974807887
1200,720,"5 Female",1.525,0.171671645434399
1201,721,"5 Female",1.2,0.196768769671279
1202,722,"5 Female",1,0.15191090506255
1203,723,"5 Female",0.9,0.178311165648346
1204,724,"5 Female",0.875,0.215393200378356
1205,725,"5 Female",0.8,0.203179849596487
1206,726,"5 Female",0.725,0.189423890405646
1207,727,"5 Female",1.15,0.238988252044707
1208,728,"5 Female",1,0.196116135138184
1209,729,"5 Female",0.525,0.123970116332888
1210,730,"5 Female",0.55,0.138443731048635
1211,731,"5 Female",0.525,0.192778270400119
1212,732,"5 Female",0.275,0.118686724032381
1213,733,"5 Female",0.175,0.0705972687784333
1214,734,"5 Female",0.2,0.0816496580927726
1215,735,"5 Female",0.425,0.171297836290914
1216,736,"5 Female",0.225,0.121357175735776
1217,737,"5 Female",0.425,0.15561087233784
1218,738,"5 Female",0.45,0.178849600187363
1219,739,"5 Female",0.2,0.0891555828241729
1220,740,"5 Female",0.4,0.211223541811477
1221,741,"5 Female",0.275,0.156022269942303
1222,742,"5 Female",0.125,0.0529574091085202
1223,743,"5 Female",0.15,0.0763762615825973
1224,744,"5 Female",0.25,0.142099640014701
1225,745,"5 Female",0.15,0.110650755729863
1226,746,"5 Female",0,0
1227,747,"5 Female",0.15,0.0916375245051714
1228,748,"5 Female",0.775,0.775
1229,749,"5 Female",0.025,0.025
1230,750,"5 Female",0.1,0.0784464540552736
1231,751,"5 Female",0.025,0.025
1232,752,"5 Female",0.025,0.025
1233,753,"5 Female",0.025,0.025
1234,754,"5 Female",0,0
1235,755,"5 Female",0.1,0.1
1236,756,"5 Female",0,0
1237,757,"5 Female",0.1,0.0784464540552736
1238,758,"5 Female",0.075,0.0421763696143487
1239,759,"5 Female",0,0
1240,760,"5 Female",0,0
1241,761,"5 Female",0,0
1242,762,"5 Female",0,0
1243,763,"5 Female",0,0
1244,764,"5 Female",0.1,0.0697982440452113
1245,765,"5 Female",0,0
1246,766,"5 Female",0,0
1247,767,"5 Female",0,0
1248,768,"5 Female",0,0
1249,769,"5 Female",0,0
1250,770,"5 Female",0.025,0.025
1251,771,"5 Female",0.025,0.025
1252,772,"5 Female",0.05,0.05
1253,773,"5 Female",0,0
1254,774,"5 Female",0,0
1255,775,"5 Female",0.025,0.025
1256,776,"5 Female",0.025,0.025
1257,777,"5 Female",0,0
1258,778,"5 Female",0,0
1259,779,"5 Female",0,0
1260,780,"5 Female",0.05,0.05
1261,781,"5 Female",0,0
1262,782,"5 Female",0,0
1263,783,"5 Female",0.05,0.05
1264,784,"5 Female",0.025,0.025
1265,785,"5 Female",0.025,0.025
1266,786,"5 Female",0,0
1267,787,"5 Female",0,0
1268,788,"5 Female",0,0
1269,789,"5 Female",0,0
1270,790,"5 Female",0.025,0.025
1271,791,"5 Female",0.025,0.025
1272,792,"5 Female",0,0
1273,793,"5 Female",0,0
1274,794,"5 Female",0,0
1275,795,"5 Female",0,0
1276,796,"5 Female",0,0
1277,797,"5 Female",0,0
1278,798,"5 Female",0,0
1279,799,"5 Female",0,0
1280,800,"5 Female",0.025,0.025
1281,801,"5 Female",0.05,0.05
1282,802,"5 Female",0.025,0.025
1283,803,"5 Female",0,0
1284,804,"5 Female",0,0
1285,805,"5 Female",0,0
1286,806,"5 Female",0,0
1287,807,"5 Female",0,0
1288,808,"5 Female",0,0
1289,809,"5 Female",0.05,0.05
1290,810,"5 Female",0,0
1291,811,"5 Female",0,0
1292,812,"5 Female",0,0
1293,813,"5 Female",0,0
1294,814,"5 Female",0,0
1295,815,"5 Female",0,0
1296,816,"5 Female",0,0
1297,817,"5 Female",0,0
1298,818,"5 Female",0,0
1299,819,"5 Female",0,0
1300,820,"5 Female",0,0
1301,821,"5 Female",0,0
1302,822,"5 Female",0,0
1303,823,"5 Female",0,0
1304,824,"5 Female",0,0
1305,825,"5 Female",0.025,0.025
1306,826,"5 Female",0.125,0.0890656628993031
1307,827,"5 Female",0.075,0.075
1308,828,"5 Female",0,0
1309,829,"5 Female",0.025,0.025
1310,830,"5 Female",0,0
1311,831,"5 Female",0,0
1312,832,"5 Female",0,0
1313,833,"5 Female",0,0
1314,834,"5 Female",0,0
1315,835,"5 Female",0,0
1316,836,"5 Female",0.05,0.05
1317,837,"5 Female",0.025,0.025
1318,838,"5 Female",0,0
1319,839,"5 Female",0.025,0.025
1320,840,"5 Female",0,0
1321,841,"5 Female",0,0
1322,842,"5 Female",0,0
1323,843,"5 Female",0,0
1324,844,"5 Female",0,0
1325,845,"5 Female",0,0
1326,846,"5 Female",0,0
1327,847,"5 Female",0,0
1328,848,"5 Female",0,0
1329,849,"5 Female",0.025,0.025
1330,850,"5 Female",0.025,0.025
1331,851,"5 Female",0,0
1332,852,"5 Female",0,0
1333,853,"5 Female",0,0
1334,854,"5 Female",0,0
1335,855,"5 Female",0,0
1336,856,"5 Female",0,0
1337,857,"5 Female",0,0
1338,858,"5 Female",0,0
1339,859,"5 Female",0,0
1340,860,"5 Female",0,0
1341,861,"5 Female",0.05,0.05
1342,862,"5 Female",0,0
1343,863,"5 Female",0,0
1344,864,"5 Female",0.025,0.025
1345,865,"5 Female",0.025,0.025
1346,866,"5 Female",0,0
1347,867,"5 Female",0,0
1348,868,"5 Female",0,0
1349,869,"5 Female",0,0
1350,870,"5 Female",0.05,0.05
1351,871,"5 Female",0,0
1352,872,"5 Female",0,0
1353,873,"5 Female",0,0
1354,874,"5 Female",0.025,0.025
1355,875,"5 Female",0.025,0.025
1356,876,"5 Female",0,0
1357,877,"5 Female",0.025,0.025
1358,878,"5 Female",0.025,0.025
1359,879,"5 Female",0,0
1360,880,"5 Female",0,0
1361,881,"5 Female",0,0
1362,882,"5 Female",0,0
1363,883,"5 Female",0,0
1364,884,"5 Female",0,0
1365,885,"5 Female",0,0
1366,886,"5 Female",0,0
1367,887,"5 Female",0,0
1368,888,"5 Female",0,0
1369,889,"5 Female",0,0
1370,890,"5 Female",0.05,0.05
1371,891,"5 Female",0,0
1372,892,"5 Female",0,0
1373,893,"5 Female",0,0
1374,894,"5 Female",0,0
1375,895,"5 Female",0,0
1376,896,"5 Female",0,0
1377,897,"5 Female",0,0
1378,898,"5 Female",0,0
1379,899,"5 Female",0,0
1380,900,"5 Female",0,0
1381,901,"5 Female",0,0
1382,902,"5 Female",0,0
1383,903,"5 Female",0,0
1384,904,"5 Female",0,0
1385,905,"5 Female",0,0
1386,906,"5 Female",0,0
1387,907,"5 Female",0,0
1388,908,"5 Female",0,0
1389,909,"5 Female",0,0
1390,910,"5 Female",0,0
1391,911,"5 Female",0,0
1392,912,"5 Female",0,0
1393,913,"5 Female",0,0
1394,914,"5 Female",0,0
1395,915,"5 Female",0,0
1396,916,"5 Female",0,0
1397,917,"5 Female",0,0
1398,918,"5 Female",0,0
1399,919,"5 Female",0,0
1400,920,"5 Female",0,0
1401,921,"5 Female",0,0
1402,922,"5 Female",0,0
1403,923,"5 Female",0,0
1404,924,"5 Female",0,0
1405,925,"5 Female",0,0
1406,926,"5 Female",0,0
1407,927,"5 Female",0,0
1408,928,"5 Female",0,0
1409,929,"5 Female",0,0
1410,930,"5 Female",0,0
1411,931,"5 Female",0,0
1412,932,"5 Female",0,0
1413,933,"5 Female",0,0
1414,934,"5 Female",0,0
1415,935,"5 Female",0,0
1416,936,"5 Female",0,0
1417,937,"5 Female",0,0
1418,938,"5 Female",0,0
1419,939,"5 Female",0,0
1420,940,"5 Female",0,0
1421,941,"5 Female",0,0
1422,942,"5 Female",0,0
1423,943,"5 Female",0,0
1424,944,"5 Female",0,0
1425,945,"5 Female",0,0
1426,946,"5 Female",0,0
1427,947,"5 Female",0,0
1428,948,"5 Female",0,0
1429,949,"5 Female",0,0
1430,950,"5 Female",0,0
1431,951,"5 Female",0,0
1432,952,"5 Female",0,0
1433,953,"5 Female",0,0
1434,954,"5 Female",0,0
1435,955,"5 Female",0,0
1436,956,"5 Female",0,0
1437,957,"5 Female",0,0
1438,958,"5 Female",0,0
1439,959,"5 Female",0,0
0,960,"6 Male",0,0
1,961,"6 Male",0,0
2,962,"6 Male",0,0
3,963,"6 Male",0,0
4,964,"6 Male",0,0
5,965,"6 Male",0.04,0.04
6,966,"6 Male",0,0
7,967,"6 Male",0,0
8,968,"6 Male",0,0
9,969,"6 Male",0,0
10,970,"6 Male",0,0
11,971,"6 Male",0,0
12,972,"6 Male",0,0
13,973,"6 Male",0,0
14,974,"6 Male",0,0
15,975,"6 Male",0.04,0.04
16,976,"6 Male",0,0
17,977,"6 Male",0,0
18,978,"6 Male",0,0
19,979,"6 Male",0.4,0.4
20,980,"6 Male",0.08,0.0553774924194538
21,981,"6 Male",0.28,0.28
22,982,"6 Male",0.16,0.16
23,983,"6 Male",0.08,0.08
24,984,"6 Male",0.12,0.12
25,985,"6 Male",0.16,0.16
26,986,"6 Male",0,0
27,987,"6 Male",0,0
28,988,"6 Male",0.2,0.2
29,989,"6 Male",0,0
30,990,"6 Male",0.08,0.08
31,991,"6 Male",0.12,0.12
32,992,"6 Male",0.28,0.212289111041209
33,993,"6 Male",0.32,0.249799919935936
34,994,"6 Male",0.24,0.166132477258361
35,995,"6 Male",0.24,0.24
36,996,"6 Male",0.04,0.04
37,997,"6 Male",0.08,0.08
38,998,"6 Male",0.04,0.04
39,999,"6 Male",0.04,0.04
40,1000,"6 Male",0.08,0.08
41,1001,"6 Male",0.12,0.12
42,1002,"6 Male",0.04,0.04
43,1003,"6 Male",0.04,0.04
44,1004,"6 Male",0.08,0.08
45,1005,"6 Male",0.08,0.08
46,1006,"6 Male",0.04,0.04
47,1007,"6 Male",0.04,0.04
48,1008,"6 Male",0.08,0.08
49,1009,"6 Male",0.04,0.04
50,1010,"6 Male",0.08,0.08
51,1011,"6 Male",0.04,0.04
52,1012,"6 Male",0,0
53,1013,"6 Male",0.04,0.04
54,1014,"6 Male",0.08,0.0553774924194538
55,1015,"6 Male",0.04,0.04
56,1016,"6 Male",0,0
57,1017,"6 Male",0.12,0.12
58,1018,"6 Male",0.16,0.16
59,1019,"6 Male",0.08,0.08
60,1020,"6 Male",0.16,0.16
61,1021,"6 Male",0.04,0.04
62,1022,"6 Male",0.04,0.04
63,1023,"6 Male",0.08,0.08
64,1024,"6 Male",0,0
65,1025,"6 Male",0,0
66,1026,"6 Male",0,0
67,1027,"6 Male",0,0
68,1028,"6 Male",0,0
69,1029,"6 Male",0,0
70,1030,"6 Male",0,0
71,1031,"6 Male",0,0
72,1032,"6 Male",0,0
73,1033,"6 Male",0,0
74,1034,"6 Male",0.04,0.04
75,1035,"6 Male",0,0
76,1036,"6 Male",0.08,0.08
77,1037,"6 Male",0.04,0.04
78,1038,"6 Male",0,0
79,1039,"6 Male",0.08,0.08
80,1040,"6 Male",0.08,0.08
81,1041,"6 Male",0,0
82,1042,"6 Male",1.76,1.76
83,1043,"6 Male",0.44,0.44
84,1044,"6 Male",0.04,0.04
85,1045,"6 Male",0.16,0.16
86,1046,"6 Male",0.04,0.04
87,1047,"6 Male",0.24,0.24
88,1048,"6 Male",0.08,0.08
89,1049,"6 Male",0.2,0.163299316185545
90,1050,"6 Male",0.4,0.4
91,1051,"6 Male",0.04,0.04
92,1052,"6 Male",0,0
93,1053,"6 Male",0,0
94,1054,"6 Male",0,0
95,1055,"6 Male",0,0
96,1056,"6 Male",0,0
97,1057,"6 Male",0,0
98,1058,"6 Male",0.04,0.04
99,1059,"6 Male",0.24,0.175878746110306
100,1060,"6 Male",0.04,0.04
101,1061,"6 Male",0.12,0.12
102,1062,"6 Male",0.04,0.04
103,1063,"6 Male",0.08,0.08
104,1064,"6 Male",0.12,0.0879393730551528
105,1065,"6 Male",0.16,0.124899959967968
106,1066,"6 Male",0.2,0.14142135623731
107,1067,"6 Male",0.28,0.212289111041209
108,1068,"6 Male",0.28,0.212289111041209
109,1069,"6 Male",0.08,0.0553774924194538
110,1070,"6 Male",0,0
111,1071,"6 Male",0.04,0.04
112,1072,"6 Male",0.08,0.0553774924194538
113,1073,"6 Male",0.44,0.365513337649941
114,1074,"6 Male",0.16,0.110754984838908
115,1075,"6 Male",0,0
116,1076,"6 Male",0,0
117,1077,"6 Male",0.08,0.08
118,1078,"6 Male",0.04,0.04
119,1079,"6 Male",0.08,0.08
120,1080,"6 Male",0.08,0.08
121,1081,"6 Male",0.04,0.04
122,1082,"6 Male",0.04,0.04
123,1083,"6 Male",0.04,0.04
124,1084,"6 Male",0.04,0.04
125,1085,"6 Male",0.2,0.14142135623731
126,1086,"6 Male",0.24,0.24
127,1087,"6 Male",0.04,0.04
128,1088,"6 Male",0,0
129,1089,"6 Male",0,0
130,1090,"6 Male",0.04,0.04
131,1091,"6 Male",0,0
132,1092,"6 Male",0,0
133,1093,"6 Male",0,0
134,1094,"6 Male",0.04,0.04
135,1095,"6 Male",0.08,0.08
136,1096,"6 Male",0.28,0.28
137,1097,"6 Male",0.04,0.04
138,1098,"6 Male",0.08,0.08
139,1099,"6 Male",0,0
140,1100,"6 Male",0.04,0.04
141,1101,"6 Male",0.04,0.04
142,1102,"6 Male",0,0
143,1103,"6 Male",0.28,0.28
144,1104,"6 Male",0.84,0.84
145,1105,"6 Male",0.04,0.04
146,1106,"6 Male",0,0
147,1107,"6 Male",0.04,0.04
148,1108,"6 Male",0,0
149,1109,"6 Male",0,0
150,1110,"6 Male",0,0
151,1111,"6 Male",0,0
152,1112,"6 Male",0,0
153,1113,"6 Male",0.08,0.08
154,1114,"6 Male",0,0
155,1115,"6 Male",0,0
156,1116,"6 Male",0,0
157,1117,"6 Male",0.36,0.320832251080426
158,1118,"6 Male",0.52,0.48
159,1119,"6 Male",0.08,0.0553774924194538
160,1120,"6 Male",0.52,0.44392191505564
161,1121,"6 Male",0.2,0.14142135623731
162,1122,"6 Male",0.04,0.04
163,1123,"6 Male",0.12,0.0879393730551528
164,1124,"6 Male",0.04,0.04
165,1125,"6 Male",0.16,0.16
166,1126,"6 Male",0.16,0.0945163125250522
167,1127,"6 Male",0.36,0.230072452356499
168,1128,"6 Male",0.12,0.12
169,1129,"6 Male",0.08,0.08
170,1130,"6 Male",0.04,0.04
171,1131,"6 Male",0.2,0.14142135623731
172,1132,"6 Male",0.32,0.228910462845192
173,1133,"6 Male",0.04,0.04
174,1134,"6 Male",0.04,0.04
175,1135,"6 Male",0,0
176,1136,"6 Male",0,0
177,1137,"6 Male",0,0
178,1138,"6 Male",0.04,0.04
179,1139,"6 Male",0,0
180,1140,"6 Male",0,0
181,1141,"6 Male",0,0
182,1142,"6 Male",0,0
183,1143,"6 Male",0,0
184,1144,"6 Male",0,0
185,1145,"6 Male",0,0
186,1146,"6 Male",0,0
187,1147,"6 Male",0,0
188,1148,"6 Male",0,0
189,1149,"6 Male",0,0
190,1150,"6 Male",0,0
191,1151,"6 Male",0,0
192,1152,"6 Male",0,0
193,1153,"6 Male",0,0
194,1154,"6 Male",0,0
195,1155,"6 Male",0,0
196,1156,"6 Male",0,0
197,1157,"6 Male",0,0
198,1158,"6 Male",0.12,0.0879393730551528
199,1159,"6 Male",0.08,0.08
200,1160,"6 Male",0.32,0.32
201,1161,"6 Male",0.48,0.48
202,1162,"6 Male",0.04,0.04
203,1163,"6 Male",0,0
204,1164,"6 Male",0,0
205,1165,"6 Male",0,0
206,1166,"6 Male",0,0
207,1167,"6 Male",0,0
208,1168,"6 Male",0,0
209,1169,"6 Male",0,0
210,1170,"6 Male",0,0
211,1171,"6 Male",0,0
212,1172,"6 Male",0.16,0.124899959967968
213,1173,"6 Male",0,0
214,1174,"6 Male",0,0
215,1175,"6 Male",0,0
216,1176,"6 Male",0.04,0.04
217,1177,"6 Male",0.08,0.08
218,1178,"6 Male",0,0
219,1179,"6 Male",0,0
220,1180,"6 Male",0,0
221,1181,"6 Male",0,0
222,1182,"6 Male",0,0
223,1183,"6 Male",0,0
224,1184,"6 Male",0,0
225,1185,"6 Male",0,0
226,1186,"6 Male",0,0
227,1187,"6 Male",0,0
228,1188,"6 Male",0,0
229,1189,"6 Male",0,0
230,1190,"6 Male",0.2,0.2
231,1191,"6 Male",0,0
232,1192,"6 Male",0,0
233,1193,"6 Male",0,0
234,1194,"6 Male",0,0
235,1195,"6 Male",0.16,0.16
236,1196,"6 Male",0.04,0.04
237,1197,"6 Male",0,0
238,1198,"6 Male",0,0
239,1199,"6 Male",0,0
240,1200,"6 Male",0,0
241,1201,"6 Male",0,0
242,1202,"6 Male",0,0
243,1203,"6 Male",0.04,0.04
244,1204,"6 Male",0.2,0.2
245,1205,"6 Male",0,0
246,1206,"6 Male",0,0
247,1207,"6 Male",0,0
248,1208,"6 Male",0,0
249,1209,"6 Male",0,0
250,1210,"6 Male",0,0
251,1211,"6 Male",0,0
252,1212,"6 Male",0,0
253,1213,"6 Male",0.08,0.08
254,1214,"6 Male",0.04,0.04
255,1215,"6 Male",0,0
256,1216,"6 Male",0,0
257,1217,"6 Male",0.16,0.16
258,1218,"6 Male",0.04,0.04
259,1219,"6 Male",0,0
260,1220,"6 Male",0,0
261,1221,"6 Male",0,0
262,1222,"6 Male",0.12,0.12
263,1223,"6 Male",0,0
264,1224,"6 Male",0.44,0.44
265,1225,"6 Male",0.44,0.400333194560065
266,1226,"6 Male",0,0
267,1227,"6 Male",0.08,0.08
268,1228,"6 Male",0,0
269,1229,"6 Male",0.04,0.04
270,1230,"6 Male",0,0
271,1231,"6 Male",0,0
272,1232,"6 Male",0.04,0.04
273,1233,"6 Male",0.04,0.04
274,1234,"6 Male",0.04,0.04
275,1235,"6 Male",0.04,0.04
276,1236,"6 Male",0,0
277,1237,"6 Male",0,0
278,1238,"6 Male",0.24,0.24
279,1239,"6 Male",0,0
280,1240,"6 Male",0,0
281,1241,"6 Male",0.12,0.12
282,1242,"6 Male",0.28,0.241660919471891
283,1243,"6 Male",0.2,0.2
284,1244,"6 Male",0.04,0.04
285,1245,"6 Male",0,0
286,1246,"6 Male",0.04,0.04
287,1247,"6 Male",0.32,0.32
288,1248,"6 Male",0.04,0.04
289,1249,"6 Male",0.08,0.08
290,1250,"6 Male",0.08,0.08
291,1251,"6 Male",0,0
292,1252,"6 Male",0.44,0.44
293,1253,"6 Male",0.08,0.08
294,1254,"6 Male",0.36,0.263818119165458
295,1255,"6 Male",0,0
296,1256,"6 Male",0,0
297,1257,"6 Male",0.08,0.08
298,1258,"6 Male",0,0
299,1259,"6 Male",0,0
300,1260,"6 Male",0,0
301,1261,"6 Male",0,0
302,1262,"6 Male",0,0
303,1263,"6 Male",0,0
304,1264,"6 Male",0,0
305,1265,"6 Male",0,0
306,1266,"6 Male",0,0
307,1267,"6 Male",0.04,0.04
308,1268,"6 Male",0.12,0.12
309,1269,"6 Male",0,0
310,1270,"6 Male",0,0
311,1271,"6 Male",0,0
312,1272,"6 Male",0,0
313,1273,"6 Male",0,0
314,1274,"6 Male",0,0
315,1275,"6 Male",0,0
316,1276,"6 Male",0,0
317,1277,"6 Male",0,0
318,1278,"6 Male",0,0
319,1279,"6 Male",0,0
320,1280,"6 Male",0,0
321,1281,"6 Male",0,0
322,1282,"6 Male",0,0
323,1283,"6 Male",0,0
324,1284,"6 Male",0,0
325,1285,"6 Male",0,0
326,1286,"6 Male",0,0
327,1287,"6 Male",0,0
328,1288,"6 Male",0,0
329,1289,"6 Male",0,0
330,1290,"6 Male",0.08,0.08
331,1291,"6 Male",0,0
332,1292,"6 Male",0.04,0.04
333,1293,"6 Male",0,0
334,1294,"6 Male",0.08,0.08
335,1295,"6 Male",0.08,0.08
336,1296,"6 Male",0.08,0.08
337,1297,"6 Male",0,0
338,1298,"6 Male",0.16,0.16
339,1299,"6 Male",0.12,0.0879393730551528
340,1300,"6 Male",0.12,0.12
341,1301,"6 Male",0.04,0.04
342,1302,"6 Male",0.16,0.16
343,1303,"6 Male",0.28,0.28
344,1304,"6 Male",0.12,0.12
345,1305,"6 Male",0.4,0.4
346,1306,"6 Male",0.12,0.12
347,1307,"6 Male",0.04,0.04
348,1308,"6 Male",0,0
349,1309,"6 Male",0,0
350,1310,"6 Male",0,0
351,1311,"6 Male",0,0
352,1312,"6 Male",0.12,0.12
353,1313,"6 Male",0.12,0.12
354,1314,"6 Male",0,0
355,1315,"6 Male",0,0
356,1316,"6 Male",0,0
357,1317,"6 Male",0,0
358,1318,"6 Male",0,0
359,1319,"6 Male",0,0
360,1320,"6 Male",0,0
361,1321,"6 Male",0,0
362,1322,"6 Male",0,0
363,1323,"6 Male",0,0
364,1324,"6 Male",0.08,0.08
365,1325,"6 Male",0.08,0.08
366,1326,"6 Male",0,0
367,1327,"6 Male",0,0
368,1328,"6 Male",0,0
369,1329,"6 Male",0,0
370,1330,"6 Male",0,0
371,1331,"6 Male",0,0
372,1332,"6 Male",0,0
373,1333,"6 Male",0,0
374,1334,"6 Male",0,0
375,1335,"6 Male",0,0
376,1336,"6 Male",0.12,0.12
377,1337,"6 Male",0.64,0.64
378,1338,"6 Male",0.32,0.32
379,1339,"6 Male",0.2,0.2
380,1340,"6 Male",0.24,0.24
381,1341,"6 Male",0,0
382,1342,"6 Male",0.12,0.12
383,1343,"6 Male",0.16,0.16
384,1344,"6 Male",0.12,0.0879393730551528
385,1345,"6 Male",0.04,0.04
386,1346,"6 Male",0.16,0.124899959967968
387,1347,"6 Male",0.04,0.04
388,1348,"6 Male",0.04,0.04
389,1349,"6 Male",0.2,0.129099444873581
390,1350,"6 Male",0.16,0.124899959967968
391,1351,"6 Male",0,0
392,1352,"6 Male",0.08,0.08
393,1353,"6 Male",0.04,0.04
394,1354,"6 Male",0.52,0.44392191505564
395,1355,"6 Male",0.48,0.283548937575156
396,1356,"6 Male",0.36,0.198997487421324
397,1357,"6 Male",0.2,0.1
398,1358,"6 Male",0.2,0.115470053837925
399,1359,"6 Male",0.24,0.166132477258361
400,1360,"6 Male",0.28,0.14742229591664
401,1361,"6 Male",1.08,0.690217357069496
402,1362,"6 Male",1.04,0.646735391537116
403,1363,"6 Male",0.2,0.115470053837925
404,1364,"6 Male",0.12,0.12
405,1365,"6 Male",0.36,0.36
406,1366,"6 Male",0.2,0.129099444873581
407,1367,"6 Male",0.36,0.230072452356499
408,1368,"6 Male",0.16,0.110754984838908
409,1369,"6 Male",0.16,0.124899959967968
410,1370,"6 Male",0.16,0.124899959967968
411,1371,"6 Male",0.12,0.12
412,1372,"6 Male",0.08,0.08
413,1373,"6 Male",0.12,0.12
414,1374,"6 Male",0.12,0.12
415,1375,"6 Male",0.12,0.12
416,1376,"6 Male",0.08,0.08
417,1377,"6 Male",0.04,0.04
418,1378,"6 Male",0.16,0.16
419,1379,"6 Male",0.08,0.08
420,1380,"6 Male",0.08,0.08
421,1381,"6 Male",0.12,0.12
422,1382,"6 Male",0.08,0.08
423,1383,"6 Male",0.04,0.04
424,1384,"6 Male",0.2,0.14142135623731
425,1385,"6 Male",0.16,0.0945163125250522
426,1386,"6 Male",0.36,0.320832251080426
427,1387,"6 Male",0.8,0.532290647422377
428,1388,"6 Male",0.8,0.685565460040104
429,1389,"6 Male",0.32,0.18
430,1390,"6 Male",0.04,0.04
431,1391,"6 Male",0.12,0.12
432,1392,"6 Male",0.08,0.0553774924194538
433,1393,"6 Male",0.56,0.519871779063517
434,1394,"6 Male",0.16,0.124899959967968
435,1395,"6 Male",0.12,0.12
436,1396,"6 Male",0.04,0.04
437,1397,"6 Male",0,0
438,1398,"6 Male",0.08,0.08
439,1399,"6 Male",0.08,0.08
440,1400,"6 Male",0.24,0.166132477258361
441,1401,"6 Male",0.04,0.04
442,1402,"6 Male",0.08,0.08
443,1403,"6 Male",0.32,0.32
444,1404,"6 Male",0.32,0.249799919935936
445,1405,"6 Male",0.04,0.04
446,1406,"6 Male",0,0
447,1407,"6 Male",0,0
448,1408,"6 Male",0.24,0.24
449,1409,"6 Male",0,0
450,1410,"6 Male",0,0
451,1411,"6 Male",0.08,0.08
452,1412,"6 Male",0,0
453,1413,"6 Male",0,0
454,1414,"6 Male",0.08,0.08
455,1415,"6 Male",0.12,0.0879393730551528
456,1416,"6 Male",0.2,0.2
457,1417,"6 Male",0.2,0.14142135623731
458,1418,"6 Male",0.24,0.24
459,1419,"6 Male",0.36,0.36
460,1420,"6 Male",0.6,0.559761854124889
461,1421,"6 Male",0.08,0.08
462,1422,"6 Male",0.08,0.08
463,1423,"6 Male",0.08,0.0553774924194538
464,1424,"6 Male",0.24,0.175878746110306
465,1425,"6 Male",0.32,0.18
466,1426,"6 Male",0.2,0.129099444873581
467,1427,"6 Male",0.12,0.0879393730551528
468,1428,"6 Male",0.36,0.230072452356499
469,1429,"6 Male",0.08,0.0553774924194538
470,1430,"6 Male",0.28,0.14742229591664
471,1431,"6 Male",0.28,0.158324561160506
472,1432,"6 Male",0.16,0.0945163125250522
473,1433,"6 Male",0.4,0.208166599946613
474,1434,"6 Male",0.24,0.144683562761405
475,1435,"6 Male",0.28,0.135646599662505
476,1436,"6 Male",0.28,0.122746350930146
477,1437,"6 Male",1.04,0.638957484240279
478,1438,"6 Male",1.32,0.390384425918863
479,1439,"6 Male",1.48,0.283548937575156
480,0,"6 Male",1.76,0.347754702819866
481,1,"6 Male",1.2,0.316227766016838
482,2,"6 Male",0.76,0.202319878739914
483,3,"6 Male",1.48,0.258972327994067
484,4,"6 Male",1.6,0.258198889747161
485,5,"6 Male",1.08,0.230362033908947
486,6,"6 Male",1.48,0.300665927567458
487,7,"6 Male",1.2,0.258198889747161
488,8,"6 Male",1.08,0.21540659228538
489,9,"6 Male",1.52,0.283548937575156
490,10,"6 Male",1.48,0.289367125522809
491,11,"6 Male",1.72,0.495042085752986
492,12,"6 Male",1.2,0.264575131106459
493,13,"6 Male",1.24,0.210396451174127
494,14,"6 Male",2.36,1.15597001114504
495,15,"6 Male",0.88,0.225979350089044
496,16,"6 Male",1.24,0.30155154341063
497,17,"6 Male",1.16,0.19731531449265
498,18,"6 Male",1.12,0.202649122047609
499,19,"6 Male",1.28,0.227449628123093
500,20,"6 Male",1.16,0.235796522451032
501,21,"6 Male",1.36,0.282134719593318
502,22,"6 Male",1.24,0.210396451174127
503,23,"6 Male",0.88,0.156204993518133
504,24,"6 Male",1.08,0.21540659228538
505,25,"6 Male",1.56,0.258714772159097
506,26,"6 Male",1.36,0.325985684757271
507,27,"6 Male",1,0.216024689946929
508,28,"6 Male",1.24,0.202319878739914
509,29,"6 Male",1.24,0.202319878739914
510,30,"6 Male",1.16,0.303754286663854
511,31,"6 Male",1,0.2
512,32,"6 Male",1.16,0.235796522451032
513,33,"6 Male",0.96,0.285657137141714
514,34,"6 Male",1.04,0.203960780543711
515,35,"6 Male",1,0.23094010767585
516,36,"6 Male",1.04,0.308112533554436
517,37,"6 Male",1.08,0.270308465769511
518,38,"6 Male",0.92,0.22300971578237
519,39,"6 Male",1.2,0.258198889747161
520,40,"6 Male",1.04,0.186904610251682
521,41,"6 Male",1.44,0.300444115713167
522,42,"6 Male",1.32,0.249799919935936
523,43,"6 Male",1.84,0.508854923660303
524,44,"6 Male",1.16,0.256124969497314
525,45,"6 Male",0.84,0.235796522451032
526,46,"6 Male",0.92,0.199332218503014
527,47,"6 Male",0.88,0.194250697124446
528,48,"6 Male",0.84,0.170098010962308
529,49,"6 Male",0.84,0.16
530,50,"6 Male",0.92,0.172433562085034
531,51,"6 Male",0.88,0.156204993518133
532,52,"6 Male",1.28,0.441663522001384
533,53,"6 Male",1.08,0.336253872344493
534,54,"6 Male",0.84,0.249532896962839
535,55,"6 Male",1.48,0.622146820828224
536,56,"6 Male",0.52,0.154056266777218
537,57,"6 Male",0.72,0.195959179422654
538,58,"6 Male",0.56,0.153622914957372
539,59,"6 Male",1.24,0.357211421989835
540,60,"6 Male",1.04,0.227156333832011
541,61,"6 Male",0.72,0.178138522878498
542,62,"6 Male",1.12,0.233238075793812
543,63,"6 Male",0.68,0.18
544,64,"6 Male",1.08,0.21540659228538
545,65,"6 Male",0.96,0.219696760710454
546,66,"6 Male",0.96,0.211974841274462
547,67,"6 Male",0.68,0.170489491367259
548,68,"6 Male",1.08,0.257681974534503
549,69,"6 Male",0.56,0.130128141972954
550,70,"6 Male",1.08,0.22300971578237
551,71,"6 Male",0.84,0.188679622641132
552,72,"6 Male",0.96,0.15790292376436
553,73,"6 Male",1,0.216024689946929
554,74,"6 Male",0.76,0.193907194296653
555,75,"6 Male",0.6,0.129099444873581
556,76,"6 Male",0.88,0.17625738755203
557,77,"6 Male",0.76,0.175878746110306
558,78,"6 Male",0.84,0.20558858593479
559,79,"6 Male",0.68,0.18
560,80,"6 Male",0.96,0.211974841274462
561,81,"6 Male",0.6,0.182574185835055
562,82,"6 Male",0.92,0.207525098883645
563,83,"6 Male",0.44,0.245492701860293
564,84,"6 Male",0.8,0.182574185835055
565,85,"6 Male",0.4,0.129099444873581
566,86,"6 Male",0.64,0.151437555888007
567,87,"6 Male",1.04,0.211974841274462
568,88,"6 Male",0.84,0.268824602048746
569,89,"6 Male",1,0.244948974278318
570,90,"6 Male",0.6,0.163299316185545
571,91,"6 Male",0.8,0.264575131106459
572,92,"6 Male",0.8,0.2
573,93,"6 Male",0.72,0.195959179422654
574,94,"6 Male",0.84,0.213541565040626
575,95,"6 Male",1,0.360555127546399
576,96,"6 Male",0.6,0.216024689946929
577,97,"6 Male",0.44,0.142361043360417
578,98,"6 Male",0.76,0.166132477258361
579,99,"6 Male",0.76,0.202319878739914
580,100,"6 Male",0.96,0.254820198048219
581,101,"6 Male",0.6,0.163299316185545
582,102,"6 Male",0.72,0.178138522878498
583,103,"6 Male",0.68,0.149666295470958
584,104,"6 Male",0.72,0.187260958735842
585,105,"6 Male",0.72,0.248461935381123
586,106,"6 Male",0.56,0.164113781667882
587,107,"6 Male",0.84,0.19731531449265
588,108,"6 Male",1.44,0.683325203203667
589,109,"6 Male",0.4,0.115470053837925
590,110,"6 Male",0.84,0.20558858593479
591,111,"6 Male",1.2,0.621825270205921
592,112,"6 Male",2.04,1.547557214882
593,113,"6 Male",0.72,0.187260958735842
594,114,"6 Male",0.44,0.153622914957372
595,115,"6 Male",0.52,0.130639452948436
596,116,"6 Male",0.48,0.130639452948436
597,117,"6 Male",0.68,0.262805377925694
598,118,"6 Male",0.56,0.200665559243899
599,119,"6 Male",0.72,0.291661904723031
600,120,"6 Male",0.84,0.292574776766556
601,121,"6 Male",0.64,0.263818119165458
602,122,"6 Male",0.8,0.276887462097269
603,123,"6 Male",0.52,0.192527054375915
604,124,"6 Male",0.56,0.200665559243899
605,125,"6 Male",0.88,0.210713075057055
606,126,"6 Male",0.88,0.352703841770968
607,127,"6 Male",0.8,0.2
608,128,"6 Male",0.84,0.249532896962839
609,129,"6 Male",0.56,0.130128141972954
610,130,"6 Male",0.72,0.178138522878498
611,131,"6 Male",0.68,0.160416125540213
612,132,"6 Male",0.72,0.158324561160506
613,133,"6 Male",0.72,0.187260958735842
614,134,"6 Male",0.72,0.204287379280594
615,135,"6 Male",0.56,0.153622914957372
616,136,"6 Male",0.68,0.269072480941474
617,137,"6 Male",0.6,0.163299316185545
618,138,"6 Male",0.68,0.228910462845192
619,139,"6 Male",0.96,0.291433239925259
620,140,"6 Male",1.12,0.44840457922134
621,141,"6 Male",0.44,0.153622914957372
622,142,"6 Male",0.12,0.066332495807108
623,143,"6 Male",0.36,0.151437555888007
624,144,"6 Male",0.44,0.116619037896906
625,145,"6 Male",0.64,0.230072452356499
626,146,"6 Male",0.48,0.164519502390041
627,147,"6 Male",0.36,0.113724814061547
628,148,"6 Male",0.64,0.244131112314674
629,149,"6 Male",0.6,0.163299316185545
630,150,"6 Male",0.48,0.174355957741627
631,151,"6 Male",0.56,0.173973178009332
632,152,"6 Male",0.48,0.174355957741627
633,153,"6 Male",0.28,0.108320512061813
634,154,"6 Male",0.32,0.1113552872566
635,155,"6 Male",0.36,0.215096877398689
636,156,"6 Male",0.48,0.154056266777218
637,157,"6 Male",0.48,0.130639452948436
638,158,"6 Male",0.88,0.440908153700972
639,159,"6 Male",0.8,0.23094010767585
640,160,"6 Male",0.4,0.191485421551268
641,161,"6 Male",1.48,0.566038867923396
642,162,"6 Male",0.88,0.409552601424205
643,163,"6 Male",0.6,0.216024689946929
644,164,"6 Male",0.56,0.153622914957372
645,165,"6 Male",0.8,0.276887462097269
646,166,"6 Male",1.84,1.22838647555781
647,167,"6 Male",0.92,0.386953916291505
648,168,"6 Male",0.28,0.135646599662505
649,169,"6 Male",0.4,0.152752523165195
650,170,"6 Male",0.44,0.142361043360417
651,171,"6 Male",0.52,0.142828568570857
652,172,"6 Male",0.12,0.066332495807108
653,173,"6 Male",0.36,0.127540843131393
654,174,"6 Male",0.28,0.0916515138991168
655,175,"6 Male",0.6,0.264575131106459
656,176,"6 Male",0.4,0.115470053837925
657,177,"6 Male",0.56,0.164113781667882
658,178,"6 Male",0.36,0.172046505340853
659,179,"6 Male",0.4,0.152752523165195
660,180,"6 Male",0.48,0.21694853460364
661,181,"6 Male",0.2,0.1
662,182,"6 Male",0.24,0.132664991614216
663,183,"6 Male",0.92,0.634875315842935
664,184,"6 Male",0.24,0.0871779788708135
665,185,"6 Male",0.24,0.104562580942387
666,186,"6 Male",0.32,0.149666295470958
667,187,"6 Male",0.36,0.127540843131393
668,188,"6 Male",0.32,0.125432584814845
669,189,"6 Male",0.4,0.152752523165195
670,190,"6 Male",0.16,0.0748331477354788
671,191,"6 Male",0.4,0.182574185835055
672,192,"6 Male",0.44,0.164113781667882
673,193,"6 Male",0.72,0.313687742827162
674,194,"6 Male",0.92,0.264070697604511
675,195,"6 Male",0.84,0.303754286663854
676,196,"6 Male",0.36,0.151437555888007
677,197,"6 Male",0.44,0.173973178009332
678,198,"6 Male",0.48,0.192527054375915
679,199,"6 Male",0.36,0.127540843131393
680,200,"6 Male",0.44,0.153622914957372
681,201,"6 Male",0.52,0.142828568570857
682,202,"6 Male",0.64,0.244131112314674
683,203,"6 Male",0.44,0.153622914957372
684,204,"6 Male",0.24,0.104562580942387
685,205,"6 Male",0.48,0.192527054375915
686,206,"6 Male",0.8,0.443471156521669
687,207,"6 Male",0.24,0.119443152447793
688,208,"6 Male",0.32,0.1113552872566
689,209,"6 Male",0.28,0.0916515138991168
690,210,"6 Male",0.24,0.119443152447793
691,211,"6 Male",0.36,0.14
692,212,"6 Male",0.48,0.174355957741627
693,213,"6 Male",0.36,0.181475434517549
694,214,"6 Male",0.24,0.119443152447793
695,215,"6 Male",0.32,0.138082101181387
696,216,"6 Male",0.2,0.1
697,217,"6 Male",0.32,0.1113552872566
698,218,"6 Male",0.24,0.119443152447793
699,219,"6 Male",0.24,0.104562580942387
700,220,"6 Male",0.2,0.1
701,221,"6 Male",0.32,0.18
702,222,"6 Male",0.24,0.119443152447793
703,223,"6 Male",0.36,0.162069943748576
704,224,"6 Male",0.48,0.238886304895586
705,225,"6 Male",0.48,0.238886304895586
706,226,"6 Male",0.88,0.312623309005156
707,227,"6 Male",0.48,0.174355957741627
708,228,"6 Male",0.32,0.125432584814845
709,229,"6 Male",0.32,0.149666295470958
710,230,"6 Male",0.36,0.181475434517549
711,231,"6 Male",0.2,0.0816496580927726
712,232,"6 Male",0.28,0.122746350930146
713,233,"6 Male",0.4,0.208166599946613
714,234,"6 Male",0.92,0.41198705481281
715,235,"6 Male",0.16,0.0748331477354788
716,236,"6 Male",0.24,0.104562580942387
717,237,"6 Male",0.52,0.200997512422418
718,238,"6 Male",0.36,0.181475434517549
719,239,"6 Male",0.44,0.164113781667882
720,240,"6 Male",0.36,0.14
721,241,"6 Male",0.56,0.142361043360417
722,242,"6 Male",0.36,0.127540843131393
723,243,"6 Male",0.36,0.151437555888007
724,244,"6 Male",0.76,0.560594922084268
725,245,"6 Male",0.52,0.265329983228432
726,246,"6 Male",0.96,0.343899210040772
727,247,"6 Male",0.4,0.152752523165195
728,248,"6 Male",0.44,0.164113781667882
729,249,"6 Male",0.44,0.164113781667882
730,250,"6 Male",0.28,0.108320512061813
731,251,"6 Male",0.48,0.183666364186079
732,252,"6 Male",0.2,0.2
733,253,"6 Male",0.92,0.602550136226577
734,254,"6 Male",0.72,0.28
735,255,"6 Male",0.2,0.115470053837925
736,256,"6 Male",0.12,0.066332495807108
737,257,"6 Male",0.12,0.0879393730551528
738,258,"6 Male",0.36,0.162069943748576
739,259,"6 Male",0.48,0.265329983228432
740,260,"6 Male",1.12,0.997196068985433
741,261,"6 Male",1.32,1.1571804814577
742,262,"6 Male",1.16,0.882571998951549
743,263,"6 Male",1,0.918331820930394
744,264,"6 Male",1.48,1.19459895641452
745,265,"6 Male",0.16,0.0945163125250522
746,266,"6 Male",0.12,0.0879393730551528
747,267,"6 Male",0.2,0.1
748,268,"6 Male",0.12,0.066332495807108
749,269,"6 Male",0.2,0.1
750,270,"6 Male",0.44,0.283313724811677
751,271,"6 Male",0.12,0.0879393730551528
752,272,"6 Male",0.08,0.0553774924194538
753,273,"6 Male",0.2,0.129099444873581
754,274,"6 Male",0.16,0.0945163125250522
755,275,"6 Male",0.24,0.119443152447793
756,276,"6 Male",0.28,0.122746350930146
757,277,"6 Male",0.24,0.104562580942387
758,278,"6 Male",0.28,0.122746350930146
759,279,"6 Male",0.28,0.122746350930146
760,280,"6 Male",0.28,0.14742229591664
761,281,"6 Male",0.2,0.129099444873581
762,282,"6 Male",0.12,0.066332495807108
763,283,"6 Male",0.2,0.1
764,284,"6 Male",0.12,0.066332495807108
765,285,"6 Male",0.32,0.138082101181387
766,286,"6 Male",0.36,0.215096877398689
767,287,"6 Male",0.32,0.125432584814845
768,288,"6 Male",0.32,0.149666295470958
769,289,"6 Male",0.48,0.209125161884775
770,290,"6 Male",0.32,0.125432584814845
771,291,"6 Male",0.28,0.14742229591664
772,292,"6 Male",0.2,0.115470053837925
773,293,"6 Male",0.16,0.0945163125250522
774,294,"6 Male",0.28,0.158324561160506
775,295,"6 Male",0.36,0.181475434517549
776,296,"6 Male",0.32,0.125432584814845
777,297,"6 Male",0.4,0.182574185835055
778,298,"6 Male",0.76,0.444522215417857
779,299,"6 Male",0.32,0.149666295470958
780,300,"6 Male",0.4,0.2
781,301,"6 Male",0.48,0.209125161884775
782,302,"6 Male",0.24,0.104562580942387
783,303,"6 Male",0.6,0.251661147842358
784,304,"6 Male",0.56,0.192180470738661
785,305,"6 Male",0.56,0.200665559243899
786,306,"6 Male",0.4,0.238047614284762
787,307,"6 Male",0.4,0.152752523165195
788,308,"6 Male",0.4,0.238047614284762
789,309,"6 Male",0.36,0.190438091427809
790,310,"6 Male",0.44,0.173973178009332
791,311,"6 Male",0.32,0.125432584814845
792,312,"6 Male",0.32,0.1113552872566
793,313,"6 Male",0.8,0.559761854124889
794,314,"6 Male",0.76,0.366424162230968
795,315,"6 Male",0.12,0.066332495807108
796,316,"6 Male",0.6,0.378593889720018
797,317,"6 Male",0.8,0.637704215656966
798,318,"6 Male",0.96,0.798915932164747
799,319,"6 Male",0.28,0.122746350930146
800,320,"6 Male",0.24,0.166132477258361
801,321,"6 Male",0.4,0.216024689946929
802,322,"6 Male",0.24,0.119443152447793
803,323,"6 Male",0.28,0.204287379280594
804,324,"6 Male",0.32,0.125432584814845
805,325,"6 Male",0.36,0.127540843131393
806,326,"6 Male",0.2,0.0816496580927726
807,327,"6 Male",0.32,0.149666295470958
808,328,"6 Male",0.32,0.125432584814845
809,329,"6 Male",0.2,0.115470053837925
810,330,"6 Male",0.2,0.1
811,331,"6 Male",0.08,0.0553774924194538
812,332,"6 Male",0.28,0.14742229591664
813,333,"6 Male",0.12,0.066332495807108
814,334,"6 Male",0.36,0.222710574513201
815,335,"6 Male",0.28,0.135646599662505
816,336,"6 Male",0.08,0.0553774924194538
817,337,"6 Male",0.32,0.138082101181387
818,338,"6 Male",0.32,0.170489491367259
819,339,"6 Male",0.68,0.44988887516808
820,340,"6 Male",0.28,0.168522995463527
821,341,"6 Male",0.12,0.066332495807108
822,342,"6 Male",0.28,0.108320512061813
823,343,"6 Male",0.28,0.108320512061813
824,344,"6 Male",0.28,0.0916515138991168
825,345,"6 Male",0.2,0.1
826,346,"6 Male",0.28,0.14742229591664
827,347,"6 Male",0.48,0.154056266777218
828,348,"6 Male",0.4,0.163299316185545
829,349,"6 Male",0.2,0.129099444873581
830,350,"6 Male",0.08,0.08
831,351,"6 Male",0.2,0.115470053837925
832,352,"6 Male",0.24,0.104562580942387
833,353,"6 Male",0.44,0.192180470738661
834,354,"6 Male",0.28,0.108320512061813
835,355,"6 Male",0.48,0.183666364186079
836,356,"6 Male",0.4,0.129099444873581
837,357,"6 Male",0.48,0.183666364186079
838,358,"6 Male",0.28,0.122746350930146
839,359,"6 Male",0.52,0.24576411454889
840,360,"6 Male",0.36,0.263818119165458
841,361,"6 Male",0.24,0.144683562761405
842,362,"6 Male",0.2,0.1
843,363,"6 Male",0.16,0.0945163125250522
844,364,"6 Male",0.16,0.0945163125250522
845,365,"6 Male",0.4,0.216024689946929
846,366,"6 Male",0.16,0.0945163125250522
847,367,"6 Male",0.2,0.115470053837925
848,368,"6 Male",0.4,0.163299316185545
849,369,"6 Male",0.2,0.1
850,370,"6 Male",0.24,0.119443152447793
851,371,"6 Male",0.24,0.104562580942387
852,372,"6 Male",0.12,0.0879393730551528
853,373,"6 Male",0.24,0.104562580942387
854,374,"6 Male",0.12,0.066332495807108
855,375,"6 Male",0.08,0.0553774924194538
856,376,"6 Male",0.16,0.0945163125250522
857,377,"6 Male",0.2,0.14142135623731
858,378,"6 Male",0.04,0.04
859,379,"6 Male",0.04,0.04
860,380,"6 Male",0.08,0.0553774924194538
861,381,"6 Male",0.08,0.08
862,382,"6 Male",0.16,0.124899959967968
863,383,"6 Male",0.04,0.04
864,384,"6 Male",0.08,0.0553774924194538
865,385,"6 Male",0.2,0.1
866,386,"6 Male",0.12,0.0879393730551528
867,387,"6 Male",0.08,0.08
868,388,"6 Male",0.12,0.0879393730551528
869,389,"6 Male",0.16,0.0945163125250522
870,390,"6 Male",0.16,0.110754984838908
871,391,"6 Male",0.16,0.0945163125250522
872,392,"6 Male",0.48,0.322076595444831
873,393,"6 Male",0.8,0.351188458428425
874,394,"6 Male",0.44,0.25219040425837
875,395,"6 Male",0.4,0.282842712474619
876,396,"6 Male",0.4,0.223606797749979
877,397,"6 Male",0.4,0.264575131106459
878,398,"6 Male",0.08,0.0553774924194538
879,399,"6 Male",0.32,0.243036348447442
880,400,"6 Male",0.56,0.408574758561188
881,401,"6 Male",0.64,0.559404445221285
882,402,"6 Male",1.12,1.03813936122918
883,403,"6 Male",0.36,0.215096877398689
884,404,"6 Male",0.04,0.04
885,405,"6 Male",0.04,0.04
886,406,"6 Male",0.04,0.04
887,407,"6 Male",0.16,0.0945163125250522
888,408,"6 Male",0.04,0.04
889,409,"6 Male",0.12,0.066332495807108
890,410,"6 Male",0.16,0.124899959967968
891,411,"6 Male",0.4,0.208166599946613
892,412,"6 Male",0.28,0.135646599662505
893,413,"6 Male",0.2,0.115470053837925
894,414,"6 Male",0.16,0.0945163125250522
895,415,"6 Male",0.24,0.119443152447793
896,416,"6 Male",0.16,0.0945163125250522
897,417,"6 Male",0.2,0.1
898,418,"6 Male",0.72,0.389529630879774
899,419,"6 Male",0.52,0.277608837515427
900,420,"6 Male",0.44,0.231516738055805
901,421,"6 Male",0.4,0.163299316185545
902,422,"6 Male",0.16,0.110754984838908
903,423,"6 Male",0.2,0.1
904,424,"6 Male",0.68,0.492341345003647
905,425,"6 Male",0.24,0.119443152447793
906,426,"6 Male",0.48,0.400499687890016
907,427,"6 Male",0.28,0.14742229591664
908,428,"6 Male",0.4,0.191485421551268
909,429,"6 Male",0.08,0.0553774924194538
910,430,"6 Male",0.2,0.115470053837925
911,431,"6 Male",0.04,0.04
912,432,"6 Male",0.12,0.066332495807108
913,433,"6 Male",0.12,0.0879393730551528
914,434,"6 Male",0.08,0.08
915,435,"6 Male",0.68,0.29280255007997
916,436,"6 Male",0.8,0.288675134594813
917,437,"6 Male",0.52,0.174355957741627
918,438,"6 Male",0.68,0.221509969677815
919,439,"6 Male",0.28,0.108320512061813
920,440,"6 Male",0.24,0.132664991614216
921,441,"6 Male",0.12,0.0879393730551528
922,442,"6 Male",0.32,0.125432584814845
923,443,"6 Male",0.56,0.216641024123626
924,444,"6 Male",0.36,0.162069943748576
925,445,"6 Male",0.28,0.14742229591664
926,446,"6 Male",0.16,0.0945163125250522
927,447,"6 Male",0.28,0.108320512061813
928,448,"6 Male",0.36,0.14
929,449,"6 Male",0.4,0.191485421551268
930,450,"6 Male",0.4,0.129099444873581
931,451,"6 Male",0.28,0.122746350930146
932,452,"6 Male",0.48,0.183666364186079
933,453,"6 Male",0.8,0.305505046330389
934,454,"6 Male",0.2,0.115470053837925
935,455,"6 Male",0.2,0.1
936,456,"6 Male",0.2,0.115470053837925
937,457,"6 Male",0.16,0.110754984838908
938,458,"6 Male",0.4,0.152752523165195
939,459,"6 Male",0.12,0.066332495807108
940,460,"6 Male",0.12,0.0879393730551528
941,461,"6 Male",0.36,0.244131112314674
942,462,"6 Male",0.16,0.0748331477354788
943,463,"6 Male",0.28,0.14742229591664
944,464,"6 Male",0.48,0.289367125522809
945,465,"6 Male",0.32,0.138082101181387
946,466,"6 Male",0.36,0.162069943748576
947,467,"6 Male",0.2,0.0816496580927726
948,468,"6 Male",0.6,0.23094010767585
949,469,"6 Male",0.36,0.162069943748576
950,470,"6 Male",0.52,0.295070613017743
951,471,"6 Male",0.2,0.1
952,472,"6 Male",0.16,0.110754984838908
953,473,"6 Male",0.28,0.14742229591664
954,474,"6 Male",0.28,0.135646599662505
955,475,"6 Male",0.16,0.0945163125250522
956,476,"6 Male",0.24,0.175878746110306
957,477,"6 Male",0.16,0.0945163125250522
958,478,"6 Male",0.16,0.0945163125250522
959,479,"6 Male",0.2,0.1
960,480,"6 Male",0.2,0.115470053837925
961,481,"6 Male",0.16,0.0748331477354788
962,482,"6 Male",0.32,0.18
963,483,"6 Male",0.32,0.138082101181387
964,484,"6 Male",0.36,0.190438091427809
965,485,"6 Male",0.12,0.0879393730551528
966,486,"6 Male",0.12,0.0879393730551528
967,487,"6 Male",0.64,0.395305788809962
968,488,"6 Male",0.16,0.110754984838908
969,489,"6 Male",0.12,0.12
970,490,"6 Male",0.12,0.0879393730551528
971,491,"6 Male",0.12,0.0879393730551528
972,492,"6 Male",0.12,0.0879393730551528
973,493,"6 Male",0.52,0.370225156717729
974,494,"6 Male",0.28,0.168522995463527
975,495,"6 Male",0.52,0.322076595444831
976,496,"6 Male",0.64,0.25086516962969
977,497,"6 Male",0.44,0.192180470738661
978,498,"6 Male",0.6,0.2
979,499,"6 Male",0.6,0.182574185835055
980,500,"6 Male",0.36,0.181475434517549
981,501,"6 Male",0.16,0.124899959967968
982,502,"6 Male",0.32,0.149666295470958
983,503,"6 Male",0.48,0.192527054375915
984,504,"6 Male",0.64,0.304849689737965
985,505,"6 Male",0.24,0.144683562761405
986,506,"6 Male",0.32,0.149666295470958
987,507,"6 Male",1.16,0.528141395209023
988,508,"6 Male",1.84,1.51182009511714
989,509,"6 Male",0.56,0.25219040425837
990,510,"6 Male",0.24,0.119443152447793
991,511,"6 Male",0.52,0.400499687890016
992,512,"6 Male",0.52,0.224499443206436
993,513,"6 Male",0.36,0.162069943748576
994,514,"6 Male",0.36,0.127540843131393
995,515,"6 Male",0.32,0.160416125540213
996,516,"6 Male",0.64,0.244131112314674
997,517,"6 Male",0.2,0.1
998,518,"6 Male",0.4,0.216024689946929
999,519,"6 Male",0.48,0.258972327994067
1000,520,"6 Male",0.12,0.066332495807108
1001,521,"6 Male",0.28,0.122746350930146
1002,522,"6 Male",0.28,0.122746350930146
1003,523,"6 Male",0.28,0.135646599662505
1004,524,"6 Male",0.2,0.1
1005,525,"6 Male",0.24,0.119443152447793
1006,526,"6 Male",0.52,0.209125161884775
1007,527,"6 Male",0.4,0.173205080756888
1008,528,"6 Male",0.36,0.162069943748576
1009,529,"6 Male",0.2,0.1
1010,530,"6 Male",0.2,0.1
1011,531,"6 Male",0.16,0.0945163125250522
1012,532,"6 Male",0.28,0.135646599662505
1013,533,"6 Male",0.88,0.719536888097708
1014,534,"6 Male",0.24,0.132664991614216
1015,535,"6 Male",0.32,0.138082101181387
1016,536,"6 Male",0.32,0.213853532431273
1017,537,"6 Male",0.32,0.160416125540213
1018,538,"6 Male",0.28,0.158324561160506
1019,539,"6 Male",0.4,0.173205080756888
1020,540,"6 Male",0.64,0.340978982734518
1021,541,"6 Male",0.48,0.21694853460364
1022,542,"6 Male",0.52,0.238886304895586
1023,543,"6 Male",0.92,0.528898225874632
1024,544,"6 Male",0.56,0.245492701860293
1025,545,"6 Male",0.88,0.39293765408777
1026,546,"6 Male",0.28,0.122746350930146
1027,547,"6 Male",0.4,0.173205080756888
1028,548,"6 Male",0.48,0.192527054375915
1029,549,"6 Male",0.68,0.269072480941474
1030,550,"6 Male",0.36,0.162069943748576
1031,551,"6 Male",0.4,0.163299316185545
1032,552,"6 Male",0.24,0.104562580942387
1033,553,"6 Male",0.28,0.135646599662505
1034,554,"6 Male",0.24,0.119443152447793
1035,555,"6 Male",0.28,0.168522995463527
1036,556,"6 Male",0.44,0.173973178009332
1037,557,"6 Male",0.48,0.183666364186079
1038,558,"6 Male",0.52,0.231804515342849
1039,559,"6 Male",0.8,0.316227766016838
1040,560,"6 Male",0.36,0.14
1041,561,"6 Male",0.24,0.119443152447793
1042,562,"6 Male",0.6,0.238047614284762
1043,563,"6 Male",0.6,0.191485421551268
1044,564,"6 Male",0.72,0.212289111041209
1045,565,"6 Male",0.28,0.108320512061813
1046,566,"6 Male",0.96,0.313475145213567
1047,567,"6 Male",0.56,0.173973178009332
1048,568,"6 Male",0.6,0.182574185835055
1049,569,"6 Male",1.16,0.508854923660303
1050,570,"6 Male",0.68,0.335261092284804
1051,571,"6 Male",0.4,0.152752523165195
1052,572,"6 Male",0.44,0.192180470738661
1053,573,"6 Male",0.4,0.152752523165195
1054,574,"6 Male",0.52,0.192527054375915
1055,575,"6 Male",0.64,0.244131112314674
1056,576,"6 Male",0.48,0.192527054375915
1057,577,"6 Male",0.6,0.208166599946613
1058,578,"6 Male",0.52,0.183666364186079
1059,579,"6 Male",0.44,0.142361043360417
1060,580,"6 Male",0.4,0.191485421551268
1061,581,"6 Male",0.64,0.340978982734518
1062,582,"6 Male",1.32,0.873155198117723
1063,583,"6 Male",2.12,1.37273449727178
1064,584,"6 Male",0.32,0.125432584814845
1065,585,"6 Male",0.36,0.14
1066,586,"6 Male",1.12,0.463033476111609
1067,587,"6 Male",0.56,0.153622914957372
1068,588,"6 Male",0.52,0.174355957741627
1069,589,"6 Male",0.72,0.195959179422654
1070,590,"6 Male",0.48,0.154056266777218
1071,591,"6 Male",0.8,0.369684550213647
1072,592,"6 Male",1.16,0.298216923284601
1073,593,"6 Male",0.96,0.329039004780082
1074,594,"6 Male",0.48,0.130639452948436
1075,595,"6 Male",0.88,0.278806982217686
1076,596,"6 Male",0.72,0.255081686262787
1077,597,"6 Male",0.64,0.198997487421324
1078,598,"6 Male",0.32,0.1113552872566
1079,599,"6 Male",0.68,0.269072480941474
1080,600,"6 Male",0.6,0.216024689946929
1081,601,"6 Male",0.32,0.138082101181387
1082,602,"6 Male",0.36,0.113724814061547
1083,603,"6 Male",0.84,0.235796522451032
1084,604,"6 Male",0.56,0.164113781667882
1085,605,"6 Male",0.28,0.14742229591664
1086,606,"6 Male",0.64,0.237205958328763
1087,607,"6 Male",0.48,0.174355957741627
1088,608,"6 Male",0.4,0.152752523165195
1089,609,"6 Male",0.4,0.129099444873581
1090,610,"6 Male",0.36,0.127540843131393
1091,611,"6 Male",0.84,0.27495454169735
1092,612,"6 Male",0.52,0.142828568570857
1093,613,"6 Male",0.76,0.193907194296653
1094,614,"6 Male",0.64,0.181475434517549
1095,615,"6 Male",0.52,0.164519502390041
1096,616,"6 Male",0.64,0.151437555888007
1097,617,"6 Male",1.08,0.3104834939252
1098,618,"6 Male",0.56,0.173973178009332
1099,619,"6 Male",0.84,0.16
1100,620,"6 Male",0.88,0.328227563335765
1101,621,"6 Male",0.6,0.163299316185545
1102,622,"6 Male",0.76,0.225684145064143
1103,623,"6 Male",0.44,0.164113781667882
1104,624,"6 Male",0.6,0.238047614284762
1105,625,"6 Male",0.76,0.185112578358864
1106,626,"6 Male",0.72,0.187260958735842
1107,627,"6 Male",0.4,0.14142135623731
1108,628,"6 Male",0.92,0.199332218503014
1109,629,"6 Male",0.64,0.181475434517549
1110,630,"6 Male",0.6,0.152752523165195
1111,631,"6 Male",0.44,0.142361043360417
1112,632,"6 Male",1.04,0.227156333832011
1113,633,"6 Male",1.4,0.276887462097269
1114,634,"6 Male",0.68,0.149666295470958
1115,635,"6 Male",1.04,0.318747549010185
1116,636,"6 Male",1.16,0.228619042659763
1117,637,"6 Male",1.04,0.219696760710454
1118,638,"6 Male",1.32,0.354588963919259
1119,639,"6 Male",0.92,0.237486841740758
1120,640,"6 Male",1.04,0.279761803444764
1121,641,"6 Male",0.84,0.20558858593479
1122,642,"6 Male",1,0.23094010767585
1123,643,"6 Male",0.56,0.173973178009332
1124,644,"6 Male",0.88,0.210713075057055
1125,645,"6 Male",0.88,0.194250697124446
1126,646,"6 Male",0.84,0.188679622641132
1127,647,"6 Male",1.16,0.256124969497314
1128,648,"6 Male",1.24,0.218174242292714
1129,649,"6 Male",0.92,0.199332218503014
1130,650,"6 Male",1.08,0.346025047262959
1131,651,"6 Male",2.12,0.749043834943367
1132,652,"6 Male",1.12,0.185472369909914
1133,653,"6 Male",1.08,0.293938769133981
1134,654,"6 Male",1.28,0.26153393661244
1135,655,"6 Male",1.28,0.267830792354676
1136,656,"6 Male",0.96,0.168126936172247
1137,657,"6 Male",1,0.191485421551268
1138,658,"6 Male",0.76,0.210396451174127
1139,659,"6 Male",0.96,0.241384893203089
1140,660,"6 Male",0.76,0.218174242292714
1141,661,"6 Male",0.68,0.149666295470958
1142,662,"6 Male",1.04,0.302654919008431
1143,663,"6 Male",0.8,0.152752523165195
1144,664,"6 Male",0.72,0.14742229591664
1145,665,"6 Male",1.2,0.238047614284762
1146,666,"6 Male",1.64,0.761314652426971
1147,667,"6 Male",0.84,0.20558858593479
1148,668,"6 Male",0.88,0.194250697124446
1149,669,"6 Male",0.88,0.240277617212535
1150,670,"6 Male",0.76,0.155777619273972
1151,671,"6 Male",0.92,0.190787840283389
1152,672,"6 Male",1.2,0.264575131106459
1153,673,"6 Male",0.72,0.204287379280594
1154,674,"6 Male",1,0.251661147842358
1155,675,"6 Male",0.8,0.173205080756888
1156,676,"6 Male",0.72,0.195959179422654
1157,677,"6 Male",1,0.355902608401044
1158,678,"6 Male",0.84,0.213541565040626
1159,679,"6 Male",0.8,0.163299316185545
1160,680,"6 Male",1.16,0.335062183283442
1161,681,"6 Male",0.8,0.152752523165195
1162,682,"6 Male",0.72,0.255081686262787
1163,683,"6 Male",1.08,0.360185137579736
1164,684,"6 Male",1,0.208166599946613
1165,685,"6 Male",1,0.216024689946929
1166,686,"6 Male",0.92,0.270308465769511
1167,687,"6 Male",0.84,0.16
1168,688,"6 Male",0.88,0.156204993518133
1169,689,"6 Male",1.16,0.262551582233536
1170,690,"6 Male",1,0.182574185835055
1171,691,"6 Male",1.04,0.241384893203089
1172,692,"6 Male",0.92,0.257681974534503
1173,693,"6 Male",0.88,0.202649122047609
1174,694,"6 Male",1.12,0.210713075057055
1175,695,"6 Male",1.44,0.550999092558236
1176,696,"6 Male",1.4,0.294392028877595
1177,697,"6 Male",0.88,0.17625738755203
1178,698,"6 Male",1.12,0.240277617212535
1179,699,"6 Male",0.88,0.145143607047182
1180,700,"6 Male",0.8,0.163299316185545
1181,701,"6 Male",1.04,0.219696760710454
1182,702,"6 Male",0.84,0.1796292478041
1183,703,"6 Male",0.84,0.19731531449265
1184,704,"6 Male",0.76,0.202319878739914
1185,705,"6 Male",0.56,0.192180470738661
1186,706,"6 Male",0.96,0.186904610251682
1187,707,"6 Male",0.88,0.17625738755203
1188,708,"6 Male",1.12,0.272763633939717
1189,709,"6 Male",1.32,0.281187956119509
1190,710,"6 Male",0.92,0.21540659228538
1191,711,"6 Male",1.08,0.207525098883645
1192,712,"6 Male",0.52,0.130639452948436
1193,713,"6 Male",1.08,0.237486841740758
1194,714,"6 Male",0.76,0.175878746110306
1195,715,"6 Male",0.96,0.219696760710454
1196,716,"6 Male",0.92,0.190787840283389
1197,717,"6 Male",1.56,0.22420228961067
1198,718,"6 Male",1.92,0.391237353363232
1199,719,"6 Male",2.16,0.314536696322279
1200,720,"6 Male",1.6,0.23094010767585
1201,721,"6 Male",1.88,0.272763633939717
1202,722,"6 Male",1.56,0.265078604694281
1203,723,"6 Male",1.44,0.245492701860293
1204,724,"6 Male",1.16,0.235796522451032
1205,725,"6 Male",1.56,0.245492701860293
1206,726,"6 Male",1.36,0.215096877398689
1207,727,"6 Male",0.8,0.223606797749979
1208,728,"6 Male",1,0.23094010767585
1209,729,"6 Male",0.88,0.312623309005156
1210,730,"6 Male",1.12,0.835304335756336
1211,731,"6 Male",0.56,0.289136645896019
1212,732,"6 Male",0.52,0.183666364186079
1213,733,"6 Male",0.36,0.162069943748576
1214,734,"6 Male",0.4,0.152752523165195
1215,735,"6 Male",0.96,0.75824358443269
1216,736,"6 Male",0,0
1217,737,"6 Male",0.12,0.0879393730551528
1218,738,"6 Male",0.08,0.08
1219,739,"6 Male",0.4,0.276887462097269
1220,740,"6 Male",0.72,0.679509627108648
1221,741,"6 Male",1.44,1.39890433315982
1222,742,"6 Male",0.28,0.241660919471891
1223,743,"6 Male",0.16,0.124899959967968
1224,744,"6 Male",0.04,0.04
1225,745,"6 Male",0.12,0.12
1226,746,"6 Male",0.04,0.04
1227,747,"6 Male",0,0
1228,748,"6 Male",0.04,0.04
1229,749,"6 Male",0.04,0.04
1230,750,"6 Male",0.28,0.241660919471891
1231,751,"6 Male",0.08,0.08
1232,752,"6 Male",0,0
1233,753,"6 Male",0,0
1234,754,"6 Male",0,0
1235,755,"6 Male",0,0
1236,756,"6 Male",0,0
1237,757,"6 Male",0,0
1238,758,"6 Male",0,0
1239,759,"6 Male",0.04,0.04
1240,760,"6 Male",0.04,0.04
1241,761,"6 Male",0,0
1242,762,"6 Male",0,0
1243,763,"6 Male",0,0
1244,764,"6 Male",0,0
1245,765,"6 Male",0.16,0.16
1246,766,"6 Male",0,0
1247,767,"6 Male",0,0
1248,768,"6 Male",0,0
1249,769,"6 Male",0,0
1250,770,"6 Male",0,0
1251,771,"6 Male",0,0
1252,772,"6 Male",0,0
1253,773,"6 Male",0,0
1254,774,"6 Male",0,0
1255,775,"6 Male",0,0
1256,776,"6 Male",0,0
1257,777,"6 Male",0,0
1258,778,"6 Male",0,0
1259,779,"6 Male",0,0
1260,780,"6 Male",0,0
1261,781,"6 Male",0,0
1262,782,"6 Male",0,0
1263,783,"6 Male",0,0
1264,784,"6 Male",0,0
1265,785,"6 Male",0,0
1266,786,"6 Male",0,0
1267,787,"6 Male",0,0
1268,788,"6 Male",0,0
1269,789,"6 Male",0,0
1270,790,"6 Male",0,0
1271,791,"6 Male",0,0
1272,792,"6 Male",0,0
1273,793,"6 Male",0,0
1274,794,"6 Male",0,0
1275,795,"6 Male",0,0
1276,796,"6 Male",0,0
1277,797,"6 Male",0,0
1278,798,"6 Male",0,0
1279,799,"6 Male",0,0
1280,800,"6 Male",0,0
1281,801,"6 Male",0,0
1282,802,"6 Male",0,0
1283,803,"6 Male",0,0
1284,804,"6 Male",0,0
1285,805,"6 Male",0,0
1286,806,"6 Male",0,0
1287,807,"6 Male",0,0
1288,808,"6 Male",0,0
1289,809,"6 Male",0,0
1290,810,"6 Male",0,0
1291,811,"6 Male",0,0
1292,812,"6 Male",0,0
1293,813,"6 Male",0,0
1294,814,"6 Male",0,0
1295,815,"6 Male",0,0
1296,816,"6 Male",0,0
1297,817,"6 Male",0,0
1298,818,"6 Male",0,0
1299,819,"6 Male",0,0
1300,820,"6 Male",0,0
1301,821,"6 Male",0,0
1302,822,"6 Male",0,0
1303,823,"6 Male",0,0
1304,824,"6 Male",0.08,0.08
1305,825,"6 Male",0,0
1306,826,"6 Male",0,0
1307,827,"6 Male",0,0
1308,828,"6 Male",0,0
1309,829,"6 Male",0,0
1310,830,"6 Male",0,0
1311,831,"6 Male",0,0
1312,832,"6 Male",0,0
1313,833,"6 Male",0,0
1314,834,"6 Male",0,0
1315,835,"6 Male",0,0
1316,836,"6 Male",0,0
1317,837,"6 Male",0,0
1318,838,"6 Male",0,0
1319,839,"6 Male",0,0
1320,840,"6 Male",0,0
1321,841,"6 Male",0,0
1322,842,"6 Male",0,0
1323,843,"6 Male",0,0
1324,844,"6 Male",0,0
1325,845,"6 Male",0,0
1326,846,"6 Male",0,0
1327,847,"6 Male",0,0
1328,848,"6 Male",0,0
1329,849,"6 Male",0,0
1330,850,"6 Male",0.04,0.04
1331,851,"6 Male",0,0
1332,852,"6 Male",0,0
1333,853,"6 Male",0,0
1334,854,"6 Male",0,0
1335,855,"6 Male",0,0
1336,856,"6 Male",0,0
1337,857,"6 Male",0,0
1338,858,"6 Male",0,0
1339,859,"6 Male",0,0
1340,860,"6 Male",0,0
1341,861,"6 Male",0,0
1342,862,"6 Male",0,0
1343,863,"6 Male",0,0
1344,864,"6 Male",0,0
1345,865,"6 Male",0,0
1346,866,"6 Male",0,0
1347,867,"6 Male",0,0
1348,868,"6 Male",0,0
1349,869,"6 Male",0,0
1350,870,"6 Male",0,0
1351,871,"6 Male",0,0
1352,872,"6 Male",0,0
1353,873,"6 Male",0,0
1354,874,"6 Male",0,0
1355,875,"6 Male",0,0
1356,876,"6 Male",0,0
1357,877,"6 Male",0,0
1358,878,"6 Male",0,0
1359,879,"6 Male",0.04,0.04
1360,880,"6 Male",0,0
1361,881,"6 Male",0,0
1362,882,"6 Male",0,0
1363,883,"6 Male",0,0
1364,884,"6 Male",0,0
1365,885,"6 Male",0,0
1366,886,"6 Male",0,0
1367,887,"6 Male",0,0
1368,888,"6 Male",0,0
1369,889,"6 Male",0,0
1370,890,"6 Male",0,0
1371,891,"6 Male",0,0
1372,892,"6 Male",0,0
1373,893,"6 Male",0,0
1374,894,"6 Male",0,0
1375,895,"6 Male",0,0
1376,896,"6 Male",0,0
1377,897,"6 Male",0,0
1378,898,"6 Male",0,0
1379,899,"6 Male",0,0
1380,900,"6 Male",0,0
1381,901,"6 Male",0,0
1382,902,"6 Male",0,0
1383,903,"6 Male",0,0
1384,904,"6 Male",0,0
1385,905,"6 Male",0.04,0.04
1386,906,"6 Male",0,0
1387,907,"6 Male",0,0
1388,908,"6 Male",0,0
1389,909,"6 Male",0,0
1390,910,"6 Male",0,0
1391,911,"6 Male",0,0
1392,912,"6 Male",0.04,0.04
1393,913,"6 Male",0,0
1394,914,"6 Male",0,0
1395,915,"6 Male",0,0
1396,916,"6 Male",0,0
1397,917,"6 Male",0,0
1398,918,"6 Male",0,0
1399,919,"6 Male",0,0
1400,920,"6 Male",0,0
1401,921,"6 Male",0,0
1402,922,"6 Male",0.16,0.16
1403,923,"6 Male",0,0
1404,924,"6 Male",0,0
1405,925,"6 Male",0,0
1406,926,"6 Male",0,0
1407,927,"6 Male",0,0
1408,928,"6 Male",0,0
1409,929,"6 Male",0,0
1410,930,"6 Male",0,0
1411,931,"6 Male",0,0
1412,932,"6 Male",0,0
1413,933,"6 Male",0,0
1414,934,"6 Male",0,0
1415,935,"6 Male",0,0
1416,936,"6 Male",0,0
1417,937,"6 Male",0,0
1418,938,"6 Male",0.04,0.04
1419,939,"6 Male",0,0
1420,940,"6 Male",0,0
1421,941,"6 Male",0,0
1422,942,"6 Male",0,0
1423,943,"6 Male",0,0
1424,944,"6 Male",0,0
1425,945,"6 Male",0,0
1426,946,"6 Male",0,0
1427,947,"6 Male",0,0
1428,948,"6 Male",0,0
1429,949,"6 Male",0,0
1430,950,"6 Male",0,0
1431,951,"6 Male",0,0
1432,952,"6 Male",0,0
1433,953,"6 Male",0,0
1434,954,"6 Male",0,0
1435,955,"6 Male",0,0
1436,956,"6 Male",0,0
1437,957,"6 Male",0,0
1438,958,"6 Male",0,0
1439,959,"6 Male",0,0
