"Dec_time","Dec_ZT_time","Condition","mean","SEM"
0,960,"6 Male",0.2,0.0878721741357398
1,961,"6 Male",0.1625,0.0981534416170203
2,962,"6 Male",0.2,0.0841938691053969
3,963,"6 Male",0.2,0.119862790755075
4,964,"6 Male",0.2875,0.204532308425523
5,965,"6 Male",0.225,0.164946289685499
6,966,"6 Male",0.1375,0.0770166634936635
7,967,"6 Male",0.175,0.139817919570102
8,968,"6 Male",0.1,0.0490414446273684
9,969,"6 Male",0.0875,0.0509211042767092
10,970,"6 Male",0.0625,0.0325291981791315
11,971,"6 Male",0.0375,0.0278089663165486
12,972,"6 Male",0.0875,0.0477127149149675
13,973,"6 Male",0.175,0.119034884792099
14,974,"6 Male",0.1125,0.0733332733985179
15,975,"6 Male",0.275,0.155057155652319
16,976,"6 Male",0.15,0.15
17,977,"6 Male",0.1625,0.126345605484783
18,978,"6 Male",0.1375,0.0683062491349516
19,979,"6 Male",0.025,0.0175654292232632
20,980,"6 Male",0.05,0.0302939188449983
21,981,"6 Male",0.1125,0.100621093367046
22,982,"6 Male",0.3,0.172839282923527
23,983,"6 Male",0.0375,0.0278089663165486
24,984,"6 Male",0.225,0.136612498269903
25,985,"6 Male",0.5625,0.374353345404031
26,986,"6 Male",0.25,0.137219218493805
27,987,"6 Male",0.3625,0.155331159099975
28,988,"6 Male",0.1625,0.080433457834663
29,989,"6 Male",0.1125,0.0589833434973517
30,990,"6 Male",0.075,0.0463032109229171
31,991,"6 Male",0.1125,0.0733332733985179
32,992,"6 Male",0.1,0.0521681798354301
33,993,"6 Male",0.175,0.0791069617189604
34,994,"6 Male",0.1875,0.0991957373267494
35,995,"6 Male",0.0375,0.021374819563973
36,996,"6 Male",0.175,0.075
37,997,"6 Male",0.1,0.055117825460955
38,998,"6 Male",0.25,0.125158127830458
39,999,"6 Male",0.125,0.0674466502719845
40,1000,"6 Male",0.175,0.13868163157646
41,1001,"6 Male",0.1,0.0631454018290477
42,1002,"6 Male",0.25,0.136061229701367
43,1003,"6 Male",0.175,0.0920494501114634
44,1004,"6 Male",0.2,0.121175675379993
45,1005,"6 Male",0.0625,0.0370756581921312
46,1006,"6 Male",0.1875,0.124643478912629
47,1007,"6 Male",0.3,0.169137798663424
48,1008,"6 Male",0.0875,0.0646160764962726
49,1009,"6 Male",0.2125,0.0985556290899533
50,1010,"6 Male",0.15,0.0756825481948502
51,1011,"6 Male",0.1125,0.0533490713857469
52,1012,"6 Male",0.15,0.0565349673356726
53,1013,"6 Male",0.0625,0.0370756581921312
54,1014,"6 Male",0.1,0.055117825460955
55,1015,"6 Male",0.225,0.123215104696285
56,1016,"6 Male",0.0875,0.0442724233395285
57,1017,"6 Male",0.0875,0.0442724233395285
58,1018,"6 Male",0.15,0.0643860980356254
59,1019,"6 Male",0.1375,0.0659491317204673
60,1020,"6 Male",0.1,0.0579174445201688
61,1021,"6 Male",0.1375,0.0770166634936635
62,1022,"6 Male",0.4125,0.325932814191957
63,1023,"6 Male",0.2125,0.084744123428685
64,1024,"6 Male",0.4875,0.195676164599588
65,1025,"6 Male",0.2625,0.101793645197191
66,1026,"6 Male",0.35,0.184098900222927
67,1027,"6 Male",0.15,0.0667983930679152
68,1028,"6 Male",0.125,0.071985846006812
69,1029,"6 Male",0.2375,0.13692341710569
70,1030,"6 Male",0.325,0.158887548802784
71,1031,"6 Male",0.45,0.296017874930689
72,1032,"6 Male",0.1375,0.0659491317204673
73,1033,"6 Male",0.05,0.0302939188449983
74,1034,"6 Male",0.2375,0.114244560571841
75,1035,"6 Male",0.3125,0.137327279320496
76,1036,"6 Male",0.4875,0.216410409153242
77,1037,"6 Male",0.25,0.17744672939266
78,1038,"6 Male",0.4625,0.266804668273736
79,1039,"6 Male",0.2875,0.108490432991268
80,1040,"6 Male",0.225,0.105204743118757
81,1041,"6 Male",0.3875,0.149359126718715
82,1042,"6 Male",0.275,0.119300439800987
83,1043,"6 Male",0.075,0.0463032109229171
84,1044,"6 Male",0.1625,0.0842760495730879
85,1045,"6 Male",0.1625,0.0861330843976233
86,1046,"6 Male",0.1875,0.0908708744471231
87,1047,"6 Male",0.175,0.0810824709083757
88,1048,"6 Male",0.2375,0.0875903692469105
89,1049,"6 Male",0.225,0.0923925992981218
90,1050,"6 Male",0.25,0.0898310650786495
91,1051,"6 Male",0.3875,0.171085282974991
92,1052,"6 Male",0.2375,0.151201673940905
93,1053,"6 Male",0.4,0.20407246169009
94,1054,"6 Male",0.3375,0.124452916723605
95,1055,"6 Male",0.075,0.0388725603654697
96,1056,"6 Male",0.25,0.12766153827379
97,1057,"6 Male",0.2,0.0698098683677243
98,1058,"6 Male",0.5375,0.344000915328485
99,1059,"6 Male",0.3625,0.14909404686347
100,1060,"6 Male",0.075,0.0463032109229171
101,1061,"6 Male",0.2,0.0980828892547368
102,1062,"6 Male",0.1375,0.0583088405482046
103,1063,"6 Male",0.275,0.131898263440935
104,1064,"6 Male",0.625,0.288149376697468
105,1065,"6 Male",0.275,0.124492641234408
106,1066,"6 Male",0.15,0.0797543697465593
107,1067,"6 Male",0.2875,0.1209060598831
108,1068,"6 Male",0.2625,0.13041286678386
109,1069,"6 Male",0.2875,0.167061110247005
110,1070,"6 Male",0.1875,0.118125858110874
111,1071,"6 Male",0.1375,0.0609620913542054
112,1072,"6 Male",0.175,0.0683785998057316
113,1073,"6 Male",0.1875,0.0836163443231925
114,1074,"6 Male",0.2875,0.104023107827181
115,1075,"6 Male",0.0625,0.0625
116,1076,"6 Male",0.1625,0.101326252736746
117,1077,"6 Male",0.1375,0.0555289581198262
118,1078,"6 Male",0.125,0.0674466502719845
119,1079,"6 Male",0.0375,0.021374819563973
120,1080,"6 Male",0.1625,0.0879509176987405
121,1081,"6 Male",0.375,0.246092886652092
122,1082,"6 Male",0.175,0.095425429829935
123,1083,"6 Male",0.2,0.117192905993451
124,1084,"6 Male",0.375,0.134746597617974
125,1085,"6 Male",0.1625,0.091478277839363
126,1086,"6 Male",0.275,0.119300439800987
127,1087,"6 Male",0.1125,0.0533490713857469
128,1088,"6 Male",0.2625,0.124198378982063
129,1089,"6 Male",0.35,0.229955967166419
130,1090,"6 Male",0.4,0.237737223298692
131,1091,"6 Male",0.15,0.0854992782558922
132,1092,"6 Male",0.1125,0.0665462388023108
133,1093,"6 Male",0.0875,0.0621190924400029
134,1094,"6 Male",0.1125,0.0616075523481425
135,1095,"6 Male",0.1625,0.0861330843976233
136,1096,"6 Male",0.0375,0.0278089663165486
137,1097,"6 Male",0.0875,0.0539389892096805
138,1098,"6 Male",0.225,0.131898263440935
139,1099,"6 Male",0.125,0.0762553173078541
140,1100,"6 Male",0.1125,0.0589833434973517
141,1101,"6 Male",0.1875,0.0735487223339877
142,1102,"6 Male",0.2875,0.11959021540349
143,1103,"6 Male",0.3625,0.186781323097969
144,1104,"6 Male",0.375,0.140495281239737
145,1105,"6 Male",0.225,0.0973948637951247
146,1106,"6 Male",0.275,0.142285815050401
147,1107,"6 Male",0.3875,0.145059732349702
148,1108,"6 Male",0.2625,0.0848374282996976
149,1109,"6 Male",0.3375,0.143359058382277
150,1110,"6 Male",0.225,0.105204743118757
151,1111,"6 Male",0.4,0.159707010221606
152,1112,"6 Male",0.375,0.133567173637154
153,1113,"6 Male",0.4375,0.19229110809698
154,1114,"6 Male",0.325,0.128001928387373
155,1115,"6 Male",0.325,0.145366189720733
156,1116,"6 Male",0.3125,0.125276592720046
157,1117,"6 Male",0.1375,0.0770166634936635
158,1118,"6 Male",0.175,0.0728597577802553
159,1119,"6 Male",0.3125,0.116099245519196
160,1120,"6 Male",0.15,0.0854992782558922
161,1121,"6 Male",0.325,0.171345198984943
162,1122,"6 Male",0.1875,0.0991957373267494
163,1123,"6 Male",0.1375,0.0953735991651857
164,1124,"6 Male",0.3,0.185212843691668
165,1125,"6 Male",0.225,0.147741435100549
166,1126,"6 Male",0.1625,0.0981534416170203
167,1127,"6 Male",0.0875,0.0509211042767092
168,1128,"6 Male",0.15,0.0756825481948502
169,1129,"6 Male",0.2,0.0822930853640461
170,1130,"6 Male",0.1,0.0631454018290477
171,1131,"6 Male",0.275,0.149868085455092
172,1132,"6 Male",0.0875,0.0405412354541879
173,1133,"6 Male",0.1,0.0521681798354301
174,1134,"6 Male",0.075,0.0388725603654697
175,1135,"6 Male",0.2375,0.17987667188551
176,1136,"6 Male",0.05,0.0351308584465264
177,1137,"6 Male",0.0875,0.0539389892096805
178,1138,"6 Male",0.0875,0.0539389892096805
179,1139,"6 Male",0.225,0.146666546797036
180,1140,"6 Male",0.175,0.128001928387373
181,1141,"6 Male",0.325,0.221312969298563
182,1142,"6 Male",0.1,0.0724787179588741
183,1143,"6 Male",0.1625,0.11859375130293
184,1144,"6 Male",0.1375,0.0635045847044212
185,1145,"6 Male",0.075,0.0463032109229171
186,1146,"6 Male",0.0375,0.0278089663165486
187,1147,"6 Male",0.1,0.0724787179588741
188,1148,"6 Male",0,0
189,1149,"6 Male",0.1875,0.152088571379653
190,1150,"6 Male",0.25,0.113209786220991
191,1151,"6 Male",0.8,0.369056271651857
192,1152,"6 Male",0.3,0.128772196071251
193,1153,"6 Male",0.9125,0.645381290008992
194,1154,"6 Male",0.55,0.229128784747792
195,1155,"6 Male",0.2875,0.180710403685012
196,1156,"6 Male",0.0875,0.0477127149149675
197,1157,"6 Male",0.2125,0.152711515485982
198,1158,"6 Male",0.3375,0.144458559166481
199,1159,"6 Male",0.25,0.115971406340561
200,1160,"6 Male",0.2125,0.103259765223072
201,1161,"6 Male",0.1875,0.0735487223339877
202,1162,"6 Male",0.2125,0.084744123428685
203,1163,"6 Male",0.225,0.100591604451246
204,1164,"6 Male",0.1375,0.0683062491349516
205,1165,"6 Male",0.1625,0.0763978386267271
206,1166,"6 Male",0.2625,0.0919957174292176
207,1167,"6 Male",0.125,0.0599973628112419
208,1168,"6 Male",0.225,0.0852676352448757
209,1169,"6 Male",0.3,0.119862790755075
210,1170,"6 Male",0.175,0.0770808387097762
211,1171,"6 Male",0.225,0.109623925596975
212,1172,"6 Male",0.2875,0.102490737463552
213,1173,"6 Male",0.175,0.0583935794979403
214,1174,"6 Male",0.1875,0.0991957373267494
215,1175,"6 Male",0.15,0.0643860980356254
216,1176,"6 Male",0.175,0.075
217,1177,"6 Male",0.2125,0.117588843331114
218,1178,"6 Male",0.05,0.0393780765324108
219,1179,"6 Male",0.1125,0.0641244586919191
220,1180,"6 Male",0.175,0.0791069617189604
221,1181,"6 Male",0.45,0.233912782620826
222,1182,"6 Male",0.0625,0.0370756581921312
223,1183,"6 Male",0.1375,0.0749340427275459
224,1184,"6 Male",0.1625,0.0823771620987458
225,1185,"6 Male",0.05,0.0393780765324108
226,1186,"6 Male",0.2875,0.20684011283714
227,1187,"6 Male",0.2375,0.116981755041794
228,1188,"6 Male",0.2625,0.127963293292959
229,1189,"6 Male",0.2375,0.097830501184576
230,1190,"6 Male",0.1125,0.0711429075252006
231,1191,"6 Male",0.075,0.0388725603654697
232,1192,"6 Male",0.1,0.0457012865785714
233,1193,"6 Male",0.2,0.12999513135966
234,1194,"6 Male",0.2,0.0948015916119128
235,1195,"6 Male",0.1125,0.0470447874404429
236,1196,"6 Male",0.2625,0.106354658060375
237,1197,"6 Male",0.2625,0.135178913324508
238,1198,"6 Male",0.275,0.120619445500762
239,1199,"6 Male",0.35,0.124651412681703
240,1200,"6 Male",0.25,0.105991401609705
241,1201,"6 Male",0.2125,0.0919096797976488
242,1202,"6 Male",0.4125,0.252013254373152
243,1203,"6 Male",0.25,0.131327207550598
244,1204,"6 Male",0.3125,0.147332558897863
245,1205,"6 Male",0.1,0.0679724441561208
246,1206,"6 Male",0.1,0.0631454018290477
247,1207,"6 Male",0.2125,0.0985556290899533
248,1208,"6 Male",0.1125,0.0589833434973517
249,1209,"6 Male",0.225,0.111057916239652
250,1210,"6 Male",0.5375,0.192373376075757
251,1211,"6 Male",0.525,0.26082573356772
252,1212,"6 Male",0.25,0.115971406340561
253,1213,"6 Male",0.1125,0.0688829267303351
254,1214,"6 Male",0.1125,0.0616075523481425
255,1215,"6 Male",0.225,0.0852676352448757
256,1216,"6 Male",0.15,0.0817142288091457
257,1217,"6 Male",0.175,0.0848956917694453
258,1218,"6 Male",0.225,0.100591604451246
259,1219,"6 Male",0.2375,0.13459238745001
260,1220,"6 Male",0.1875,0.0836163443231925
261,1221,"6 Male",0.225,0.0814718247484865
262,1222,"6 Male",0.2875,0.128518518096307
263,1223,"6 Male",0.275,0.109623925596975
264,1224,"6 Male",0.1625,0.0861330843976233
265,1225,"6 Male",0.225,0.105204743118757
266,1226,"6 Male",0.2375,0.112851069662855
267,1227,"6 Male",0.2375,0.094540444094685
268,1228,"6 Male",0.175,0.0848956917694453
269,1229,"6 Male",0.15,0.0713788253536072
270,1230,"6 Male",0.4875,0.213465787434575
271,1231,"6 Male",0.425,0.216980865982537
272,1232,"6 Male",0.1375,0.0526023715593783
273,1233,"6 Male",0.1625,0.0601784003893234
274,1234,"6 Male",0.3875,0.192825222560992
275,1235,"6 Male",0.175,0.0683785998057316
276,1236,"6 Male",0.2625,0.0936998811179555
277,1237,"6 Male",0.2625,0.157857240023535
278,1238,"6 Male",0.5,0.299788955302758
279,1239,"6 Male",0.3875,0.134885969187104
280,1240,"6 Male",0.1625,0.0652253881998627
281,1241,"6 Male",0.25,0.123887454029142
282,1242,"6 Male",0.35,0.177980940524185
283,1243,"6 Male",0.3375,0.147707963241876
284,1244,"6 Male",0.225,0.073292806216149
285,1245,"6 Male",0.4875,0.259621041988199
286,1246,"6 Male",0.35,0.163137745634273
287,1247,"6 Male",0.7125,0.478061006514197
288,1248,"6 Male",0.5,0.217144879594655
289,1249,"6 Male",0.125,0.0544680837913244
290,1250,"6 Male",0.1625,0.0721368030510805
291,1251,"6 Male",0.2375,0.133411600182635
292,1252,"6 Male",0.1375,0.0810214653539497
293,1253,"6 Male",0.2,0.0914025731571428
294,1254,"6 Male",0.3875,0.16448399368089
295,1255,"6 Male",0.5,0.197291790586713
296,1256,"6 Male",0.2375,0.0838997103237256
297,1257,"6 Male",0.2625,0.116303495925776
298,1258,"6 Male",0.2,0.122474487139159
299,1259,"6 Male",0.1625,0.080433457834663
300,1260,"6 Male",0.1875,0.0735487223339877
301,1261,"6 Male",0.3375,0.124452916723605
302,1262,"6 Male",0.2375,0.075982488822063
303,1263,"6 Male",0.25,0.105991401609705
304,1264,"6 Male",0.35,0.184098900222927
305,1265,"6 Male",0.3125,0.154667620350253
306,1266,"6 Male",0.25,0.0966200964498312
307,1267,"6 Male",0.3375,0.138874032257449
308,1268,"6 Male",0.2375,0.107095943617116
309,1269,"6 Male",0.1375,0.0727918612434875
310,1270,"6 Male",0.2375,0.108563330989073
311,1271,"6 Male",0.2625,0.185506277828876
312,1272,"6 Male",0.1125,0.050295802225623
313,1273,"6 Male",0.175,0.075
314,1274,"6 Male",0.0375,0.021374819563973
315,1275,"6 Male",0.3375,0.149835088672408
316,1276,"6 Male",0.1,0.0521681798354301
317,1277,"6 Male",0.25,0.136061229701367
318,1278,"6 Male",0.175,0.117698122760161
319,1279,"6 Male",0.15,0.0942995496452191
320,1280,"6 Male",0.275,0.226402101121887
321,1281,"6 Male",0.1625,0.0763978386267271
322,1282,"6 Male",0.2875,0.156295879340225
323,1283,"6 Male",0.525,0.378611303301079
324,1284,"6 Male",0.275,0.123215104696285
325,1285,"6 Male",0.2125,0.112077264827168
326,1286,"6 Male",0.2875,0.171731456169144
327,1287,"6 Male",0.1625,0.0897319319988886
328,1288,"6 Male",0.0625,0.0370756581921312
329,1289,"6 Male",0.1875,0.109795191958552
330,1290,"6 Male",0.1375,0.0919957174292176
331,1291,"6 Male",0.2375,0.131018104363046
332,1292,"6 Male",0.075,0.0635823994434572
333,1293,"6 Male",0.125,0.0674466502719845
334,1294,"6 Male",0.225,0.119300439800987
335,1295,"6 Male",0.1375,0.0810214653539497
336,1296,"6 Male",0.0875,0.0646160764962726
337,1297,"6 Male",0.1625,0.102875969934059
338,1298,"6 Male",0.175,0.095425429829935
339,1299,"6 Male",0.0625,0.0411225014630953
340,1300,"6 Male",0.1625,0.107391025130041
341,1301,"6 Male",0.2,0.0860526774199341
342,1302,"6 Male",0.175,0.0583935794979403
343,1303,"6 Male",0.15,0.0643860980356254
344,1304,"6 Male",0.1375,0.0749340427275459
345,1305,"6 Male",0.3875,0.180972889430602
346,1306,"6 Male",0.2625,0.101793645197191
347,1307,"6 Male",0.25,0.105991401609705
348,1308,"6 Male",0.6875,0.341994221396143
349,1309,"6 Male",0.2,0.0980828892547368
350,1310,"6 Male",0.25,0.0949683491578755
351,1311,"6 Male",0.225,0.0957564817517245
352,1312,"6 Male",0.3125,0.124007132808326
353,1313,"6 Male",0.375,0.152380893516414
354,1314,"6 Male",0.4125,0.121558640846947
355,1315,"6 Male",0.325,0.121664354639613
356,1316,"6 Male",0.275,0.102152467333288
357,1317,"6 Male",0.175,0.0728597577802553
358,1318,"6 Male",0.375,0.212262525535798
359,1319,"6 Male",0.325,0.144273606102161
360,1320,"6 Male",0.35,0.202906101623262
361,1321,"6 Male",0.375,0.219590383917103
362,1322,"6 Male",0.275,0.142285815050401
363,1323,"6 Male",0.4375,0.186442163631907
364,1324,"6 Male",0.25,0.0966200964498312
365,1325,"6 Male",0.275,0.116617681096409
366,1326,"6 Male",0.7,0.275818689299853
367,1327,"6 Male",0.7,0.271190530434727
368,1328,"6 Male",0.325,0.161847521615762
369,1329,"6 Male",0.4125,0.166586874359479
370,1330,"6 Male",0.1875,0.102336238430981
371,1331,"6 Male",0.3,0.168199700476863
372,1332,"6 Male",0.5125,0.237999142376925
373,1333,"6 Male",0.5125,0.198087173943728
374,1334,"6 Male",0.425,0.146450622429973
375,1335,"6 Male",0.35,0.137909344649926
376,1336,"6 Male",0.45,0.183926925500457
377,1337,"6 Male",0.275,0.112473625600388
378,1338,"6 Male",0.225,0.0795059905393648
379,1339,"6 Male",0.225,0.0871035321698018
380,1340,"6 Male",0.4125,0.168475808652951
381,1341,"6 Male",0.625,0.191905006827778
382,1342,"6 Male",0.6375,0.199083143689429
383,1343,"6 Male",0.45,0.192337388164849
384,1344,"6 Male",0.4375,0.177752984272337
385,1345,"6 Male",0.6125,0.214574756086002
386,1346,"6 Male",0.325,0.109334870576823
387,1347,"6 Male",0.525,0.190747198330371
388,1348,"6 Male",0.625,0.213006655865581
389,1349,"6 Male",0.2125,0.080923760807881
390,1350,"6 Male",0.5,0.210484672763492
391,1351,"6 Male",0.125,0.0514812243026154
392,1352,"6 Male",0.8125,0.283006994367205
393,1353,"6 Male",0.6375,0.278014974325785
394,1354,"6 Male",0.4625,0.138874032257449
395,1355,"6 Male",0.45,0.146585612432298
396,1356,"6 Male",0.5625,0.145441003307313
397,1357,"6 Male",0.7,0.270606445047537
398,1358,"6 Male",0.625,0.274654558640993
399,1359,"6 Male",0.6125,0.21967593364496
400,1360,"6 Male",0.425,0.113593490186094
401,1361,"6 Male",0.5625,0.160934523599121
402,1362,"6 Male",0.625,0.316915014763073
403,1363,"6 Male",0.6625,0.335147686131036
404,1364,"6 Male",0.275,0.0906638666110196
405,1365,"6 Male",0.3875,0.117319414150893
406,1366,"6 Male",0.4125,0.139725941068919
407,1367,"6 Male",0.525,0.182263371824568
408,1368,"6 Male",0.6375,0.293518458436668
409,1369,"6 Male",0.45,0.144410631117473
410,1370,"6 Male",0.5,0.156099611170544
411,1371,"6 Male",0.6375,0.191796759189104
412,1372,"6 Male",0.9,0.341534141222006
413,1373,"6 Male",0.65,0.235396245520321
414,1374,"6 Male",0.4375,0.247035428966286
415,1375,"6 Male",0.6,0.228229287329511
416,1376,"6 Male",0.875,0.310356573205153
417,1377,"6 Male",0.4,0.156706611300597
418,1378,"6 Male",0.525,0.217126661978146
419,1379,"6 Male",0.475,0.169674856599395
420,1380,"6 Male",0.5,0.193240192899662
421,1381,"6 Male",0.425,0.15688321061271
422,1382,"6 Male",0.2375,0.097830501184576
423,1383,"6 Male",0.3125,0.120118282949492
424,1384,"6 Male",0.2125,0.0865911205141655
425,1385,"6 Male",0.475,0.196468021683692
426,1386,"6 Male",0.275,0.0906638666110196
427,1387,"6 Male",0.4,0.140748451438296
428,1388,"6 Male",0.2875,0.111369140443114
429,1389,"6 Male",0.3125,0.136170209478311
430,1390,"6 Male",0.1125,0.0688829267303351
431,1391,"6 Male",0.4375,0.12684555295239
432,1392,"6 Male",0.4875,0.17609849624499
433,1393,"6 Male",0.425,0.195499198742247
434,1394,"6 Male",0.4125,0.166586874359479
435,1395,"6 Male",0.725,0.253441502001367
436,1396,"6 Male",0.7,0.248667334079036
437,1397,"6 Male",0.2375,0.091131685912284
438,1398,"6 Male",0.2875,0.149040974316852
439,1399,"6 Male",0.5,0.246494409005328
440,1400,"6 Male",0.4375,0.21483269174648
441,1401,"6 Male",0.3625,0.163277109715238
442,1402,"6 Male",0.3625,0.132220268367178
443,1403,"6 Male",0.6625,0.255288215131075
444,1404,"6 Male",0.475,0.148808559369991
445,1405,"6 Male",0.35,0.144629601116049
446,1406,"6 Male",0.375,0.131176516499763
447,1407,"6 Male",0.25,0.0949683491578755
448,1408,"6 Male",0.1875,0.0735487223339877
449,1409,"6 Male",0.375,0.125
450,1410,"6 Male",0.525,0.176081648207424
451,1411,"6 Male",0.5125,0.264451755548452
452,1412,"6 Male",0.4,0.126541132553206
453,1413,"6 Male",0.35,0.123375520211028
454,1414,"6 Male",0.3125,0.104629772247226
455,1415,"6 Male",0.4375,0.149729450102003
456,1416,"6 Male",0.3375,0.119258985809047
457,1417,"6 Male",0.5,0.146693514995627
458,1418,"6 Male",0.525,0.194036894573419
459,1419,"6 Male",0.6375,0.185932264446022
460,1420,"6 Male",0.4625,0.186527011313019
461,1421,"6 Male",0.2875,0.11691410619702
462,1422,"6 Male",0.1625,0.0516920959606991
463,1423,"6 Male",0.3875,0.111794553319465
464,1424,"6 Male",0.4,0.101569954692333
465,1425,"6 Male",0.7,0.385414457172364
466,1426,"6 Male",0.4875,0.153022036553191
467,1427,"6 Male",0.4375,0.152866854865454
468,1428,"6 Male",0.15,0.0618798345509313
469,1429,"6 Male",0.4375,0.155941150454469
470,1430,"6 Male",0.375,0.131176516499763
471,1431,"6 Male",0.275,0.127009169408842
472,1432,"6 Male",0.4125,0.136286358521267
473,1433,"6 Male",0.5,0.14119741095629
474,1434,"6 Male",0.5,0.165926627066364
475,1435,"6 Male",0.6625,0.298171511046914
476,1436,"6 Male",0.5375,0.239952362097041
477,1437,"6 Male",1.0625,0.259224592275707
478,1438,"6 Male",1.2375,0.178994864150917
479,1439,"6 Male",1.025,0.144492783753937
480,0,"6 Male",1.3,0.155490241461879
481,1,"6 Male",1.25,0.247455404497841
482,2,"6 Male",1.05,0.143310762622855
483,3,"6 Male",1.0125,0.162548678200747
484,4,"6 Male",0.95,0.16678266005854
485,5,"6 Male",1.1375,0.167581219681304
486,6,"6 Male",1.1875,0.329505647173136
487,7,"6 Male",1.025,0.214191887234232
488,8,"6 Male",0.9,0.185383625510979
489,9,"6 Male",0.6625,0.111013384413715
490,10,"6 Male",1.2125,0.246297744841328
491,11,"6 Male",0.5625,0.112288831348312
492,12,"6 Male",0.675,0.131658120750274
493,13,"6 Male",0.8125,0.166016003117589
494,14,"6 Male",0.825,0.142063232489327
495,15,"6 Male",0.8125,0.137902173636498
496,16,"6 Male",0.7,0.161480492218375
497,17,"6 Male",0.9,0.159707010221606
498,18,"6 Male",0.8375,0.130048372207898
499,19,"6 Male",0.675,0.20029645749757
500,20,"6 Male",0.7375,0.129193885794113
501,21,"6 Male",0.7375,0.250154224581456
502,22,"6 Male",0.825,0.170419252195834
503,23,"6 Male",0.8125,0.145712728912366
504,24,"6 Male",0.8375,0.187795126384235
505,25,"6 Male",0.7125,0.161278270017218
506,26,"6 Male",1.0625,0.184308277457201
507,27,"6 Male",0.825,0.180343378523347
508,28,"6 Male",0.975,0.253441502001367
509,29,"6 Male",0.75,0.197692383467378
510,30,"6 Male",0.5625,0.12684555295239
511,31,"6 Male",0.4625,0.0973440817572623
512,32,"6 Male",0.725,0.183129441666443
513,33,"6 Male",0.575,0.120356800778647
514,34,"6 Male",0.95,0.298148293745396
515,35,"6 Male",1.0625,0.446627216202914
516,36,"6 Male",0.925,0.198710240032241
517,37,"6 Male",0.775,0.18655351829937
518,38,"6 Male",0.4375,0.103489359203516
519,39,"6 Male",0.4,0.109081319102838
520,40,"6 Male",0.4625,0.105157732640911
521,41,"6 Male",0.4625,0.133055320654344
522,42,"6 Male",0.4875,0.108198349855219
523,43,"6 Male",0.425,0.131658120750274
524,44,"6 Male",0.325,0.0885448466790571
525,45,"6 Male",0.725,0.241288078256802
526,46,"6 Male",0.6,0.203295631837112
527,47,"6 Male",0.4,0.0934568200571252
528,48,"6 Male",1.0875,0.604360146525944
529,49,"6 Male",0.6125,0.216775674460892
530,50,"6 Male",0.675,0.159880295411159
531,51,"6 Male",0.825,0.23382821239404
532,52,"6 Male",0.7,0.325304142011943
533,53,"6 Male",0.3625,0.0961995388025472
534,54,"6 Male",0.4125,0.138588898947183
535,55,"6 Male",0.6,0.131447636010155
536,56,"6 Male",0.4125,0.107758740724508
537,57,"6 Male",0.5375,0.134239241843184
538,58,"6 Male",0.5375,0.146632829573942
539,59,"6 Male",0.6875,0.250059328403319
540,60,"6 Male",0.3375,0.0923390662967574
541,61,"6 Male",0.275,0.0871035321698018
542,62,"6 Male",0.35,0.10388040835743
543,63,"6 Male",0.3875,0.114590285558174
544,64,"6 Male",0.5,0.131928250542252
545,65,"6 Male",0.6125,0.192002892581059
546,66,"6 Male",1.0375,0.41546213021835
547,67,"6 Male",0.775,0.455617191638392
548,68,"6 Male",0.275,0.121924182708411
549,69,"6 Male",0.65,0.206768383842796
550,70,"6 Male",0.325,0.0970693996810034
551,71,"6 Male",0.125,0.0483100482249156
552,72,"6 Male",0.1125,0.050295802225623
553,73,"6 Male",0.35,0.129629462192645
554,74,"6 Male",0.1,0.0490414446273684
555,75,"6 Male",0.2375,0.0857648942668712
556,76,"6 Male",0.3125,0.0934462378434178
557,77,"6 Male",0.2125,0.0633798824049941
558,78,"6 Male",0.2125,0.0769138717715217
559,79,"6 Male",0.3375,0.0940370079317685
560,80,"6 Male",0.35,0.0975977277178941
561,81,"6 Male",0.6,0.266600730244852
562,82,"6 Male",0.475,0.161063514478613
563,83,"6 Male",0.4125,0.0985556290899533
564,84,"6 Male",0.2625,0.0953735991651857
565,85,"6 Male",0.2625,0.132817270018586
566,86,"6 Male",0.2375,0.102567899708597
567,87,"6 Male",0.3,0.102808658454259
568,88,"6 Male",0.6,0.314018462732224
569,89,"6 Male",0.3125,0.133826060828831
570,90,"6 Male",0.3375,0.116575273123409
571,91,"6 Male",0.3125,0.136170209478311
572,92,"6 Male",0.1625,0.0601784003893234
573,93,"6 Male",0.125,0.0483100482249156
574,94,"6 Male",0.1375,0.0635045847044212
575,95,"6 Male",0.2875,0.165155996453526
576,96,"6 Male",0.275,0.123215104696285
577,97,"6 Male",0.425,0.160866915669326
578,98,"6 Male",0.2375,0.0928517090495254
579,99,"6 Male",0.5125,0.293922485045275
580,100,"6 Male",0.175,0.0683785998057316
581,101,"6 Male",0.375,0.129964698225365
582,102,"6 Male",0.4625,0.144458559166481
583,103,"6 Male",0.6875,0.319014379065635
584,104,"6 Male",0.7125,0.262771107740732
585,105,"6 Male",0.5625,0.193112210772305
586,106,"6 Male",0.6125,0.191177025458843
587,107,"6 Male",0.5,0.214210354440132
588,108,"6 Male",0.3,0.11023565092191
589,109,"6 Male",0.7625,0.368989275512227
590,110,"6 Male",0.8,0.424860364253862
591,111,"6 Male",0.45,0.171460590740891
592,112,"6 Male",0.2625,0.0790444315046843
593,113,"6 Male",0.225,0.0711011937089346
594,114,"6 Male",0.3375,0.126970232233456
595,115,"6 Male",0.25,0.0700361570272044
596,116,"6 Male",0.2375,0.0800390529679106
597,117,"6 Male",0.5,0.147768207128512
598,118,"6 Male",0.35,0.10835361705598
599,119,"6 Male",0.675,0.276606355583828
600,120,"6 Male",0.475,0.247119481171929
601,121,"6 Male",0.3625,0.111440155365326
602,122,"6 Male",0.25,0.0880520559496598
603,123,"6 Male",0.325,0.106401139710276
604,124,"6 Male",0.3,0.0896547527102959
605,125,"6 Male",0.2625,0.100227194445066
606,126,"6 Male",0.3375,0.111013384413715
607,127,"6 Male",0.5,0.190767935102551
608,128,"6 Male",0.25,0.0722600787941846
609,129,"6 Male",0.1,0.0420969345526985
610,130,"6 Male",0.325,0.129232152992545
611,131,"6 Male",0.4,0.159707010221606
612,132,"6 Male",0.3375,0.145549754423215
613,133,"6 Male",0.15,0.0506289555416711
614,134,"6 Male",0.325,0.128001928387373
615,135,"6 Male",0.0875,0.0442724233395285
616,136,"6 Male",0.25,0.0744175697234484
617,137,"6 Male",0.4,0.198570843143789
618,138,"6 Male",0.35,0.193322056996916
619,139,"6 Male",0.4375,0.173245043036471
620,140,"6 Male",0.325,0.106401139710276
621,141,"6 Male",0.35,0.127164798886914
622,142,"6 Male",0.3375,0.145549754423215
623,143,"6 Male",0.3625,0.116981755041794
624,144,"6 Male",0.3,0.132407120539721
625,145,"6 Male",0.2375,0.0893785683540112
626,146,"6 Male",0.2625,0.0884889859412537
627,147,"6 Male",0.1625,0.0574889917916047
628,148,"6 Male",0.275,0.128248917383838
629,149,"6 Male",0.3875,0.218954470442104
630,150,"6 Male",0.4,0.209429605103173
631,151,"6 Male",0.2125,0.0704725235980554
632,152,"6 Male",0.075,0.0388725603654697
633,153,"6 Male",0.2875,0.0961172642193517
634,154,"6 Male",0.3,0.15650453950629
635,155,"6 Male",0.225,0.0665016417423689
636,156,"6 Male",0.5,0.200474121566155
637,157,"6 Male",0.3875,0.170157921809213
638,158,"6 Male",0.2625,0.0902593836069908
639,159,"6 Male",0.2,0.108790822397731
640,160,"6 Male",0.4625,0.165872978319884
641,161,"6 Male",0.175,0.0920494501114634
642,162,"6 Male",0.15,0.0618798345509313
643,163,"6 Male",0.1125,0.0616075523481425
644,164,"6 Male",0.4125,0.204918747404855
645,165,"6 Male",0.2875,0.0977495993711237
646,166,"6 Male",0.325,0.148595747592358
647,167,"6 Male",0.1625,0.0742978737961788
648,168,"6 Male",0.3,0.149259776941607
649,169,"6 Male",0.2875,0.11691410619702
650,170,"6 Male",0.275,0.106698142771494
651,171,"6 Male",0.2875,0.111369140443114
652,172,"6 Male",0.2875,0.105533230113684
653,173,"6 Male",0.225,0.0795059905393648
654,174,"6 Male",0.175,0.0635823994434572
655,175,"6 Male",0.325,0.129232152992545
656,176,"6 Male",0.2,0.0720407760766187
657,177,"6 Male",0.2,0.0783533056502986
658,178,"6 Male",0.8125,0.527141128150083
659,179,"6 Male",0.875,0.591708265014167
660,180,"6 Male",0.25,0.166402744621961
661,181,"6 Male",0.0625,0.0325291981791315
662,182,"6 Male",0.1625,0.0763978386267271
663,183,"6 Male",0.05,0.0245207223136842
664,184,"6 Male",0.15,0.0592676828284024
665,185,"6 Male",0.1125,0.050295802225623
666,186,"6 Male",0.5375,0.222146996321543
667,187,"6 Male",0.3,0.107326545373324
668,188,"6 Male",0.3875,0.209349315919468
669,189,"6 Male",0.1625,0.0699089597850508
670,190,"6 Male",0.4125,0.146362812164874
671,191,"6 Male",0.275,0.0871035321698018
672,192,"6 Male",0.4125,0.187162142864199
673,193,"6 Male",0.325,0.114977983583209
674,194,"6 Male",0.175,0.107877978419361
675,195,"6 Male",0.5125,0.166871577621
676,196,"6 Male",0.4875,0.149887880037975
677,197,"6 Male",0.325,0.100276516427504
678,198,"6 Male",0.675,0.276033730281581
679,199,"6 Male",0.55,0.241238891001525
680,200,"6 Male",0.3875,0.118660442578441
681,201,"6 Male",0.325,0.16948824685737
682,202,"6 Male",0.2125,0.121558640846947
683,203,"6 Male",0.375,0.171898372979244
684,204,"6 Male",0.3125,0.181060300117063
685,205,"6 Male",0.3,0.19109941742918
686,206,"6 Male",0.475,0.26918477490002
687,207,"6 Male",0.475,0.21270931612075
688,208,"6 Male",0.4875,0.160096638141792
689,209,"6 Male",0.3875,0.132519105381599
690,210,"6 Male",0.2875,0.115552812737923
691,211,"6 Male",0.3875,0.127653791586185
692,212,"6 Male",0.2125,0.0726830948603663
693,213,"6 Male",0.4125,0.122853403944537
694,214,"6 Male",0.15,0.0506289555416711
695,215,"6 Male",0.2375,0.108563330989073
696,216,"6 Male",0.5625,0.377300433459342
697,217,"6 Male",0.425,0.161847521615762
698,218,"6 Male",0.575,0.258265269378383
699,219,"6 Male",0.5625,0.181278642433497
700,220,"6 Male",0.8,0.3959446323651
701,221,"6 Male",0.65,0.262714650032639
702,222,"6 Male",0.1375,0.0609620913542054
703,223,"6 Male",0.1125,0.050295802225623
704,224,"6 Male",0.15,0.0735621669410526
705,225,"6 Male",0.25,0.0915755204700857
706,226,"6 Male",0.2625,0.107832133371003
707,227,"6 Male",0.275,0.0906638666110196
708,228,"6 Male",0.3625,0.146956195574469
709,229,"6 Male",0.625,0.267652121657662
710,230,"6 Male",0.65,0.486884957690537
711,231,"6 Male",0.15,0.0618798345509313
712,232,"6 Male",0.2125,0.0681903283910259
713,233,"6 Male",0.1875,0.0643707369241016
714,234,"6 Male",0.4875,0.17609849624499
715,235,"6 Male",0.2875,0.0944567244022898
716,236,"6 Male",0.1,0.0457012865785714
717,237,"6 Male",0.1875,0.0891126260783638
718,238,"6 Male",0.4125,0.166586874359479
719,239,"6 Male",0.275,0.0871035321698018
720,240,"6 Male",0.45,0.124397281096911
721,241,"6 Male",0.375,0.142729938846193
722,242,"6 Male",0.225,0.0711011937089346
723,243,"6 Male",0.7875,0.531803044226057
724,244,"6 Male",0.3875,0.101404301084722
725,245,"6 Male",0.25,0.0843815925694518
726,246,"6 Male",0.175,0.0610431472221478
727,247,"6 Male",0.3625,0.114244560571841
728,248,"6 Male",0.3125,0.106131262767899
729,249,"6 Male",0.3125,0.0999901102704599
730,250,"6 Male",0.325,0.130450776399725
731,251,"6 Male",0.3875,0.115962878717745
732,252,"6 Male",0.2875,0.092766465323454
733,253,"6 Male",0.25,0.0998416467731765
734,254,"6 Male",0.1375,0.0555289581198262
735,255,"6 Male",0.2875,0.092766465323454
736,256,"6 Male",0.275,0.0889015242426036
737,257,"6 Male",0.225,0.0814718247484865
738,258,"6 Male",0.3875,0.212351027453977
739,259,"6 Male",0.25,0.168293745606088
740,260,"6 Male",0.475,0.202808602169445
741,261,"6 Male",0.5625,0.229779579300013
742,262,"6 Male",0.3125,0.106131262767899
743,263,"6 Male",0.2625,0.147493563472522
744,264,"6 Male",0.1875,0.115415800313585
745,265,"6 Male",0.4,0.266600730244852
746,266,"6 Male",0.2875,0.218012998973729
747,267,"6 Male",0.2625,0.0884889859412537
748,268,"6 Male",0.1125,0.050295802225623
749,269,"6 Male",0.2375,0.118326610315942
750,270,"6 Male",0.425,0.224154529654337
751,271,"6 Male",0.45,0.280652494706194
752,272,"6 Male",0.175,0.0583935794979403
753,273,"6 Male",0.4625,0.217103887807809
754,274,"6 Male",0.6375,0.358550064473815
755,275,"6 Male",0.6,0.3273406463215
756,276,"6 Male",0.2625,0.0936998811179555
757,277,"6 Male",0.225,0.112473625600388
758,278,"6 Male",0.2375,0.108563330989073
759,279,"6 Male",0.4,0.161676344918881
760,280,"6 Male",0.3,0.148195901820717
761,281,"6 Male",0.575,0.232470904671934
762,282,"6 Male",0.7125,0.387785725610603
763,283,"6 Male",0.3625,0.118326610315942
764,284,"6 Male",0.55,0.365393839887659
765,285,"6 Male",0.35,0.184098900222927
766,286,"6 Male",0.275,0.202026912607508
767,287,"6 Male",0.2375,0.112851069662855
768,288,"6 Male",0.2625,0.0770166634936635
769,289,"6 Male",0.2625,0.0829513926604237
770,290,"6 Male",0.625,0.24480358957408
771,291,"6 Male",0.175,0.0660240654245849
772,292,"6 Male",0.225,0.111057916239652
773,293,"6 Male",0.25,0.0915755204700857
774,294,"6 Male",0.1375,0.0609620913542054
775,295,"6 Male",0.2625,0.112147831347509
776,296,"6 Male",0.1625,0.080433457834663
777,297,"6 Male",0.2,0.0763071740410204
778,298,"6 Male",0.1625,0.0546674352884115
779,299,"6 Male",0.1375,0.0495030685661844
780,300,"6 Male",0.2375,0.0857648942668712
781,301,"6 Male",0.625,0.190248837718301
782,302,"6 Male",0.425,0.150710343357504
783,303,"6 Male",0.575,0.171345198984943
784,304,"6 Male",0.35,0.115424368354895
785,305,"6 Male",0.3625,0.127343537654168
786,306,"6 Male",0.125,0.0514812243026154
787,307,"6 Male",0.2,0.0878721741357398
788,308,"6 Male",0.45,0.269140686000388
789,309,"6 Male",0.4625,0.189054735560828
790,310,"6 Male",0.2,0.0742046434795293
791,311,"6 Male",0.2875,0.104023107827181
792,312,"6 Male",0.4125,0.199440475241504
793,313,"6 Male",0.1875,0.0691122504665921
794,314,"6 Male",0.4125,0.121558640846947
795,315,"6 Male",0.3375,0.105157732640911
796,316,"6 Male",0.2625,0.106354658060375
797,317,"6 Male",0.5,0.11800021454604
798,318,"6 Male",0.7125,0.307189047264862
799,319,"6 Male",0.2875,0.0977495993711237
800,320,"6 Male",0.3375,0.0957048303742399
801,321,"6 Male",0.325,0.0970693996810034
802,322,"6 Male",0.1875,0.0836163443231925
803,323,"6 Male",0.2375,0.0819921075238497
804,324,"6 Male",0.3875,0.153538176096329
805,325,"6 Male",0.4125,0.120249937498339
806,326,"6 Male",0.3625,0.138074175167195
807,327,"6 Male",0.4,0.207913078235271
808,328,"6 Male",0.425,0.25017399008781
809,329,"6 Male",0.4875,0.272699671359343
810,330,"6 Male",0.325,0.128001928387373
811,331,"6 Male",0.225,0.125757200261939
812,332,"6 Male",0.1,0.0420969345526985
813,333,"6 Male",0.3,0.158513665904492
814,334,"6 Male",0.175,0.0660240654245849
815,335,"6 Male",0.2125,0.0952906114625748
816,336,"6 Male",0.5125,0.171547083620603
817,337,"6 Male",0.125,0.0599973628112419
818,338,"6 Male",0.4875,0.280705344634421
819,339,"6 Male",0.2875,0.167061110247005
820,340,"6 Male",0.6125,0.230912985693801
821,341,"6 Male",0.2875,0.0961172642193517
822,342,"6 Male",0.325,0.16948824685737
823,343,"6 Male",0.2375,0.099434715558641
824,344,"6 Male",0.2875,0.156295879340225
825,345,"6 Male",0.55,0.324573722389572
826,346,"6 Male",0.65,0.360686757046694
827,347,"6 Male",0.1125,0.0470447874404429
828,348,"6 Male",0.225,0.121924182708411
829,349,"6 Male",0.4,0.171183519850348
830,350,"6 Male",0.2875,0.127281396116905
831,351,"6 Male",0.575,0.16948824685737
832,352,"6 Male",0.35,0.146801338247962
833,353,"6 Male",0.2125,0.080923760807881
834,354,"6 Male",0.4375,0.135295913379581
835,355,"6 Male",0.5125,0.190762751120836
836,356,"6 Male",0.275,0.0973948637951247
837,357,"6 Male",0.425,0.214782050260081
838,358,"6 Male",0.4125,0.154769888397034
839,359,"6 Male",0.25,0.0998416467731765
840,360,"6 Male",0.7125,0.371957595071865
841,361,"6 Male",0.575,0.261310596509405
842,362,"6 Male",0.525,0.244544914463322
843,363,"6 Male",0.625,0.245449084668403
844,364,"6 Male",0.45,0.15599821485509
845,365,"6 Male",0.5,0.344026787299691
846,366,"6 Male",0.8,0.51478150704935
847,367,"6 Male",0.4375,0.205034537072185
848,368,"6 Male",0.1625,0.0742978737961788
849,369,"6 Male",0.425,0.189749168207513
850,370,"6 Male",0.275,0.151964977644126
851,371,"6 Male",0.8625,0.540669928439697
852,372,"6 Male",0.4,0.179309505420592
853,373,"6 Male",0.35,0.129629462192645
854,374,"6 Male",0.6625,0.395762263217884
855,375,"6 Male",0.275,0.100591604451246
856,376,"6 Male",0.3375,0.131860769974348
857,377,"6 Male",0.125,0.0483100482249156
858,378,"6 Male",0.05,0.0302939188449983
859,379,"6 Male",0.1,0.0490414446273684
860,380,"6 Male",0.1375,0.0555289581198262
861,381,"6 Male",0.4,0.181937532748976
862,382,"6 Male",0.275,0.124492641234408
863,383,"6 Male",0.3625,0.243422166751146
864,384,"6 Male",0.3125,0.136170209478311
865,385,"6 Male",0.4125,0.126658303910036
866,386,"6 Male",0.2375,0.0838997103237256
867,387,"6 Male",0.3375,0.113828304526565
868,388,"6 Male",0.3,0.139392897045852
869,389,"6 Male",0.4375,0.244459977050941
870,390,"6 Male",0.2625,0.0829513926604237
871,391,"6 Male",0.2625,0.0829513926604237
872,392,"6 Male",0.2625,0.0986358697945457
873,393,"6 Male",0.3625,0.122272457231661
874,394,"6 Male",0.3,0.119862790755075
875,395,"6 Male",0.275,0.0940895748808858
876,396,"6 Male",0.3375,0.143359058382277
877,397,"6 Male",0.0625,0.0325291981791315
878,398,"6 Male",0.25,0.08054403622958
879,399,"6 Male",0.15,0.0536632726866619
880,400,"6 Male",0.125,0.0544680837913244
881,401,"6 Male",0.175,0.0830109799051314
882,402,"6 Male",0.1125,0.0397529952696824
883,403,"6 Male",0.4,0.180189773379012
884,404,"6 Male",0.3125,0.113340740326334
885,405,"6 Male",0.2125,0.0681903283910259
886,406,"6 Male",0.275,0.120619445500762
887,407,"6 Male",0.4375,0.129316300968604
888,408,"6 Male",0.2125,0.0681903283910259
889,409,"6 Male",0.2625,0.126720751000683
890,410,"6 Male",0.3,0.125031641564866
891,411,"6 Male",0.325,0.204208103088709
892,412,"6 Male",0.325,0.164754324197492
893,413,"6 Male",0.725,0.364993063918838
894,414,"6 Male",0.225,0.0923925992981218
895,415,"6 Male",0.2375,0.139215421359502
896,416,"6 Male",0.5,0.198889321043933
897,417,"6 Male",0.2625,0.0790444315046843
898,418,"6 Male",0.4875,0.171547083620603
899,419,"6 Male",0.3375,0.179612584135263
900,420,"6 Male",0.35,0.228575666778067
901,421,"6 Male",0.5375,0.211940813030072
902,422,"6 Male",0.45,0.16391183181087
903,423,"6 Male",0.35,0.128403044247992
904,424,"6 Male",0.275,0.0889015242426036
905,425,"6 Male",0.375,0.105804632474975
906,426,"6 Male",0.1,0.0490414446273684
907,427,"6 Male",0.325,0.139817919570102
908,428,"6 Male",0.2625,0.0953735991651857
909,429,"6 Male",0.3375,0.157053314740206
910,430,"6 Male",1.125,0.477789941133236
911,431,"6 Male",0.7375,0.264302132205943
912,432,"6 Male",0.4,0.182805146314286
913,433,"6 Male",0.275,0.129476795242735
914,434,"6 Male",0.3375,0.119258985809047
915,435,"6 Male",0.2875,0.129743844516314
916,436,"6 Male",0.3375,0.162012413573463
917,437,"6 Male",0.0875,0.0364298788901276
918,438,"6 Male",0.5875,0.418970162225716
919,439,"6 Male",0.1875,0.0592509947574455
920,440,"6 Male",0.15,0.0756825481948502
921,441,"6 Male",0.1375,0.0705846964085602
922,442,"6 Male",0.2,0.101257911083342
923,443,"6 Male",0.1125,0.0397529952696824
924,444,"6 Male",0.375,0.138224500933184
925,445,"6 Male",0.3875,0.146146439045122
926,446,"6 Male",0.325,0.113593490186094
927,447,"6 Male",0.4125,0.163712612893
928,448,"6 Male",0.2375,0.108563330989073
929,449,"6 Male",0.55,0.274956843564194
930,450,"6 Male",0.175,0.0770808387097762
931,451,"6 Male",0.2125,0.0985556290899533
932,452,"6 Male",0.125,0.0412425674163068
933,453,"6 Male",0.325,0.144273606102161
934,454,"6 Male",0.7,0.193567441555598
935,455,"6 Male",0.4125,0.15979986494188
936,456,"6 Male",0.25,0.08054403622958
937,457,"6 Male",0.5375,0.196442852513899
938,458,"6 Male",0.4,0.126541132553206
939,459,"6 Male",0.475,0.138909632768751
940,460,"6 Male",0.3125,0.107611805267412
941,461,"6 Male",0.3,0.0803473472028271
942,462,"6 Male",0.4,0.15569362969985
943,463,"6 Male",0.225,0.0774903015573113
944,464,"6 Male",0.375,0.131176516499763
945,465,"6 Male",0.225,0.073292806216149
946,466,"6 Male",0.575,0.181218624521371
947,467,"6 Male",0.4875,0.16206123823021
948,468,"6 Male",0.5875,0.193807412890063
949,469,"6 Male",0.3,0.0980828892547368
950,470,"6 Male",0.3125,0.080727996963079
951,471,"6 Male",0.25,0.0722600787941846
952,472,"6 Male",0.2875,0.126032131225596
953,473,"6 Male",0.3,0.099683041991903
954,474,"6 Male",0.4125,0.138588898947183
955,475,"6 Male",0.5625,0.283983725465235
956,476,"6 Male",0.4875,0.207451191453419
957,477,"6 Male",0.3625,0.108563330989073
958,478,"6 Male",0.35,0.116787158995881
959,479,"6 Male",0.225,0.0711011937089346
960,480,"6 Male",0.4625,0.177841977573749
961,481,"6 Male",0.3375,0.0940370079317685
962,482,"6 Male",0.3,0.0783533056502986
963,483,"6 Male",0.575,0.236519461559091
964,484,"6 Male",0.4875,0.117991833551353
965,485,"6 Male",0.5125,0.124516469857697
966,486,"6 Male",0.35,0.0854992782558922
967,487,"6 Male",0.4,0.109081319102838
968,488,"6 Male",0.55,0.145502185811586
969,489,"6 Male",0.6375,0.140347387722417
970,490,"6 Male",0.5,0.160102815067085
971,491,"6 Male",0.3625,0.12097147639533
972,492,"6 Male",0.45,0.106586863607439
973,493,"6 Male",0.625,0.25118390559584
974,494,"6 Male",0.7125,0.291327032514008
975,495,"6 Male",0.45,0.160989818059986
976,496,"6 Male",0.5125,0.133114766796327
977,497,"6 Male",0.45,0.143310762622855
978,498,"6 Male",0.475,0.155057155652319
979,499,"6 Male",0.775,0.280694775444833
980,500,"6 Male",0.4625,0.136576298979867
981,501,"6 Male",0.95,0.372257907057847
982,502,"6 Male",0.575,0.237853667385238
983,503,"6 Male",0.5625,0.211866143256132
984,504,"6 Male",0.575,0.22765660905313
985,505,"6 Male",0.3125,0.0826647759923985
986,506,"6 Male",0.275,0.0711011937089346
987,507,"6 Male",0.5125,0.266834319002388
988,508,"6 Male",0.3875,0.101404301084722
989,509,"6 Male",0.35,0.136757199611463
990,510,"6 Male",0.6875,0.249425764557947
991,511,"6 Male",0.8,0.342828886719921
992,512,"6 Male",0.8875,0.275010788050767
993,513,"6 Male",0.55,0.176910905131454
994,514,"6 Male",0.975,0.383180808033974
995,515,"6 Male",0.425,0.122958004562842
996,516,"6 Male",0.375,0.158488709017633
997,517,"6 Male",0.4375,0.103489359203516
998,518,"6 Male",0.4125,0.116235452335967
999,519,"6 Male",0.4625,0.112429654518681
1000,520,"6 Male",0.75,0.221830702923409
1001,521,"6 Male",0.7,0.240253031172016
1002,522,"6 Male",0.525,0.142285815050401
1003,523,"6 Male",0.5875,0.150625016413676
1004,524,"6 Male",0.5375,0.142251059483051
1005,525,"6 Male",0.7375,0.168522760735979
1006,526,"6 Male",0.3625,0.0857648942668712
1007,527,"6 Male",0.4375,0.10650332793279
1008,528,"6 Male",0.925,0.51057643026215
1009,529,"6 Male",0.9625,0.531431000439237
1010,530,"6 Male",0.525,0.120619445500762
1011,531,"6 Male",0.5875,0.137442450557278
1012,532,"6 Male",0.425,0.114977983583209
1013,533,"6 Male",0.3375,0.0973440817572623
1014,534,"6 Male",0.45,0.128156352292469
1015,535,"6 Male",0.55,0.172380944055362
1016,536,"6 Male",0.775,0.408367776038131
1017,537,"6 Male",0.7,0.218162638205676
1018,538,"6 Male",0.35,0.0691265579401884
1019,539,"6 Male",0.5375,0.152970326815615
1020,540,"6 Male",0.875,0.269419793846806
1021,541,"6 Male",0.6625,0.204338814878189
1022,542,"6 Male",0.3625,0.0928517090495254
1023,543,"6 Male",0.325,0.0920494501114634
1024,544,"6 Male",0.4,0.1
1025,545,"6 Male",0.3625,0.097830501184576
1026,546,"6 Male",0.525,0.134276071178521
1027,547,"6 Male",0.9875,0.284901576387089
1028,548,"6 Male",0.7375,0.212537226821115
1029,549,"6 Male",1,0.258403080281049
1030,550,"6 Male",0.625,0.25118390559584
1031,551,"6 Male",0.675,0.243767242168488
1032,552,"6 Male",0.6,0.139619736735449
1033,553,"6 Male",0.5125,0.135471223998477
1034,554,"6 Male",0.8375,0.24677909329211
1035,555,"6 Male",0.675,0.171345198984943
1036,556,"6 Male",0.425,0.0885448466790571
1037,557,"6 Male",0.5375,0.174246796821438
1038,558,"6 Male",0.575,0.122958004562842
1039,559,"6 Male",0.675,0.249540717359418
1040,560,"6 Male",0.6625,0.183964558708354
1041,561,"6 Male",0.9,0.311996429710179
1042,562,"6 Male",0.8375,0.245493400102062
1043,563,"6 Male",0.6,0.137334480352426
1044,564,"6 Male",0.375,0.104298439858715
1045,565,"6 Male",0.425,0.144273606102161
1046,566,"6 Male",0.5125,0.1125
1047,567,"6 Male",0.55,0.121826812122368
1048,568,"6 Male",0.5,0.12950734303017
1049,569,"6 Male",0.5125,0.119325305283551
1050,570,"6 Male",0.3625,0.0838997103237256
1051,571,"6 Male",0.7875,0.400037082932969
1052,572,"6 Male",0.8625,0.215494537215263
1053,573,"6 Male",0.65,0.191678132109831
1054,574,"6 Male",0.675,0.150710343357504
1055,575,"6 Male",0.65,0.156200941665584
1056,576,"6 Male",0.8625,0.187204408351751
1057,577,"6 Male",1.0625,0.451910063725298
1058,578,"6 Male",1.5625,0.619780419977383
1059,579,"6 Male",1.2,0.394342908030465
1060,580,"6 Male",0.6625,0.125717875328909
1061,581,"6 Male",0.4875,0.0941211009581253
1062,582,"6 Male",1,0.272703297757095
1063,583,"6 Male",0.625,0.191905006827778
1064,584,"6 Male",0.7,0.141644947453979
1065,585,"6 Male",0.7375,0.167581219681304
1066,586,"6 Male",0.4625,0.108125205787468
1067,587,"6 Male",0.5375,0.142251059483051
1068,588,"6 Male",0.6,0.147339270934445
1069,589,"6 Male",0.675,0.144273606102161
1070,590,"6 Male",0.9375,0.213725061466208
1071,591,"6 Male",0.6375,0.123559740585965
1072,592,"6 Male",0.8375,0.16729772407601
1073,593,"6 Male",0.7375,0.182929527483445
1074,594,"6 Male",0.7125,0.160294181689618
1075,595,"6 Male",0.5125,0.103718444949704
1076,596,"6 Male",0.9125,0.221612152650823
1077,597,"6 Male",0.8125,0.253515628809415
1078,598,"6 Male",1.425,0.566963653870446
1079,599,"6 Male",0.775,0.185703418099051
1080,600,"6 Male",0.575,0.117698122760161
1081,601,"6 Male",0.65,0.135595265217363
1082,602,"6 Male",0.75,0.161578448243288
1083,603,"6 Male",0.7125,0.166111284567785
1084,604,"6 Male",1.0375,0.346064560999457
1085,605,"6 Male",0.5125,0.121948513207081
1086,606,"6 Male",0.6375,0.150151558454547
1087,607,"6 Male",0.575,0.116346002961268
1088,608,"6 Male",0.7625,0.22518891506545
1089,609,"6 Male",0.65,0.142424752506656
1090,610,"6 Male",0.65,0.157210654452609
1091,611,"6 Male",0.8375,0.333491194160023
1092,612,"6 Male",0.8125,0.194947047338047
1093,613,"6 Male",0.6125,0.119986483943459
1094,614,"6 Male",0.6125,0.113201050560943
1095,615,"6 Male",1.125,0.346033125655092
1096,616,"6 Male",0.65,0.22296903344056
1097,617,"6 Male",0.675,0.126759764809988
1098,618,"6 Male",0.725,0.134276071178521
1099,619,"6 Male",0.6125,0.147225124696066
1100,620,"6 Male",0.9,0.185383625510979
1101,621,"6 Male",0.5625,0.110870762373888
1102,622,"6 Male",0.525,0.0940895748808858
1103,623,"6 Male",0.675,0.202652505473492
1104,624,"6 Male",0.6,0.190435875781876
1105,625,"6 Male",0.6625,0.157053314740206
1106,626,"6 Male",0.775,0.161063514478613
1107,627,"6 Male",0.775,0.149868085455092
1108,628,"6 Male",0.7,0.18435656151098
1109,629,"6 Male",0.6375,0.123559740585965
1110,630,"6 Male",0.5625,0.119126236096765
1111,631,"6 Male",0.575,0.107877978419361
1112,632,"6 Male",0.9125,0.167061110247005
1113,633,"6 Male",0.4625,0.0870467464983578
1114,634,"6 Male",1.0625,0.362979822119388
1115,635,"6 Male",1.025,0.493301651109483
1116,636,"6 Male",0.775,0.331841333902327
1117,637,"6 Male",0.5125,0.103718444949704
1118,638,"6 Male",0.5,0.11800021454604
1119,639,"6 Male",0.9125,0.196644115670538
1120,640,"6 Male",0.625,0.11715914741404
1121,641,"6 Male",0.85,0.207532214976771
1122,642,"6 Male",0.775,0.143393545394343
1123,643,"6 Male",0.725,0.155057155652319
1124,644,"6 Male",0.5375,0.120578444974237
1125,645,"6 Male",0.55,0.110951009829918
1126,646,"6 Male",0.65,0.106883350587972
1127,647,"6 Male",0.625,0.113034944747973
1128,648,"6 Male",0.5,0.127040310556646
1129,649,"6 Male",0.6625,0.138874032257449
1130,650,"6 Male",0.775,0.161063514478613
1131,651,"6 Male",0.5875,0.0969368677496541
1132,652,"6 Male",0.8,0.148195901820717
1133,653,"6 Male",0.8375,0.143909858829597
1134,654,"6 Male",0.8875,0.154052586369358
1135,655,"6 Male",0.5875,0.0952906114625748
1136,656,"6 Male",0.7625,0.157355268039385
1137,657,"6 Male",0.725,0.13776585346067
1138,658,"6 Male",0.5875,0.104780889527273
1139,659,"6 Male",0.8375,0.11589463514631
1140,660,"6 Male",0.6875,0.120118282949492
1141,661,"6 Male",0.65,0.0992057062466607
1142,662,"6 Male",0.8375,0.163470809920923
1143,663,"6 Male",0.6875,0.209424883062089
1144,664,"6 Male",0.9375,0.159452931430476
1145,665,"6 Male",0.7875,0.175828733917088
1146,666,"6 Male",0.6625,0.141134362321329
1147,667,"6 Male",0.75,0.145066549546987
1148,668,"6 Male",0.7,0.118535365656805
1149,669,"6 Male",0.6125,0.102952843451182
1150,670,"6 Male",0.7125,0.0993551200161206
1151,671,"6 Male",0.5625,0.085023730864545
1152,672,"6 Male",0.6875,0.120118282949492
1153,673,"6 Male",0.6125,0.110370133893623
1154,674,"6 Male",0.7125,0.124770358679709
1155,675,"6 Male",1.0625,0.191879239119461
1156,676,"6 Male",1.0625,0.270573552788062
1157,677,"6 Male",0.975,0.189915870781469
1158,678,"6 Male",1.05,0.284015064674438
1159,679,"6 Male",0.9125,0.132160419877808
1160,680,"6 Male",0.6,0.106140580292413
1161,681,"6 Male",0.7625,0.129804807209454
1162,682,"6 Male",0.725,0.13776585346067
1163,683,"6 Male",1.275,0.324610282404976
1164,684,"6 Male",0.8,0.125031641564866
1165,685,"6 Male",0.6875,0.126533317271566
1166,686,"6 Male",0.675,0.120356800778647
1167,687,"6 Male",0.85,0.180628298664636
1168,688,"6 Male",1.275,0.496817402720124
1169,689,"6 Male",0.725,0.117966686994703
1170,690,"6 Male",0.8125,0.118125858110874
1171,691,"6 Male",0.8,0.101257911083342
1172,692,"6 Male",0.725,0.102152467333288
1173,693,"6 Male",0.7375,0.118993338288166
1174,694,"6 Male",0.875,0.152380893516414
1175,695,"6 Male",0.775,0.10817092662582
1176,696,"6 Male",1.2,0.274668960704852
1177,697,"6 Male",0.625,0.172816394850471
1178,698,"6 Male",0.8,0.126290803658095
1179,699,"6 Male",0.7875,0.131560437572156
1180,700,"6 Male",0.9125,0.132160419877808
1181,701,"6 Male",1.175,0.186383808445457
1182,702,"6 Male",1.325,0.422385854553135
1183,703,"6 Male",1.05,0.215609233967731
1184,704,"6 Male",0.925,0.117698122760161
1185,705,"6 Male",0.9,0.131447636010155
1186,706,"6 Male",1,0.153028499041804
1187,707,"6 Male",1.05,0.214874116812494
1188,708,"6 Male",0.85,0.128403044247992
1189,709,"6 Male",0.6875,0.101560217841935
1190,710,"6 Male",0.95,0.162943649496973
1191,711,"6 Male",1.0625,0.238894970566618
1192,712,"6 Male",1.2,0.288163104306475
1193,713,"6 Male",0.825,0.116346002961268
1194,714,"6 Male",0.7875,0.11348025813921
1195,715,"6 Male",1.0625,0.182583213212046
1196,716,"6 Male",0.975,0.164946289685499
1197,717,"6 Male",1.1625,0.226030516310956
1198,718,"6 Male",2.2625,0.250154224581456
1199,719,"6 Male",2.1375,0.308499712779137
1200,720,"6 Male",1.8,0.187758260955309
1201,721,"6 Male",1.45,0.172380944055362
1202,722,"6 Male",1.525,0.24063142149906
1203,723,"6 Male",1.1375,0.158856425504449
1204,724,"6 Male",1.5125,0.275585538881318
1205,725,"6 Male",1.0125,0.133707774595727
1206,726,"6 Male",1.475,0.167799420647451
1207,727,"6 Male",1.4625,0.254667660076044
1208,728,"6 Male",1.125,0.210766383359468
1209,729,"6 Male",1.2,0.222471730532389
1210,730,"6 Male",0.85,0.166021959810263
1211,731,"6 Male",0.875,0.152380893516414
1212,732,"6 Male",0.7125,0.194215192864102
1213,733,"6 Male",0.8,0.236268459194465
1214,734,"6 Male",0.725,0.197271739589091
1215,735,"6 Male",0.7,0.134775950978004
1216,736,"6 Male",0.6875,0.155687277839304
1217,737,"6 Male",1.1,0.283289894907958
1218,738,"6 Male",0.975,0.420583906949386
1219,739,"6 Male",0.5,0.142313613392964
1220,740,"6 Male",0.4875,0.164964274997093
1221,741,"6 Male",0.6875,0.251950461023842
1222,742,"6 Male",0.825,0.255802905734627
1223,743,"6 Male",0.4125,0.131560437572156
1224,744,"6 Male",0.325,0.126759764809988
1225,745,"6 Male",0.3875,0.128887339186328
1226,746,"6 Male",0.6875,0.28384439822738
1227,747,"6 Male",0.4625,0.185676789753498
1228,748,"6 Male",0.3,0.101257911083342
1229,749,"6 Male",0.5125,0.217140325333817
1230,750,"6 Male",0.45,0.149788880965042
1231,751,"6 Male",0.4125,0.161768069246833
1232,752,"6 Male",0.5125,0.198087173943728
1233,753,"6 Male",0.6375,0.18930565165054
1234,754,"6 Male",0.5125,0.220753707482091
1235,755,"6 Male",0.1,0.0579174445201688
1236,756,"6 Male",0.2875,0.092766465323454
1237,757,"6 Male",0.225,0.121924182708411
1238,758,"6 Male",0.3,0.118535365656805
1239,759,"6 Male",0.1875,0.0777323996115332
1240,760,"6 Male",0.1,0.0767207660895477
1241,761,"6 Male",0.0625,0.0370756581921312
1242,762,"6 Male",0.1625,0.0823771620987458
1243,763,"6 Male",0.1125,0.0589833434973517
1244,764,"6 Male",0.1625,0.0627526538850769
1245,765,"6 Male",0.0875,0.0442724233395285
1246,766,"6 Male",0.075,0.0463032109229171
1247,767,"6 Male",0.0875,0.0509211042767092
1248,768,"6 Male",0.05,0.0351308584465264
1249,769,"6 Male",0.15,0.0908817565349948
1250,770,"6 Male",0.2375,0.145875521323898
1251,771,"6 Male",0.0625,0.0370756581921312
1252,772,"6 Male",0.025,0.0175654292232632
1253,773,"6 Male",0.0375,0.021374819563973
1254,774,"6 Male",0.1625,0.0823771620987458
1255,775,"6 Male",0.1125,0.0616075523481425
1256,776,"6 Male",0.0875,0.056796745093047
1257,777,"6 Male",0.125,0.071985846006812
1258,778,"6 Male",0.0375,0.0278089663165486
1259,779,"6 Male",0.0625,0.0370756581921312
1260,780,"6 Male",0.1125,0.0533490713857469
1261,781,"6 Male",0.0875,0.0442724233395285
1262,782,"6 Male",0.125,0.0822450029261907
1263,783,"6 Male",0.125,0.0650583963582631
1264,784,"6 Male",0.075,0.0526962876697896
1265,785,"6 Male",0.075,0.0526962876697896
1266,786,"6 Male",0.0625,0.0448053102074387
1267,787,"6 Male",0.1125,0.0665462388023108
1268,788,"6 Male",0.1,0.0605878376899966
1269,789,"6 Male",0.075,0.0463032109229171
1270,790,"6 Male",0.125,0.071985846006812
1271,791,"6 Male",0.1625,0.117251960119645
1272,792,"6 Male",0.1125,0.0533490713857469
1273,793,"6 Male",0.1125,0.0589833434973517
1274,794,"6 Male",0.2,0.107326545373324
1275,795,"6 Male",0.1875,0.108344489850719
1276,796,"6 Male",0.2,0.152406850571967
1277,797,"6 Male",0.1,0.0579174445201688
1278,798,"6 Male",0.0375,0.021374819563973
1279,799,"6 Male",0.0875,0.0442724233395285
1280,800,"6 Male",0.0125,0.0125
1281,801,"6 Male",0.0375,0.0375
1282,802,"6 Male",0.0125,0.0125
1283,803,"6 Male",0,0
1284,804,"6 Male",0.0125,0.0125
1285,805,"6 Male",0.025,0.0175654292232632
1286,806,"6 Male",0.0125,0.0125
1287,807,"6 Male",0.075,0.0556179326330973
1288,808,"6 Male",0,0
1289,809,"6 Male",0.075,0.0526962876697896
1290,810,"6 Male",0.025,0.0175654292232632
1291,811,"6 Male",0.0625,0.0513850874786632
1292,812,"6 Male",0.0125,0.0125
1293,813,"6 Male",0,0
1294,814,"6 Male",0,0
1295,815,"6 Male",0.0625,0.0448053102074387
1296,816,"6 Male",0.025,0.0175654292232632
1297,817,"6 Male",0.05,0.05
1298,818,"6 Male",0.025,0.025
1299,819,"6 Male",0.025,0.025
1300,820,"6 Male",0.05,0.0351308584465264
1301,821,"6 Male",0.0875,0.056796745093047
1302,822,"6 Male",0.0625,0.0448053102074387
1303,823,"6 Male",0.0375,0.0375
1304,824,"6 Male",0.05,0.0393780765324108
1305,825,"6 Male",0.125,0.0674466502719845
1306,826,"6 Male",0.125,0.0572994576597481
1307,827,"6 Male",0.2375,0.129804807209454
1308,828,"6 Male",0.15,0.114045294133182
1309,829,"6 Male",0.1875,0.106874097819865
1310,830,"6 Male",0.2,0.118535365656805
1311,831,"6 Male",0.0375,0.0278089663165486
1312,832,"6 Male",0.05,0.0351308584465264
1313,833,"6 Male",0.0375,0.0278089663165486
1314,834,"6 Male",0.05,0.0351308584465264
1315,835,"6 Male",0.0375,0.021374819563973
1316,836,"6 Male",0.0125,0.0125
1317,837,"6 Male",0,0
1318,838,"6 Male",0.0125,0.0125
1319,839,"6 Male",0.0125,0.0125
1320,840,"6 Male",0,0
1321,841,"6 Male",0.0375,0.0375
1322,842,"6 Male",0.0375,0.0278089663165486
1323,843,"6 Male",0.0125,0.0125
1324,844,"6 Male",0.0375,0.0278089663165486
1325,845,"6 Male",0.025,0.0175654292232632
1326,846,"6 Male",0.0375,0.0278089663165486
1327,847,"6 Male",0.075,0.0427496391279461
1328,848,"6 Male",0.025,0.025
1329,849,"6 Male",0.125,0.0947598563725528
1330,850,"6 Male",0.0375,0.0278089663165486
1331,851,"6 Male",0.0625,0.0448053102074387
1332,852,"6 Male",0.025,0.025
1333,853,"6 Male",0.1875,0.164098756542316
1334,854,"6 Male",0.0125,0.0125
1335,855,"6 Male",0.0125,0.0125
1336,856,"6 Male",0.0125,0.0125
1337,857,"6 Male",0,0
1338,858,"6 Male",0.0125,0.0125
1339,859,"6 Male",0.025,0.025
1340,860,"6 Male",0.0125,0.0125
1341,861,"6 Male",0.1375,0.1375
1342,862,"6 Male",0.1125,0.0795432968637167
1343,863,"6 Male",0.05,0.0302939188449983
1344,864,"6 Male",0.0375,0.0375
1345,865,"6 Male",0.05,0.0351308584465264
1346,866,"6 Male",0,0
1347,867,"6 Male",0.125,0.0896106204148774
1348,868,"6 Male",0.1625,0.139442549759908
1349,869,"6 Male",0.1,0.1
1350,870,"6 Male",0.0125,0.0125
1351,871,"6 Male",0.0125,0.0125
1352,872,"6 Male",0.1125,0.1125
1353,873,"6 Male",0.025,0.0175654292232632
1354,874,"6 Male",0.1,0.0724787179588741
1355,875,"6 Male",0.0625,0.0625
1356,876,"6 Male",0.125,0.113034944747973
1357,877,"6 Male",0.175,0.128001928387373
1358,878,"6 Male",0.125,0.125
1359,879,"6 Male",0.05,0.05
1360,880,"6 Male",0.0875,0.0670200942850328
1361,881,"6 Male",0.075,0.0635823994434572
1362,882,"6 Male",0,0
1363,883,"6 Male",0.0375,0.0375
1364,884,"6 Male",0.1,0.0724787179588741
1365,885,"6 Male",0,0
1366,886,"6 Male",0.075,0.0556179326330973
1367,887,"6 Male",0,0
1368,888,"6 Male",0.075,0.075
1369,889,"6 Male",0.175,0.117698122760161
1370,890,"6 Male",0.1125,0.0795432968637167
1371,891,"6 Male",0.025,0.025
1372,892,"6 Male",0.0375,0.0375
1373,893,"6 Male",0.0375,0.0375
1374,894,"6 Male",0.025,0.025
1375,895,"6 Male",0.2375,0.156346489194815
1376,896,"6 Male",0.2375,0.169925290732074
1377,897,"6 Male",0.375,0.338170337574409
1378,898,"6 Male",0.2,0.114460761061531
1379,899,"6 Male",0.075,0.0427496391279461
1380,900,"6 Male",0.0625,0.0448053102074387
1381,901,"6 Male",0.05,0.0351308584465264
1382,902,"6 Male",0.075,0.0388725603654697
1383,903,"6 Male",0.05,0.05
1384,904,"6 Male",0.025,0.0175654292232632
1385,905,"6 Male",0.0125,0.0125
1386,906,"6 Male",0.0875,0.0646160764962726
1387,907,"6 Male",0.0875,0.0509211042767092
1388,908,"6 Male",0.0375,0.0278089663165486
1389,909,"6 Male",0.0125,0.0125
1390,910,"6 Male",0.1375,0.125465903886174
1391,911,"6 Male",0.1875,0.124643478912629
1392,912,"6 Male",0.2125,0.149570852352381
1393,913,"6 Male",0.2,0.143861747979251
1394,914,"6 Male",0.0375,0.0375
1395,915,"6 Male",0.075,0.0463032109229171
1396,916,"6 Male",0.15,0.0959628092517808
1397,917,"6 Male",0.1875,0.0854877110126199
1398,918,"6 Male",0.075,0.0526962876697896
1399,919,"6 Male",0.05,0.0351308584465264
1400,920,"6 Male",0.2125,0.121558640846947
1401,921,"6 Male",0.1125,0.0533490713857469
1402,922,"6 Male",0.2,0.0964561945566713
1403,923,"6 Male",0.2,0.102808658454259
1404,924,"6 Male",0.175,0.100276516427504
1405,925,"6 Male",0.25,0.151469594224991
1406,926,"6 Male",0.2875,0.263372570248866
1407,927,"6 Male",0.0625,0.0513850874786632
1408,928,"6 Male",0.0375,0.021374819563973
1409,929,"6 Male",0.1,0.0679724441561208
1410,930,"6 Male",0.2375,0.15430914843631
1411,931,"6 Male",0.0875,0.0442724233395285
1412,932,"6 Male",0.2,0.0914025731571428
1413,933,"6 Male",0.15,0.106883350587972
1414,934,"6 Male",0.1125,0.0834268989496459
1415,935,"6 Male",0.025,0.025
1416,936,"6 Male",0.0875,0.0539389892096805
1417,937,"6 Male",0.05,0.0302939188449983
1418,938,"6 Male",0.0625,0.0625
1419,939,"6 Male",0.1375,0.103336353229317
1420,940,"6 Male",0.0875,0.056796745093047
1421,941,"6 Male",0.05,0.0351308584465264
1422,942,"6 Male",0.0875,0.0646160764962726
1423,943,"6 Male",0.0375,0.0278089663165486
1424,944,"6 Male",0.2375,0.185079310744942
1425,945,"6 Male",0.225,0.131898263440935
1426,946,"6 Male",0.0875,0.0646160764962726
1427,947,"6 Male",0.2,0.127537534807641
1428,948,"6 Male",0.1,0.0767207660895477
1429,949,"6 Male",0.1,0.0724787179588741
1430,950,"6 Male",0.1125,0.0641244586919191
1431,951,"6 Male",0.2,0.134775950978004
1432,952,"6 Male",0.075,0.0463032109229171
1433,953,"6 Male",0.1375,0.0919957174292176
1434,954,"6 Male",0.2125,0.144184470011181
1435,955,"6 Male",0.2,0.153441532179095
1436,956,"6 Male",0.3,0.210033149885043
1437,957,"6 Male",0.15,0.0836281704097127
1438,958,"6 Male",0.125,0.0514812243026154
1439,959,"6 Male",0.1375,0.0683062491349516
0,960,"1 Male",0.275,0.133913002758105
1,961,"1 Male",0.325,0.169416419147977
2,962,"1 Male",0.375,0.177906270338178
3,963,"1 Male",0.225,0.115954787829192
4,964,"1 Male",0.2,0.0960768922830523
5,965,"1 Male",0.775,0.374657963672988
6,966,"1 Male",0.575,0.226136729685428
7,967,"1 Male",0.525,0.205649377987551
8,968,"1 Male",0.325,0.173158812536279
9,969,"1 Male",0.325,0.126021467442695
10,970,"1 Male",0.675,0.268871096748361
11,971,"1 Male",0.625,0.222709135363503
12,972,"1 Male",0.75,0.25
13,973,"1 Male",0.425,0.151435439404693
14,974,"1 Male",0.625,0.188405931095056
15,975,"1 Male",0.5,0.167943824551926
16,976,"1 Male",0.325,0.153537350337688
17,977,"1 Male",0.375,0.166746775619462
18,978,"1 Male",0.475,0.208743186592324
19,979,"1 Male",0.5,0.217797836159815
20,980,"1 Male",0.3,0.139596488090423
21,981,"1 Male",0.525,0.301677999503801
22,982,"1 Male",0.5,0.234793963142593
23,983,"1 Male",0.35,0.145663820895749
24,984,"1 Male",0.6,0.220139815711603
25,985,"1 Male",0.475,0.199317746582095
26,986,"1 Male",0.4,0.163299316185545
27,987,"1 Male",0.575,0.220394459886627
28,988,"1 Male",0.45,0.167752870738553
29,989,"1 Male",0.525,0.156022269942303
30,990,"1 Male",0.75,0.198552453832928
31,991,"1 Male",0.525,0.196075273353151
32,992,"1 Male",0.9,0.423356550948216
33,993,"1 Male",0.625,0.19835057024861
34,994,"1 Male",0.55,0.255578780066955
35,995,"1 Male",0.45,0.155868123087666
36,996,"1 Male",0.575,0.195748072001508
37,997,"1 Male",0.625,0.204712118063517
38,998,"1 Male",0.325,0.120827807123853
39,999,"1 Male",0.575,0.18908517955727
40,1000,"1 Male",0.45,0.159927868356091
41,1001,"1 Male",0.4,0.192153784566105
42,1002,"1 Male",0.65,0.216469338149712
43,1003,"1 Male",0.375,0.181473668359055
44,1004,"1 Male",0.375,0.195092022994015
45,1005,"1 Male",0.425,0.147141567973299
46,1006,"1 Male",0.475,0.175365917806754
47,1007,"1 Male",0.6,0.201913919206257
48,1008,"1 Male",0.35,0.126845353047495
49,1009,"1 Male",0.575,0.178625449704266
50,1010,"1 Male",0.475,0.160078105935821
51,1011,"1 Male",0.4,0.155250005161237
52,1012,"1 Male",0.45,0.211678275474108
53,1013,"1 Male",0.275,0.143167017402036
54,1014,"1 Male",0.225,0.121357175735776
55,1015,"1 Male",0.3,0.134926380686388
56,1016,"1 Male",0.65,0.241655614247706
57,1017,"1 Male",0.4,0.201913919206257
58,1018,"1 Male",0.75,0.228568566831902
59,1019,"1 Male",0.675,0.235849528301415
60,1020,"1 Male",0.9,0.363035634332047
61,1021,"1 Male",0.65,0.180987320706204
62,1022,"1 Male",0.75,0.19529727504762
63,1023,"1 Male",0.725,0.175365917806754
64,1024,"1 Male",0.825,0.217466472511665
65,1025,"1 Male",0.7,0.193483584409369
66,1026,"1 Male",0.675,0.206892453171901
67,1027,"1 Male",0.675,0.187382441779318
68,1028,"1 Male",0.675,0.180410855890318
69,1029,"1 Male",0.525,0.164033689472777
70,1030,"1 Male",0.675,0.19737865470545
71,1031,"1 Male",0.45,0.151699770971549
72,1032,"1 Male",0.525,0.186009029281804
73,1033,"1 Male",0.6,0.217208395738947
74,1034,"1 Male",0.425,0.159677158265654
75,1035,"1 Male",0.525,0.196075273353151
76,1036,"1 Male",0.275,0.113156913971207
77,1037,"1 Male",0.35,0.166217343042792
78,1038,"1 Male",0.525,0.182530292533343
79,1039,"1 Male",0.575,0.250352315849648
80,1040,"1 Male",0.375,0.14626766822928
81,1041,"1 Male",0.75,0.234110427592818
82,1042,"1 Male",0.8,0.238047614284762
83,1043,"1 Male",0.425,0.128539627731824
84,1044,"1 Male",0.65,0.233562158859868
85,1045,"1 Male",0.8,0.248585743345977
86,1046,"1 Male",0.45,0.147413599205668
87,1047,"1 Male",0.525,0.175365917806754
88,1048,"1 Male",0.35,0.197905701450632
89,1049,"1 Male",0.3,0.134926380686388
90,1050,"1 Male",0.35,0.15831646333879
91,1051,"1 Male",0.45,0.163887078071989
92,1052,"1 Male",0.625,0.207819880098374
93,1053,"1 Male",1.125,0.314576434802948
94,1054,"1 Male",0.6,0.188788309068718
95,1055,"1 Male",0.625,0.204712118063517
96,1056,"1 Male",0.475,0.186009029281804
97,1057,"1 Male",0.575,0.211488921938158
98,1058,"1 Male",0.8,0.235339362165821
99,1059,"1 Male",0.725,0.196075273353151
100,1060,"1 Male",0.8,0.282389075113733
101,1061,"1 Male",0.3,0.144115338424578
102,1062,"1 Male",0.425,0.147141567973299
103,1063,"1 Male",0.425,0.175
104,1064,"1 Male",0.525,0.229233673187595
105,1065,"1 Male",0.525,0.189423890405646
106,1066,"1 Male",0.525,0.192778270400119
107,1067,"1 Male",0.375,0.132469154609958
108,1068,"1 Male",0.425,0.171297836290914
109,1069,"1 Male",0.425,0.171297836290914
110,1070,"1 Male",0.675,0.19737865470545
111,1071,"1 Male",0.375,0.166746775619462
112,1072,"1 Male",0.45,0.18239854925199
113,1073,"1 Male",0.45,0.163887078071989
114,1074,"1 Male",0.35,0.126845353047495
115,1075,"1 Male",0.425,0.167513872368522
116,1076,"1 Male",0.325,0.120827807123853
117,1077,"1 Male",0.525,0.167896106459032
118,1078,"1 Male",0.225,0.104313998372271
119,1079,"1 Male",0.275,0.107342609887388
120,1080,"1 Male",0.35,0.131802104959651
121,1081,"1 Male",0.25,0.0996789718842316
122,1082,"1 Male",0.275,0.151858149059895
123,1083,"1 Male",0.525,0.223570960455454
124,1084,"1 Male",0.45,0.195952636872883
125,1085,"1 Male",0.575,0.208435872201771
126,1086,"1 Male",0.525,0.178983955734184
127,1087,"1 Male",0.35,0.141194537556867
128,1088,"1 Male",0.275,0.123970116332888
129,1089,"1 Male",0.35,0.121686861688895
130,1090,"1 Male",0.6,0.205064092544946
131,1091,"1 Male",0.8,0.251151195650992
132,1092,"1 Male",0.725,0.312121565731802
133,1093,"1 Male",0.5,0.160128153805087
134,1094,"1 Male",0.425,0.151435439404693
135,1095,"1 Male",0.7,0.30212919634165
136,1096,"1 Male",0.525,0.255672817764403
137,1097,"1 Male",0.525,0.196075273353151
138,1098,"1 Male",0.5,0.179028718509858
139,1099,"1 Male",0.625,0.239356776939085
140,1100,"1 Male",0.35,0.145663820895749
141,1101,"1 Male",0.4,0.155250005161237
142,1102,"1 Male",0.25,0.0996789718842316
143,1103,"1 Male",0.625,0.23393923164481
144,1104,"1 Male",0.4,0.239657875806111
145,1105,"1 Male",0.125,0.0890656628993031
146,1106,"1 Male",0.175,0.100559333167934
147,1107,"1 Male",0.325,0.233115741034253
148,1108,"1 Male",0.225,0.115954787829192
149,1109,"1 Male",0.125,0.0639260389945948
150,1110,"1 Male",0.475,0.192778270400119
151,1111,"1 Male",0.5,0.21483446221183
152,1112,"1 Male",0.6,0.247552118314611
153,1113,"1 Male",0.15,0.0763762615825973
154,1114,"1 Male",0.4,0.167178700643108
155,1115,"1 Male",0.7,0.248585743345977
156,1116,"1 Male",0.575,0.211488921938158
157,1117,"1 Male",0.3,0.168705478457395
158,1118,"1 Male",0.475,0.171671645434399
159,1119,"1 Male",0.475,0.175365917806754
160,1120,"1 Male",0.6,0.188788309068718
161,1121,"1 Male",0.3,0.108604197869474
162,1122,"1 Male",0.675,0.230349511473103
163,1123,"1 Male",0.575,0.208435872201771
164,1124,"1 Male",0.325,0.140454847202096
165,1125,"1 Male",0.475,0.2117918063353
166,1126,"1 Male",0.25,0.132771251135949
167,1127,"1 Male",0.5,0.196116135138184
168,1128,"1 Male",0.35,0.170030163236575
169,1129,"1 Male",0.3,0.164862024673626
170,1130,"1 Male",0.5,0.196116135138184
171,1131,"1 Male",0.675,0.271244756536819
172,1132,"1 Male",0.45,0.208627996744543
173,1133,"1 Male",0.55,0.217650625709633
174,1134,"1 Male",0.35,0.126845353047495
175,1135,"1 Male",0.425,0.205337433358999
176,1136,"1 Male",0.45,0.163887078071989
177,1137,"1 Male",0.675,0.235849528301415
178,1138,"1 Male",0.7,0.218385685639668
179,1139,"1 Male",0.625,0.207819880098374
180,1140,"1 Male",0.6,0.208166599946613
181,1141,"1 Male",0.45,0.163887078071989
182,1142,"1 Male",0.625,0.231182855810099
183,1143,"1 Male",0.575,0.231736753832712
184,1144,"1 Male",0.75,0.252551086479649
185,1145,"1 Male",0.475,0.167896106459032
186,1146,"1 Male",0.5,0.217797836159815
187,1147,"1 Male",1.025,0.383117274674278
188,1148,"1 Male",0.825,0.228953863900288
189,1149,"1 Male",0.3,0.130088727117598
190,1150,"1 Male",0.3,0.125064086135971
191,1151,"1 Male",0.25,0.0930260509419063
192,1152,"1 Male",0.225,0.121357175735776
193,1153,"1 Male",0.2,0.0960768922830523
194,1154,"1 Male",0.475,0.192778270400119
195,1155,"1 Male",0.525,0.214797161323935
196,1156,"1 Male",0.2,0.0816496580927726
197,1157,"1 Male",0.3,0.119828937903056
198,1158,"1 Male",0.4,0.133012434352235
199,1159,"1 Male",0.35,0.173759338431946
200,1160,"1 Male",0.425,0.159677158265654
201,1161,"1 Male",0.6,0.250128172271943
202,1162,"1 Male",0.425,0.167513872368522
203,1163,"1 Male",0.175,0.0868796692159732
204,1164,"1 Male",0.5,0.253184841770917
205,1165,"1 Male",0.55,0.250512295619218
206,1166,"1 Male",0.25,0.146541321729944
207,1167,"1 Male",0.45,0.270208846103936
208,1168,"1 Male",0.275,0.123970116332888
209,1169,"1 Male",0.375,0.177906270338178
210,1170,"1 Male",0.25,0.10591481821704
211,1171,"1 Male",0.35,0.154214303104645
212,1172,"1 Male",0.275,0.129037362905637
213,1173,"1 Male",0.5,0.175411603861406
214,1174,"1 Male",0.425,0.151435439404693
215,1175,"1 Male",0.7,0.263604209919302
216,1176,"1 Male",0.225,0.0979763184364414
217,1177,"1 Male",0.375,0.158872227325561
218,1178,"1 Male",0.325,0.144946939893933
219,1179,"1 Male",0.125,0.073270660864972
220,1180,"1 Male",0.15,0.0916375245051714
221,1181,"1 Male",0.2,0.130088727117598
222,1182,"1 Male",0.3,0.125064086135971
223,1183,"1 Male",0.6,0.260177454235196
224,1184,"1 Male",0.4,0.178311165648346
225,1185,"1 Male",0.525,0.237474695008186
226,1186,"1 Male",0.55,0.262995563967658
227,1187,"1 Male",0.75,0.242185561406633
228,1188,"1 Male",0.55,0.18239854925199
229,1189,"1 Male",0.65,0.222313015640283
230,1190,"1 Male",0.625,0.19835057024861
231,1191,"1 Male",0.45,0.147413599205668
232,1192,"1 Male",0.35,0.15
233,1193,"1 Male",0.6,0.192153784566105
234,1194,"1 Male",0.325,0.144946939893933
235,1195,"1 Male",0.575,0.295017383234033
236,1196,"1 Male",0.65,0.233562158859868
237,1197,"1 Male",0.5,0.189466186686268
238,1198,"1 Male",0.4,0.112089707663561
239,1199,"1 Male",0.6,0.201913919206257
240,1200,"1 Male",0.375,0.150586460384996
241,1201,"1 Male",0.35,0.15
242,1202,"1 Male",0.3,0.148496740877644
243,1203,"1 Male",0.3,0.125064086135971
244,1204,"1 Male",0.25,0.132771251135949
245,1205,"1 Male",0.4,0.142325016270543
246,1206,"1 Male",0.575,0.223284055030289
247,1207,"1 Male",0.7,0.235339362165821
248,1208,"1 Male",0.575,0.217466472511665
249,1209,"1 Male",0.35,0.141194537556867
250,1210,"1 Male",0.35,0.136579083881267
251,1211,"1 Male",0.575,0.283945417290014
252,1212,"1 Male",0.5,0.171718314361571
253,1213,"1 Male",0.5,0.164082530828473
254,1214,"1 Male",0.45,0.155868123087666
255,1215,"1 Male",0.375,0.132469154609958
256,1216,"1 Male",0.4,0.163299316185545
257,1217,"1 Male",0.625,0.254919544874406
258,1218,"1 Male",0.5,0.179028718509858
259,1219,"1 Male",0.4,0.155250005161237
260,1220,"1 Male",0.4,0.133012434352235
261,1221,"1 Male",0.525,0.175365917806754
262,1222,"1 Male",0.5,0.171718314361571
263,1223,"1 Male",0.275,0.151858149059895
264,1224,"1 Male",0.5,0.199357943768463
265,1225,"1 Male",0.575,0.288425211387809
266,1226,"1 Male",0.45,0.155868123087666
267,1227,"1 Male",0.85,0.333108898802687
268,1228,"1 Male",0.425,0.163642433842345
269,1229,"1 Male",0.45,0.189296944860009
270,1230,"1 Male",0.425,0.159677158265654
271,1231,"1 Male",0.45,0.163887078071989
272,1232,"1 Male",0.325,0.13581425853169
273,1233,"1 Male",0.275,0.118686724032381
274,1234,"1 Male",0.25,0.10591481821704
275,1235,"1 Male",0.375,0.154784796841723
276,1236,"1 Male",0.65,0.289893879787866
277,1237,"1 Male",0.475,0.267915744505332
278,1238,"1 Male",0.475,0.265512325272848
279,1239,"1 Male",0.25,0.122735905765601
280,1240,"1 Male",0.275,0.118686724032381
281,1241,"1 Male",0.075,0.0553253778649314
282,1242,"1 Male",0.3,0.139596488090423
283,1243,"1 Male",0.45,0.163887078071989
284,1244,"1 Male",0.55,0.189296944860009
285,1245,"1 Male",0.45,0.199197106353198
286,1246,"1 Male",0.35,0.15
287,1247,"1 Male",0.3,0.144115338424578
288,1248,"1 Male",0.4,0.170970082853022
289,1249,"1 Male",0.35,0.141194537556867
290,1250,"1 Male",0.425,0.175
291,1251,"1 Male",0.25,0.0996789718842316
292,1252,"1 Male",0.375,0.132469154609958
293,1253,"1 Male",0.45,0.151699770971549
294,1254,"1 Male",0.5,0.205688337801861
295,1255,"1 Male",0.35,0.136579083881267
296,1256,"1 Male",0.65,0.197905701450632
297,1257,"1 Male",0.425,0.163642433842345
298,1258,"1 Male",0.575,0.19244546347019
299,1259,"1 Male",0.375,0.132469154609958
300,1260,"1 Male",0.325,0.115400639912904
301,1261,"1 Male",0.625,0.181473668359055
302,1262,"1 Male",0.375,0.132469154609958
303,1263,"1 Male",0.65,0.296453394962202
304,1264,"1 Male",0.475,0.171671645434399
305,1265,"1 Male",0.55,0.178849600187363
306,1266,"1 Male",0.4,0.151064598170825
307,1267,"1 Male",0.65,0.222313015640283
308,1268,"1 Male",0.85,0.216469338149712
309,1269,"1 Male",0.975,0.246741585989087
310,1270,"1 Male",0.45,0.159927868356091
311,1271,"1 Male",0.525,0.143167017402036
312,1272,"1 Male",0.7,0.2
313,1273,"1 Male",0.45,0.123776059157306
314,1274,"1 Male",0.575,0.178625449704266
315,1275,"1 Male",0.65,0.204281103459838
316,1276,"1 Male",0.925,0.264059773730427
317,1277,"1 Male",0.85,0.280909694404192
318,1278,"1 Male",0.7,0.183275049010343
319,1279,"1 Male",0.975,0.266716742093219
320,1280,"1 Male",0.6,0.198713813025616
321,1281,"1 Male",0.675,0.190772720191412
322,1282,"1 Male",0.5,0.147630863287023
323,1283,"1 Male",0.825,0.205337433358999
324,1284,"1 Male",0.675,0.190772720191412
325,1285,"1 Male",1.05,0.250512295619218
326,1286,"1 Male",0.775,0.191108440152276
327,1287,"1 Male",0.55,0.155868123087666
328,1288,"1 Male",0.875,0.221265300789196
329,1289,"1 Male",0.8,0.193483584409369
330,1290,"1 Male",0.825,0.228953863900288
331,1291,"1 Male",1.25,0.33156582670097
332,1292,"1 Male",1.125,0.286865241300975
333,1293,"1 Male",1.125,0.268393845701157
334,1294,"1 Male",0.675,0.153537350337688
335,1295,"1 Male",0.65,0.197905701450632
336,1296,"1 Male",0.6,0.220139815711603
337,1297,"1 Male",0.775,0.210273021545189
338,1298,"1 Male",1.225,0.394655805896993
339,1299,"1 Male",0.775,0.187724224902873
340,1300,"1 Male",0.475,0.160078105935821
341,1301,"1 Male",0.55,0.17153156246906
342,1302,"1 Male",0.575,0.163642433842345
343,1303,"1 Male",0.5,0.164082530828473
344,1304,"1 Male",0.475,0.167896106459032
345,1305,"1 Male",0.85,0.257079255463648
346,1306,"1 Male",0.325,0.153537350337688
347,1307,"1 Male",0.775,0.264302420024428
348,1308,"1 Male",0.75,0.225746624474295
349,1309,"1 Male",0.575,0.198995876777281
350,1310,"1 Male",0.8,0.306343196180613
351,1311,"1 Male",0.575,0.182178765403937
352,1312,"1 Male",0.75,0.204907734083366
353,1313,"1 Male",0.65,0.225177992275285
354,1314,"1 Male",0.4,0.174679193130781
355,1315,"1 Male",0.425,0.178625449704266
356,1316,"1 Male",0.7,0.227020839436519
357,1317,"1 Male",0.75,0.23135609139515
358,1318,"1 Male",0.6,0.198713813025616
359,1319,"1 Male",0.575,0.167513872368522
360,1320,"1 Male",0.575,0.182178765403937
361,1321,"1 Male",0.625,0.21389998861198
362,1322,"1 Male",0.5,0.186052101883813
363,1323,"1 Male",0.875,0.277783119606756
364,1324,"1 Male",0.5,0.147630863287023
365,1325,"1 Male",0.775,0.254416123904449
366,1326,"1 Male",0.725,0.258167854361539
367,1327,"1 Male",0.475,0.147576577253459
368,1328,"1 Male",0.5,0.186052101883813
369,1329,"1 Male",0.975,0.355339310576561
370,1330,"1 Male",0.85,0.254573549898045
371,1331,"1 Male",0.675,0.200600061354389
372,1332,"1 Male",0.9,0.364797098503981
373,1333,"1 Male",0.725,0.192778270400119
374,1334,"1 Male",0.7,0.209394732135634
375,1335,"1 Male",0.8,0.224179415327122
376,1336,"1 Male",1.1,0.321853605836168
377,1337,"1 Male",0.7,0.221301511459725
378,1338,"1 Male",0.775,0.251883927277055
379,1339,"1 Male",0.625,0.216876131490435
380,1340,"1 Male",0.65,0.238988252044707
381,1341,"1 Male",0.775,0.230627627495282
382,1342,"1 Male",0.925,0.254164039498822
383,1343,"1 Male",0.85,0.249486652435736
384,1344,"1 Male",0.425,0.19244546347019
385,1345,"1 Male",0.925,0.261620933452415
386,1346,"1 Male",0.675,0.254164039498822
387,1347,"1 Male",0.65,0.184495153157099
388,1348,"1 Male",0.75,0.222888957060432
389,1349,"1 Male",0.675,0.206892453171901
390,1350,"1 Male",0.5,0.199357943768463
391,1351,"1 Male",0.7,0.270801280154532
392,1352,"1 Male",0.45,0.17522878817457
393,1353,"1 Male",0.425,0.182178765403937
394,1354,"1 Male",0.575,0.18908517955727
395,1355,"1 Male",0.625,0.239356776939085
396,1356,"1 Male",0.75,0.255076660171217
397,1357,"1 Male",0.45,0.185879751590328
398,1358,"1 Male",0.35,0.166217343042792
399,1359,"1 Male",0.275,0.147576577253459
400,1360,"1 Male",0.3,0.134926380686388
401,1361,"1 Male",0.45,0.17522878817457
402,1362,"1 Male",0.475,0.220685122010803
403,1363,"1 Male",0.475,0.167896106459032
404,1364,"1 Male",0.425,0.175
405,1365,"1 Male",0.5,0.179028718509858
406,1366,"1 Male",0.525,0.164033689472777
407,1367,"1 Male",0.55,0.167752870738553
408,1368,"1 Male",0.625,0.210881848071743
409,1369,"1 Male",0.475,0.151858149059895
410,1370,"1 Male",0.575,0.195748072001508
411,1371,"1 Male",1.075,0.298258836136221
412,1372,"1 Male",0.775,0.241489767262109
413,1373,"1 Male",0.45,0.167752870738553
414,1374,"1 Male",0.475,0.147576577253459
415,1375,"1 Male",0.55,0.185879751590328
416,1376,"1 Male",0.475,0.167896106459032
417,1377,"1 Male",0.525,0.199317746582095
418,1378,"1 Male",0.875,0.367227135749483
419,1379,"1 Male",0.775,0.197703157439477
420,1380,"1 Male",0.675,0.176822016844695
421,1381,"1 Male",0.525,0.151858149059895
422,1382,"1 Male",0.5,0.15191090506255
423,1383,"1 Male",1,0.320256307610174
424,1384,"1 Male",0.625,0.216876131490435
425,1385,"1 Male",0.6,0.192153784566105
426,1386,"1 Male",0.675,0.180410855890318
427,1387,"1 Male",0.85,0.300746933398693
428,1388,"1 Male",0.575,0.185664088735958
429,1389,"1 Male",0.925,0.233115741034253
430,1390,"1 Male",0.9,0.211223541811477
431,1391,"1 Male",0.875,0.280081261102047
432,1392,"1 Male",0.675,0.176822016844695
433,1393,"1 Male",0.7,0.2
434,1394,"1 Male",0.9,0.257701875061584
435,1395,"1 Male",0.7,0.218385685639668
436,1396,"1 Male",0.85,0.246903905318524
437,1397,"1 Male",0.95,0.211678275474108
438,1398,"1 Male",0.925,0.235849528301415
439,1399,"1 Male",0.8,0.203179849596487
440,1400,"1 Male",0.725,0.205649377987551
441,1401,"1 Male",0.95,0.237373448064761
442,1402,"1 Male",1.075,0.218935361026245
443,1403,"1 Male",0.65,0.15
444,1404,"1 Male",0.925,0.215987594610526
445,1405,"1 Male",0.8,0.196768769671279
446,1406,"1 Male",0.7,0.172463299700515
447,1407,"1 Male",1.025,0.23339056074776
448,1408,"1 Male",1.35,0.327284867684689
449,1409,"1 Male",0.95,0.205532454234337
450,1410,"1 Male",1.225,0.264302420024428
451,1411,"1 Male",1.375,0.249839692192557
452,1412,"1 Male",0.725,0.160078105935821
453,1413,"1 Male",1.025,0.246741585989087
454,1414,"1 Male",0.85,0.204281103459838
455,1415,"1 Male",0.625,0.170547760060162
456,1416,"1 Male",0.825,0.211488921938158
457,1417,"1 Male",0.8,0.24337372337779
458,1418,"1 Male",0.875,0.20314040868578
459,1419,"1 Male",0.925,0.209967946271659
460,1420,"1 Male",0.8,0.2
461,1421,"1 Male",1.375,0.287980367920614
462,1422,"1 Male",0.85,0.173759338431946
463,1423,"1 Male",0.775,0.204084886813407
464,1424,"1 Male",0.925,0.206892453171901
465,1425,"1 Male",1.1,0.395163062739733
466,1426,"1 Male",0.95,0.189296944860009
467,1427,"1 Male",0.775,0.180765821026216
468,1428,"1 Male",1.025,0.23339056074776
469,1429,"1 Male",0.85,0.21941063247032
470,1430,"1 Male",0.875,0.215393200378356
471,1431,"1 Male",0.875,0.199959931883801
472,1432,"1 Male",0.925,0.246481652721263
473,1433,"1 Male",1.05,0.250512295619218
474,1434,"1 Male",1.125,0.304217154222238
475,1435,"1 Male",1.05,0.185879751590328
476,1436,"1 Male",1.175,0.237204607124368
477,1437,"1 Male",0.825,0.15561087233784
478,1438,"1 Male",1.1,0.198713813025616
479,1439,"1 Male",1.3,0.261161115415615
480,0,"1 Male",1.35,0.230801279825808
481,1,"1 Male",1.225,0.227831190318734
482,2,"1 Male",1.1,0.208166599946613
483,3,"1 Male",1.675,0.24122417491641
484,4,"1 Male",1.475,0.248037166363099
485,5,"1 Male",1.225,0.241489767262109
486,6,"1 Male",1.225,0.191108440152276
487,7,"1 Male",1.225,0.180765821026216
488,8,"1 Male",1.45,0.274912573515514
489,9,"1 Male",1.15,0.204281103459838
490,10,"1 Male",1.275,0.253153191687441
491,11,"1 Male",1.4,0.252677964702413
492,12,"1 Male",1.2,0.215430398064564
493,13,"1 Male",1.25,0.219994172416989
494,14,"1 Male",1.575,0.257919436835295
495,15,"1 Male",1.3,0.24337372337779
496,16,"1 Male",1.225,0.311092986346279
497,17,"1 Male",1.225,0.222132727705642
498,18,"1 Male",1.325,0.200600061354389
499,19,"1 Male",1.525,0.253153191687441
500,20,"1 Male",1.1,0.170970082853022
501,21,"1 Male",1.35,0.207395324230853
502,22,"1 Male",1.5,0.312147236790425
503,23,"1 Male",1.525,0.189423890405646
504,24,"1 Male",1.4,0.272217861468648
505,25,"1 Male",1.3,0.23259957889593
506,26,"1 Male",0.9,0.188788309068718
507,27,"1 Male",0.95,0.151699770971549
508,28,"1 Male",1.075,0.200600061354389
509,29,"1 Male",1.1,0.239657875806111
510,30,"1 Male",1.3,0.316632926677581
511,31,"1 Male",1.05,0.17522878817457
512,32,"1 Male",0.95,0.234657415318806
513,33,"1 Male",1.225,0.259406373604556
514,34,"1 Male",1.175,0.19244546347019
515,35,"1 Male",1.125,0.190099501611184
516,36,"1 Male",1,0.167943824551926
517,37,"1 Male",1.1,0.272217861468648
518,38,"1 Male",1.425,0.198995876777281
519,39,"1 Male",0.925,0.157657125531227
520,40,"1 Male",0.975,0.158063197357811
521,41,"1 Male",0.975,0.153954288920196
522,42,"1 Male",0.9,0.163299316185545
523,43,"1 Male",1.6,0.444048969348525
524,44,"1 Male",0.975,0.165976133594794
525,45,"1 Male",0.75,0.146541321729944
526,46,"1 Male",0.975,0.180765821026216
527,47,"1 Male",0.625,0.141817416022079
528,48,"1 Male",0.9,0.236968027703836
529,49,"1 Male",1.325,0.238551988635709
530,50,"1 Male",1.125,0.209356462057249
531,51,"1 Male",1.125,0.186696998451419
532,52,"1 Male",0.9,0.198713813025616
533,53,"1 Male",0.95,0.199197106353198
534,54,"1 Male",1.15,0.197905701450632
535,55,"1 Male",0.8,0.156892908110547
536,56,"1 Male",0.775,0.16206796611615
537,57,"1 Male",1.15,0.31122174467568
538,58,"1 Male",0.925,0.183929682773413
539,59,"1 Male",0.925,0.200600061354389
540,60,"1 Male",0.75,0.159124205639849
541,61,"1 Male",0.65,0.145663820895749
542,62,"1 Male",0.925,0.169416419147977
543,63,"1 Male",1.275,0.202508309421158
544,64,"1 Male",0.9,0.188788309068718
545,65,"1 Male",0.875,0.176095472356944
546,66,"1 Male",0.975,0.1842778698958
547,67,"1 Male",1.175,0.228953863900288
548,68,"1 Male",0.95,0.189296944860009
549,69,"1 Male",0.75,0.181694305119397
550,70,"1 Male",0.875,0.183231323601392
551,71,"1 Male",1.45,0.401838722591986
552,72,"1 Male",0.875,0.164813414315891
553,73,"1 Male",0.95,0.195952636872883
554,74,"1 Male",0.875,0.215393200378356
555,75,"1 Male",0.825,0.175
556,76,"1 Male",0.85,0.187937523716029
557,77,"1 Male",0.8,0.168705478457395
558,78,"1 Male",0.85,0.177410143380696
559,79,"1 Male",0.825,0.19244546347019
560,80,"1 Male",0.825,0.15561087233784
561,81,"1 Male",1,0.343436628723143
562,82,"1 Male",0.75,0.159124205639849
563,83,"1 Male",1.025,0.200919361295993
564,84,"1 Male",0.7,0.152752523165195
565,85,"1 Male",0.675,0.120827807123853
566,86,"1 Male",0.725,0.143167017402036
567,87,"1 Male",1.025,0.187724224902873
568,88,"1 Male",1,0.352645678208275
569,89,"1 Male",0.825,0.195748072001508
570,90,"1 Male",0.7,0.148496740877644
571,91,"1 Male",0.9,0.159325501363138
572,92,"1 Male",0.7,0.176140969185596
573,93,"1 Male",0.725,0.167896106459032
574,94,"1 Male",0.7,0.148496740877644
575,95,"1 Male",0.925,0.235849528301415
576,96,"1 Male",0.65,0.166217343042792
577,97,"1 Male",0.675,0.13581425853169
578,98,"1 Male",0.85,0.21941063247032
579,99,"1 Male",0.675,0.19737865470545
580,100,"1 Male",0.6,0.201913919206257
581,101,"1 Male",0.625,0.158872227325561
582,102,"1 Male",0.8,0.183275049010343
583,103,"1 Male",0.675,0.144946939893933
584,104,"1 Male",0.775,0.169794370357583
585,105,"1 Male",0.775,0.200919361295993
586,106,"1 Male",0.875,0.215393200378356
587,107,"1 Male",0.65,0.15
588,108,"1 Male",0.675,0.157657125531227
589,109,"1 Male",0.55,0.133733374236259
590,110,"1 Male",0.7,0.160926802918084
591,111,"1 Male",0.65,0.166217343042792
592,112,"1 Male",0.625,0.122409045249828
593,113,"1 Male",0.625,0.127538330085609
594,114,"1 Male",0.75,0.155043418236511
595,115,"1 Male",0.65,0.16231498343084
596,116,"1 Male",0.975,0.1842778698958
597,117,"1 Male",0.65,0.15
598,118,"1 Male",0.85,0.210463469026983
599,119,"1 Male",0.725,0.151858149059895
600,120,"1 Male",0.95,0.185879751590328
601,121,"1 Male",0.625,0.170547760060162
602,122,"1 Male",0.575,0.147141567973299
603,123,"1 Male",0.875,0.193442166537887
604,124,"1 Male",0.925,0.230349511473103
605,125,"1 Male",0.775,0.327162431232953
606,126,"1 Male",0.425,0.133433455997689
607,127,"1 Male",0.575,0.142718568320978
608,128,"1 Male",0.65,0.177410143380696
609,129,"1 Male",0.575,0.171297836290914
610,130,"1 Male",0.6,0.23424729426782
611,131,"1 Male",0.475,0.113156913971207
612,132,"1 Male",0.5,0.143222974807887
613,133,"1 Male",1.025,0.582311375864785
614,134,"1 Male",0.725,0.226420020406822
615,135,"1 Male",0.45,0.128850937530792
616,136,"1 Male",1.025,0.37122026773802
617,137,"1 Male",1.75,1.24589068129736
618,138,"1 Male",1.575,0.900774239623464
619,139,"1 Male",0.5,0.143222974807887
620,140,"1 Male",0.4,0.151064598170825
621,141,"1 Male",0.45,0.133733374236259
622,142,"1 Male",0.525,0.138617255743084
623,143,"1 Male",0.275,0.0799639341780453
624,144,"1 Male",0.35,0.110650755729863
625,145,"1 Male",0.575,0.15561087233784
626,146,"1 Male",0.55,0.178849600187363
627,147,"1 Male",0.675,0.180410855890318
628,148,"1 Male",0.325,0.0904936603531019
629,149,"1 Male",0.475,0.147576577253459
630,150,"1 Male",0.375,0.132469154609958
631,151,"1 Male",0.525,0.171671645434399
632,152,"1 Male",0.45,0.147413599205668
633,153,"1 Male",0.55,0.208627996744543
634,154,"1 Male",0.575,0.167513872368522
635,155,"1 Male",0.375,0.117055213796409
636,156,"1 Male",0.525,0.143167017402036
637,157,"1 Male",0.575,0.142718568320978
638,158,"1 Male",0.425,0.133433455997689
639,159,"1 Male",0.525,0.143167017402036
640,160,"1 Male",0.675,0.169416419147977
641,161,"1 Male",0.6,0.151064598170825
642,162,"1 Male",0.35,0.126845353047495
643,163,"1 Male",0.725,0.248037166363099
644,164,"1 Male",0.25,0.0858591571807857
645,165,"1 Male",0.5,0.199357943768463
646,166,"1 Male",0.5,0.129099444873581
647,167,"1 Male",0.525,0.189423890405646
648,168,"1 Male",0.225,0.0911992746259952
649,169,"1 Male",0.25,0.0996789718842316
650,170,"1 Male",0.25,0.117396981571296
651,171,"1 Male",0.3,0.108604197869474
652,172,"1 Male",0.525,0.171671645434399
653,173,"1 Male",0.35,0.116299789447965
654,174,"1 Male",0.575,0.167513872368522
655,175,"1 Male",0.575,0.151435439404693
656,176,"1 Male",0.4,0.133012434352235
657,177,"1 Male",0.525,0.156022269942303
658,178,"1 Male",0.275,0.101194785514791
659,179,"1 Male",0.25,0.0930260509419063
660,180,"1 Male",0.325,0.115400639912904
661,181,"1 Male",0.225,0.0838764353692765
662,182,"1 Male",0.525,0.175365917806754
663,183,"1 Male",0.4,0.142325016270543
664,184,"1 Male",0.5,0.118754217199071
665,185,"1 Male",0.675,0.238551988635709
666,186,"1 Male",0.7,0.295695616193236
667,187,"1 Male",0.725,0.432623926220524
668,188,"1 Male",0.375,0.127538330085609
669,189,"1 Male",0.4,0.1229967687714
670,190,"1 Male",0.25,0.111803398874989
671,191,"1 Male",0.575,0.198995876777281
672,192,"1 Male",0.45,0.128850937530792
673,193,"1 Male",0.55,0.17153156246906
674,194,"1 Male",0.375,0.122409045249828
675,195,"1 Male",0.675,0.298258836136221
676,196,"1 Male",0.85,0.529331944711735
677,197,"1 Male",0.9,0.482780408754252
678,198,"1 Male",0.7,0.291327641791497
679,199,"1 Male",1.375,1.12243296870271
680,200,"1 Male",0.7,0.240725399467356
681,201,"1 Male",0.275,0.107342609887388
682,202,"1 Male",0.325,0.103697662115426
683,203,"1 Male",0.4,0.1229967687714
684,204,"1 Male",0.375,0.117055213796409
685,205,"1 Male",0.5,0.147630863287023
686,206,"1 Male",0.25,0.10591481821704
687,207,"1 Male",0.55,0.202389571029583
688,208,"1 Male",0.325,0.115400639912904
689,209,"1 Male",0.325,0.140454847202096
690,210,"1 Male",0.35,0.131802104959651
691,211,"1 Male",0.65,0.304980032973997
692,212,"1 Male",0.225,0.0758498854857746
693,213,"1 Male",0.275,0.0946484724300046
694,214,"1 Male",0.25,0.12785207798919
695,215,"1 Male",0.25,0.117396981571296
696,216,"1 Male",0.375,0.127538330085609
697,217,"1 Male",0.25,0.0930260509419063
698,218,"1 Male",0.15,0.0674631903431942
699,219,"1 Male",0.125,0.0529574091085202
700,220,"1 Male",0.15,0.0763762615825973
701,221,"1 Male",0.325,0.153537350337688
702,222,"1 Male",0.225,0.126529108843046
703,223,"1 Male",0.275,0.107342609887388
704,224,"1 Male",0.25,0.111803398874989
705,225,"1 Male",0.35,0.116299789447965
706,226,"1 Male",0.125,0.0815514624371692
707,227,"1 Male",0.35,0.116299789447965
708,228,"1 Male",0.2,0.0733799385705343
709,229,"1 Male",0.375,0.132469154609958
710,230,"1 Male",0.2,0.0816496580927726
711,231,"1 Male",0.3,0.0891555828241729
712,232,"1 Male",0.225,0.0838764353692765
713,233,"1 Male",0.225,0.110288084299536
714,234,"1 Male",0.175,0.106743762202907
715,235,"1 Male",0.425,0.307778433459143
716,236,"1 Male",0.175,0.0791582316693952
717,237,"1 Male",0.075,0.0553253778649314
718,238,"1 Male",0.225,0.131497781983829
719,239,"1 Male",0.225,0.131497781983829
720,240,"1 Male",0.175,0.0705972687784333
721,241,"1 Male",0.175,0.0705972687784333
722,242,"1 Male",0.325,0.120827807123853
723,243,"1 Male",0.325,0.120827807123853
724,244,"1 Male",0.175,0.0791582316693952
725,245,"1 Male",0.175,0.0868796692159732
726,246,"1 Male",0.175,0.0868796692159732
727,247,"1 Male",0.1,0.0480384461415261
728,248,"1 Male",0.2,0.0891555828241729
729,249,"1 Male",0.85,0.389855331484872
730,250,"1 Male",0.625,0.267196988697909
731,251,"1 Male",0.35,0.131802104959651
732,252,"1 Male",0.35,0.15
733,253,"1 Male",0.75,0.234110427592818
734,254,"1 Male",0.825,0.430990957130431
735,255,"1 Male",1.375,0.927975118477225
736,256,"1 Male",1.325,0.795328911157564
737,257,"1 Male",0.675,0.312941995116814
738,258,"1 Male",0.425,0.138154038889706
739,259,"1 Male",0.45,0.142999013803305
740,260,"1 Male",0.5,0.143222974807887
741,261,"1 Male",0.4,0.133012434352235
742,262,"1 Male",0.8,0.351188458428425
743,263,"1 Male",0.425,0.118145390656315
744,264,"1 Male",0.45,0.133733374236259
745,265,"1 Male",0.575,0.185664088735958
746,266,"1 Male",0.35,0.110650755729863
747,267,"1 Male",0.175,0.0705972687784333
748,268,"1 Male",0.25,0.0858591571807857
749,269,"1 Male",0.5,0.160128153805087
750,270,"1 Male",0.45,0.151699770971549
751,271,"1 Male",0.3,0.114354374979373
752,272,"1 Male",0.375,0.111444478530216
753,273,"1 Male",0.425,0.151435439404693
754,274,"1 Male",0.275,0.113156913971207
755,275,"1 Male",0.55,0.159927868356091
756,276,"1 Male",0.575,0.175
757,277,"1 Male",0.525,0.164033689472777
758,278,"1 Male",0.55,0.138443731048635
759,279,"1 Male",0.375,0.127538330085609
760,280,"1 Male",0.35,0.116299789447965
761,281,"1 Male",0.425,0.147141567973299
762,282,"1 Male",0.675,0.24122417491641
763,283,"1 Male",0.5,0.138675049056307
764,284,"1 Male",0.35,0.136579083881267
765,285,"1 Male",0.275,0.0946484724300046
766,286,"1 Male",0.4,0.151064598170825
767,287,"1 Male",0.2,0.0816496580927726
768,288,"1 Male",0.225,0.115954787829192
769,289,"1 Male",0.275,0.101194785514791
770,290,"1 Male",0.2,0.0960768922830523
771,291,"1 Male",0.375,0.14626766822928
772,292,"1 Male",0.325,0.140454847202096
773,293,"1 Male",0.35,0.141194537556867
774,294,"1 Male",0.35,0.121686861688895
775,295,"1 Male",0.325,0.0973198532990769
776,296,"1 Male",0.45,0.138443731048635
777,297,"1 Male",0.225,0.0911992746259952
778,298,"1 Male",0.425,0.112588996137642
779,299,"1 Male",0.55,0.151699770971549
780,300,"1 Male",0.95,0.245341206674109
781,301,"1 Male",0.825,0.255421973634581
782,302,"1 Male",0.825,0.247778592233532
783,303,"1 Male",0.575,0.147141567973299
784,304,"1 Male",0.775,0.210273021545189
785,305,"1 Male",0.725,0.192778270400119
786,306,"1 Male",0.625,0.188405931095056
787,307,"1 Male",0.725,0.205649377987551
788,308,"1 Male",0.5,0.160128153805087
789,309,"1 Male",0.425,0.142718568320978
790,310,"1 Male",0.575,0.15561087233784
791,311,"1 Male",0.55,0.142999013803305
792,312,"1 Male",0.475,0.156022269942303
793,313,"1 Male",0.25,0.111803398874989
794,314,"1 Male",0.275,0.107342609887388
795,315,"1 Male",0.1,0.0599144689515278
796,316,"1 Male",0.325,0.131009394848085
797,317,"1 Male",0.45,0.17153156246906
798,318,"1 Male",0.275,0.107342609887388
799,319,"1 Male",0.475,0.171671645434399
800,320,"1 Male",0.6,0.313785816221094
801,321,"1 Male",0.525,0.192778270400119
802,322,"1 Male",0.525,0.186009029281804
803,323,"1 Male",0.375,0.14626766822928
804,324,"1 Male",0.4,0.142325016270543
805,325,"1 Male",0.2,0.114354374979373
806,326,"1 Male",0.275,0.113156913971207
807,327,"1 Male",0.4,0.142325016270543
808,328,"1 Male",0.2,0.0733799385705343
809,329,"1 Male",0.35,0.121686861688895
810,330,"1 Male",0.4,0.146759877141069
811,331,"1 Male",0.275,0.107342609887388
812,332,"1 Male",0.275,0.101194785514791
813,333,"1 Male",0.35,0.145663820895749
814,334,"1 Male",0.4,0.170970082853022
815,335,"1 Male",0.7,0.314601905547883
816,336,"1 Male",0.325,0.10970531623516
817,337,"1 Male",0.275,0.123970116332888
818,338,"1 Male",0.4,0.151064598170825
819,339,"1 Male",0.6,0.359486813709167
820,340,"1 Male",0.225,0.0838764353692765
821,341,"1 Male",0.125,0.0815514624371692
822,342,"1 Male",0.225,0.0979763184364414
823,343,"1 Male",0.2,0.130088727117598
824,344,"1 Male",0.35,0.121686861688895
825,345,"1 Male",0.275,0.107342609887388
826,346,"1 Male",0.325,0.149303940559741
827,347,"1 Male",0.375,0.132469154609958
828,348,"1 Male",0.225,0.0911992746259952
829,349,"1 Male",0.15,0.0843527392286973
830,350,"1 Male",0.3,0.0960768922830523
831,351,"1 Male",0.2,0.0891555828241729
832,352,"1 Male",0.275,0.107342609887388
833,353,"1 Male",0.25,0.117396981571296
834,354,"1 Male",0.2,0.0891555828241729
835,355,"1 Male",0.4,0.178311165648346
836,356,"1 Male",0.6,0.279192976180845
837,357,"1 Male",0.9,0.449786274032114
838,358,"1 Male",0.45,0.163887078071989
839,359,"1 Male",0.5,0.167943824551926
840,360,"1 Male",0.2,0.0733799385705343
841,361,"1 Male",0.375,0.122409045249828
842,362,"1 Male",0.25,0.0858591571807857
843,363,"1 Male",0.4,0.146759877141069
844,364,"1 Male",0.225,0.0838764353692765
845,365,"1 Male",0.275,0.118686724032381
846,366,"1 Male",0.375,0.132469154609958
847,367,"1 Male",0.4,0.12810252304407
848,368,"1 Male",0.375,0.132469154609958
849,369,"1 Male",0.475,0.151858149059895
850,370,"1 Male",0.25,0.111803398874989
851,371,"1 Male",0.375,0.132469154609958
852,372,"1 Male",0.4,0.12810252304407
853,373,"1 Male",0.375,0.132469154609958
854,374,"1 Male",0.375,0.137222914285946
855,375,"1 Male",0.35,0.0983843848356393
856,376,"1 Male",0.325,0.140454847202096
857,377,"1 Male",0.425,0.133433455997689
858,378,"1 Male",0.275,0.0946484724300046
859,379,"1 Male",0.45,0.147413599205668
860,380,"1 Male",0.375,0.14626766822928
861,381,"1 Male",0.425,0.138154038889706
862,382,"1 Male",0.35,0.110650755729863
863,383,"1 Male",0.225,0.110288084299536
864,384,"1 Male",0.275,0.107342609887388
865,385,"1 Male",0.575,0.262843182261854
866,386,"1 Male",0.3,0.125064086135971
867,387,"1 Male",0.225,0.104313998372271
868,388,"1 Male",0.175,0.100559333167934
869,389,"1 Male",0.225,0.0838764353692765
870,390,"1 Male",0.425,0.138154038889706
871,391,"1 Male",0.475,0.151858149059895
872,392,"1 Male",0.45,0.155868123087666
873,393,"1 Male",0.25,0.0930260509419063
874,394,"1 Male",0.3,0.0960768922830523
875,395,"1 Male",0.35,0.121686861688895
876,396,"1 Male",0.275,0.107342609887388
877,397,"1 Male",0.325,0.126021467442695
878,398,"1 Male",0.45,0.18239854925199
879,399,"1 Male",0.275,0.107342609887388
880,400,"1 Male",0.35,0.110650755729863
881,401,"1 Male",0.425,0.133433455997689
882,402,"1 Male",0.55,0.226313827942414
883,403,"1 Male",0.325,0.173158812536279
884,404,"1 Male",0.25,0.111803398874989
885,405,"1 Male",0.25,0.0930260509419063
886,406,"1 Male",0.275,0.107342609887388
887,407,"1 Male",0.4,0.178311165648346
888,408,"1 Male",0.225,0.0979763184364414
889,409,"1 Male",0.175,0.0939687618580143
890,410,"1 Male",0.625,0.339092869814413
891,411,"1 Male",0.225,0.0838764353692765
892,412,"1 Male",0.3,0.183275049010343
893,413,"1 Male",0.125,0.0639260389945948
894,414,"1 Male",0.475,0.270297793990068
895,415,"1 Male",0.65,0.45930549578852
896,416,"1 Male",0.35,0.136579083881267
897,417,"1 Male",0.2,0.0891555828241729
898,418,"1 Male",0.275,0.101194785514791
899,419,"1 Male",0.425,0.147141567973299
900,420,"1 Male",0.175,0.0791582316693952
901,421,"1 Male",0.4,0.18187062180826
902,422,"1 Male",0.475,0.205649377987551
903,423,"1 Male",0.25,0.0996789718842316
904,424,"1 Male",0.525,0.186009029281804
905,425,"1 Male",0.45,0.147413599205668
906,426,"1 Male",0.675,0.190772720191412
907,427,"1 Male",0.425,0.133433455997689
908,428,"1 Male",0.775,0.204084886813407
909,429,"1 Male",0.475,0.151858149059895
910,430,"1 Male",0.3,0.102532046272473
911,431,"1 Male",0.4,0.163299316185545
912,432,"1 Male",0.35,0.126845353047495
913,433,"1 Male",0.425,0.15561087233784
914,434,"1 Male",0.275,0.113156913971207
915,435,"1 Male",0.25,0.10591481821704
916,436,"1 Male",0.325,0.131009394848085
917,437,"1 Male",0.175,0.0791582316693952
918,438,"1 Male",0.25,0.10591481821704
919,439,"1 Male",0.425,0.112588996137642
920,440,"1 Male",0.5,0.167943824551926
921,441,"1 Male",0.45,0.142999013803305
922,442,"1 Male",0.525,0.164033689472777
923,443,"1 Male",0.5,0.15191090506255
924,444,"1 Male",0.225,0.0758498854857746
925,445,"1 Male",0.425,0.142718568320978
926,446,"1 Male",0.525,0.160078105935821
927,447,"1 Male",0.675,0.187382441779318
928,448,"1 Male",0.375,0.117055213796409
929,449,"1 Male",0.55,0.138443731048635
930,450,"1 Male",0.6,0.133012434352235
931,451,"1 Male",0.375,0.111444478530216
932,452,"1 Male",0.575,0.178625449704266
933,453,"1 Male",0.6,0.178311165648346
934,454,"1 Male",0.65,0.233562158859868
935,455,"1 Male",0.55,0.167752870738553
936,456,"1 Male",1,0.4599331055039
937,457,"1 Male",0.725,0.297397903187821
938,458,"1 Male",0.55,0.133733374236259
939,459,"1 Male",0.35,0.0983843848356393
940,460,"1 Male",0.45,0.133733374236259
941,461,"1 Male",0.45,0.112944279431985
942,462,"1 Male",0.775,0.357138736239962
943,463,"1 Male",0.35,0.110650755729863
944,464,"1 Male",0.825,0.364950822117313
945,465,"1 Male",0.5,0.15191090506255
946,466,"1 Male",0.65,0.184495153157099
947,467,"1 Male",0.525,0.138617255743084
948,468,"1 Male",0.3,0.0960768922830523
949,469,"1 Male",0.25,0.111803398874989
950,470,"1 Male",0.475,0.138617255743084
951,471,"1 Male",0.45,0.133733374236259
952,472,"1 Male",0.95,0.305819621714567
953,473,"1 Male",0.875,0.320631388325421
954,474,"1 Male",0.625,0.207819880098374
955,475,"1 Male",0.2,0.0816496580927726
956,476,"1 Male",0.5,0.208781569085357
957,477,"1 Male",0.65,0.210463469026983
958,478,"1 Male",0.5,0.160128153805087
959,479,"1 Male",1.05,0.724966842743117
960,480,"1 Male",1.025,0.626843435243357
961,481,"1 Male",0.6,0.146759877141069
962,482,"1 Male",0.4,0.142325016270543
963,483,"1 Male",0.675,0.173158812536279
964,484,"1 Male",0.575,0.133433455997689
965,485,"1 Male",0.775,0.219227957696772
966,486,"1 Male",0.775,0.204084886813407
967,487,"1 Male",0.625,0.162857102692624
968,488,"1 Male",0.825,0.205337433358999
969,489,"1 Male",0.825,0.237204607124368
970,490,"1 Male",1.125,0.538501601073733
971,491,"1 Male",1.225,0.46476834593657
972,492,"1 Male",0.825,0.43247572927305
973,493,"1 Male",0.75,0.191986911947076
974,494,"1 Male",0.625,0.141817416022079
975,495,"1 Male",0.525,0.151858149059895
976,496,"1 Male",0.7,0.240725399467356
977,497,"1 Male",0.6,0.159325501363138
978,498,"1 Male",0.55,0.151699770971549
979,499,"1 Male",0.725,0.167896106459032
980,500,"1 Male",0.75,0.204907734083366
981,501,"1 Male",0.675,0.173158812536279
982,502,"1 Male",0.55,0.163887078071989
983,503,"1 Male",0.6,0.167178700643108
984,504,"1 Male",0.625,0.170547760060162
985,505,"1 Male",0.575,0.128539627731824
986,506,"1 Male",0.625,0.166746775619462
987,507,"1 Male",0.775,0.187724224902873
988,508,"1 Male",0.7,0.176140969185596
989,509,"1 Male",0.525,0.151858149059895
990,510,"1 Male",1.025,0.285296741602898
991,511,"1 Male",0.85,0.177410143380696
992,512,"1 Male",0.725,0.151858149059895
993,513,"1 Male",0.775,0.204084886813407
994,514,"1 Male",0.925,0.176822016844695
995,515,"1 Male",1.125,0.196728043443031
996,516,"1 Male",0.7,0.148496740877644
997,517,"1 Male",1.175,0.286194079746684
998,518,"1 Male",0.875,0.176095472356944
999,519,"1 Male",1.025,0.204084886813407
1000,520,"1 Male",0.85,0.21941063247032
1001,521,"1 Male",1.65,0.613470581076349
1002,522,"1 Male",1.025,0.204084886813407
1003,523,"1 Male",1.025,0.210273021545189
1004,524,"1 Male",0.725,0.156022269942303
1005,525,"1 Male",0.725,0.160078105935821
1006,526,"1 Male",0.775,0.173528612877472
1007,527,"1 Male",0.925,0.230349511473103
1008,528,"1 Male",0.975,0.194433760390235
1009,529,"1 Male",1,0.234793963142593
1010,530,"1 Male",0.95,0.17153156246906
1011,531,"1 Male",0.8,0.172463299700515
1012,532,"1 Male",0.8,0.152752523165195
1013,533,"1 Male",0.925,0.264059773730427
1014,534,"1 Male",1,0.3038218101251
1015,535,"1 Male",1.05,0.242714351471553
1016,536,"1 Male",0.85,0.15831646333879
1017,537,"1 Male",0.8,0.160926802918084
1018,538,"1 Male",0.675,0.149303940559741
1019,539,"1 Male",1.1,0.231494586523624
1020,540,"1 Male",0.975,0.173528612877472
1021,541,"1 Male",0.95,0.202389571029583
1022,542,"1 Male",0.625,0.14626766822928
1023,543,"1 Male",1,0.240192230707631
1024,544,"1 Male",1.125,0.270771689237091
1025,545,"1 Male",0.95,0.192653535174895
1026,546,"1 Male",1.225,0.298473681354887
1027,547,"1 Male",0.825,0.234486618720503
1028,548,"1 Male",0.975,0.204084886813407
1029,549,"1 Male",1.175,0.242549228415858
1030,550,"1 Male",0.7,0.160926802918084
1031,551,"1 Male",0.525,0.160078105935821
1032,552,"1 Male",0.525,0.143167017402036
1033,553,"1 Male",1.125,0.277783119606756
1034,554,"1 Male",0.625,0.158872227325561
1035,555,"1 Male",0.8,0.203179849596487
1036,556,"1 Male",0.825,0.159677158265654
1037,557,"1 Male",1,0.234793963142593
1038,558,"1 Male",1.375,0.342852850247853
1039,559,"1 Male",1.125,0.289091193135865
1040,560,"1 Male",0.625,0.150586460384996
1041,561,"1 Male",0.75,0.166986871893019
1042,562,"1 Male",0.9,0.170970082853022
1043,563,"1 Male",1.05,0.253058217686092
1044,564,"1 Male",0.725,0.196075273353151
1045,565,"1 Male",1.075,0.215987594610526
1046,566,"1 Male",0.9,0.198713813025616
1047,567,"1 Male",0.575,0.147141567973299
1048,568,"1 Male",0.65,0.110650755729863
1049,569,"1 Male",0.85,0.177410143380696
1050,570,"1 Male",1.025,0.197703157439477
1051,571,"1 Male",1.15,0.213487524405814
1052,572,"1 Male",1.125,0.232565127354766
1053,573,"1 Male",1.15,0.325320354932386
1054,574,"1 Male",1.275,0.279623143827729
1055,575,"1 Male",0.8,0.160926802918084
1056,576,"1 Male",0.775,0.169794370357583
1057,577,"1 Male",0.775,0.180765821026216
1058,578,"1 Male",0.7,0.156892908110547
1059,579,"1 Male",0.7,0.251151195650992
1060,580,"1 Male",1.5,0.800640769025436
1061,581,"1 Male",0.75,0.159124205639849
1062,582,"1 Male",0.875,0.152700057931579
1063,583,"1 Male",1.2,0.206310694255297
1064,584,"1 Male",1.325,0.30881805281361
1065,585,"1 Male",0.875,0.190099501611184
1066,586,"1 Male",0.975,0.180765821026216
1067,587,"1 Male",1.375,0.21389998861198
1068,588,"1 Male",1.35,0.271628517063381
1069,589,"1 Male",1.4,0.549825147031029
1070,590,"1 Male",0.95,0.220576168599072
1071,591,"1 Male",1,0.199357943768463
1072,592,"1 Male",0.975,0.187724224902873
1073,593,"1 Male",1,0.167943824551926
1074,594,"1 Male",1.05,0.405016618842316
1075,595,"1 Male",1.025,0.187724224902873
1076,596,"1 Male",0.925,0.161671953389636
1077,597,"1 Male",0.875,0.144059727641715
1078,598,"1 Male",1.05,0.199197106353198
1079,599,"1 Male",1.625,0.242020077573572
1080,600,"1 Male",0.875,0.152700057931579
1081,601,"1 Male",1.15,0.228006972452992
1082,602,"1 Male",1.125,0.179698822107065
1083,603,"1 Male",1.075,0.194103791954928
1084,604,"1 Male",1.2,0.168705478457395
1085,605,"1 Male",1.25,0.178131325798606
1086,606,"1 Male",1.4,0.267466748472519
1087,607,"1 Male",0.85,0.166217343042792
1088,608,"1 Male",0.725,0.147576577253459
1089,609,"1 Male",0.85,0.166217343042792
1090,610,"1 Male",1.35,0.315314251062455
1091,611,"1 Male",1.025,0.165976133594794
1092,612,"1 Male",1.3,0.30842860620929
1093,613,"1 Male",0.975,0.145388515752863
1094,614,"1 Male",0.8,0.148496740877644
1095,615,"1 Male",1.15,0.154214303104645
1096,616,"1 Male",1.15,0.184495153157099
1097,617,"1 Male",1.3,0.36019937499056
1098,618,"1 Male",1.225,0.145388515752863
1099,619,"1 Male",1.2,0.193483584409369
1100,620,"1 Male",1.475,0.263086950626107
1101,621,"1 Male",1.3,0.221301511459725
1102,622,"1 Male",1.275,0.189423890405646
1103,623,"1 Male",1.125,0.209356462057249
1104,624,"1 Male",1,0.156073618395212
1105,625,"1 Male",1.45,0.250512295619218
1106,626,"1 Male",1.175,0.175
1107,627,"1 Male",1.125,0.168657975857986
1108,628,"1 Male",1.25,0.222888957060432
1109,629,"1 Male",1.525,0.303795435559303
1110,630,"1 Male",1.2,0.196768769671279
1111,631,"1 Male",0.95,0.151699770971549
1112,632,"1 Male",1.175,0.175
1113,633,"1 Male",1.025,0.165976133594794
1114,634,"1 Male",1.25,0.222888957060432
1115,635,"1 Male",1.125,0.160877003503951
1116,636,"1 Male",1.075,0.16558946764475
1117,637,"1 Male",0.925,0.144946939893933
1118,638,"1 Male",1.175,0.182178765403937
1119,639,"1 Male",1.375,0.216876131490435
1120,640,"1 Male",1.65,0.266866911995378
1121,641,"1 Male",1.325,0.16558946764475
1122,642,"1 Male",1.475,0.398695790463523
1123,643,"1 Male",1.375,0.222709135363503
1124,644,"1 Male",1.1,0.155250005161237
1125,645,"1 Male",1.175,0.231736753832712
1126,646,"1 Male",1.225,0.241489767262109
1127,647,"1 Male",1.45,0.226313827942414
1128,648,"1 Male",1.25,0.178131325798606
1129,649,"1 Male",1.125,0.199959931883801
1130,650,"1 Male",1.5,0.229268625337403
1131,651,"1 Male",1.4,0.18187062180826
1132,652,"1 Male",1.2,0.2
1133,653,"1 Male",1.3,0.183275049010343
1134,654,"1 Male",1.425,0.322027829662163
1135,655,"1 Male",1.225,0.21329977700831
1136,656,"1 Male",1.125,0.152700057931579
1137,657,"1 Male",1,0.167943824551926
1138,658,"1 Male",1.025,0.16206796611615
1139,659,"1 Male",1.65,0.201118666335867
1140,660,"1 Male",1.475,0.192778270400119
1141,661,"1 Male",1.375,0.195092022994015
1142,662,"1 Male",0.975,0.158063197357811
1143,663,"1 Male",1.575,0.252899848424892
1144,664,"1 Male",1.425,0.202191518754893
1145,665,"1 Male",1.325,0.190772720191412
1146,666,"1 Male",1.075,0.187382441779318
1147,667,"1 Male",0.975,0.177184171892499
1148,668,"1 Male",1.325,0.187382441779318
1149,669,"1 Male",1.125,0.212396279362844
1150,670,"1 Male",0.975,0.210273021545189
1151,671,"1 Male",1.45,0.288564084336965
1152,672,"1 Male",1.475,0.182530292533343
1153,673,"1 Male",1.625,0.177906270338178
1154,674,"1 Male",1.275,0.182530292533343
1155,675,"1 Male",1.3,0.193483584409369
1156,676,"1 Male",1.25,0.208012573584461
1157,677,"1 Male",1.25,0.255076660171217
1158,678,"1 Male",1.475,0.175365917806754
1159,679,"1 Male",1.85,0.191317965969127
1160,680,"1 Male",1.2,0.203179849596487
1161,681,"1 Male",1.25,0.18861845900368
1162,682,"1 Male",0.975,0.158063197357811
1163,683,"1 Male",1.075,0.153537350337688
1164,684,"1 Male",1.7,0.456013944905984
1165,685,"1 Male",1.475,0.147576577253459
1166,686,"1 Male",1.35,0.180987320706204
1167,687,"1 Male",1.475,0.171671645434399
1168,688,"1 Male",1.25,0.142099640014701
1169,689,"1 Male",1.25,0.166986871893019
1170,690,"1 Male",1.325,0.194103791954928
1171,691,"1 Male",1.2,0.160926802918084
1172,692,"1 Male",1.5,0.245471811531203
1173,693,"1 Male",1.8,0.616233389020418
1174,694,"1 Male",1.225,0.169794370357583
1175,695,"1 Male",1.55,0.214685219774775
1176,696,"1 Male",1.05,0.163887078071989
1177,697,"1 Male",1.45,0.185879751590328
1178,698,"1 Male",1.35,0.177410143380696
1179,699,"1 Male",1.525,0.178983955734184
1180,700,"1 Male",1.65,0.222313015640283
1181,701,"1 Male",1.2,0.18673991236957
1182,702,"1 Male",1.15,0.170030163236575
1183,703,"1 Male",1.1,0.163299316185545
1184,704,"1 Male",1.625,0.207819880098374
1185,705,"1 Male",1.525,0.160078105935821
1186,706,"1 Male",1.525,0.192778270400119
1187,707,"1 Male",1.325,0.19737865470545
1188,708,"1 Male",1.375,0.210881848071743
1189,709,"1 Male",1.45,0.258074725811274
1190,710,"1 Male",1.4,0.18187062180826
1191,711,"1 Male",1.425,0.208435872201771
1192,712,"1 Male",1.35,0.254573549898045
1193,713,"1 Male",1.125,0.160877003503951
1194,714,"1 Male",1.325,0.187382441779318
1195,715,"1 Male",1.475,0.175365917806754
1196,716,"1 Male",1.3,0.172463299700515
1197,717,"1 Male",1.475,0.217761042876984
1198,718,"1 Male",2.875,0.282360698579962
1199,719,"1 Male",2.95,0.290777031505726
1200,720,"1 Male",3.025,0.315187164583123
1201,721,"1 Male",2.975,0.309025556988083
1202,722,"1 Male",2.5,0.265542502271897
1203,723,"1 Male",2.6,0.357699200374725
1204,724,"1 Male",2.025,0.348048589298708
1205,725,"1 Male",2.1,0.321853605836168
1206,726,"1 Male",2.55,0.28182100156496
1207,727,"1 Male",2.975,0.379756163333452
1208,728,"1 Male",2.05,0.28182100156496
1209,729,"1 Male",2.1,0.285998027606611
1210,730,"1 Male",2.45,0.26782600551621
1211,731,"1 Male",1.875,0.289091193135865
1212,732,"1 Male",1.6,0.217208395738947
1213,733,"1 Male",1.575,0.267676373678442
1214,734,"1 Male",1.75,0.257577471542357
1215,735,"1 Male",1.525,0.258167854361539
1216,736,"1 Male",1.45,0.245341206674109
1217,737,"1 Male",2.025,0.276163041772475
1218,738,"1 Male",1.625,0.257421882599412
1219,739,"1 Male",1.625,0.290197766341755
1220,740,"1 Male",1.775,0.327162431232953
1221,741,"1 Male",1.425,0.237204607124368
1222,742,"1 Male",1.45,0.320156211871642
1223,743,"1 Male",1.625,0.362836934483855
1224,744,"1 Male",1.55,0.370290945899822
1225,745,"1 Male",1.45,0.288564084336965
1226,746,"1 Male",1.5,0.318248411279697
1227,747,"1 Male",1.775,0.32321997748616
1228,748,"1 Male",1.525,0.270297793990068
1229,749,"1 Male",1.45,0.387215569722987
1230,750,"1 Male",1.575,0.311916121203548
1231,751,"1 Male",1.7,0.349358386261561
1232,752,"1 Male",1.55,0.303716298119791
1233,753,"1 Male",1.375,0.267196988697909
1234,754,"1 Male",1.25,0.290335791446511
1235,755,"1 Male",1.475,0.350800366926686
1236,756,"1 Male",1.825,0.482896575432155
1237,757,"1 Male",1.8,0.400640512820185
1238,758,"1 Male",1.8,0.389279413196307
1239,759,"1 Male",0.875,0.251119289254922
1240,760,"1 Male",1.15,0.344461675885498
1241,761,"1 Male",1.1,0.285998027606611
1242,762,"1 Male",1.075,0.271244756536819
1243,763,"1 Male",1.05,0.301598306463313
1244,764,"1 Male",0.95,0.255578780066955
1245,765,"1 Male",1.15,0.278618386199126
1246,766,"1 Male",0.975,0.246741585989087
1247,767,"1 Male",0.9,0.265059258009243
1248,768,"1 Male",0.725,0.205649377987551
1249,769,"1 Male",0.625,0.191778116983785
1250,770,"1 Male",0.95,0.223463414088073
1251,771,"1 Male",0.75,0.204907734083366
1252,772,"1 Male",0.6,0.151064598170825
1253,773,"1 Male",0.6,0.170970082853022
1254,774,"1 Male",0.525,0.199317746582095
1255,775,"1 Male",0.65,0.173759338431946
1256,776,"1 Male",0.675,0.200600061354389
1257,777,"1 Male",0.65,0.233562158859868
1258,778,"1 Male",0.425,0.175
1259,779,"1 Male",0.525,0.147576577253459
1260,780,"1 Male",0.55,0.217650625709633
1261,781,"1 Male",0.9,0.294827198411335
1262,782,"1 Male",1.175,0.63132695012071
1263,783,"1 Male",0.35,0.15831646333879
1264,784,"1 Male",0.275,0.123970116332888
1265,785,"1 Male",0.175,0.123451952659262
1266,786,"1 Male",0.35,0.170030163236575
1267,787,"1 Male",0.35,0.173759338431946
1268,788,"1 Male",0.25,0.122735905765601
1269,789,"1 Male",0.525,0.178983955734184
1270,790,"1 Male",0.4,0.151064598170825
1271,791,"1 Male",0.4,0.174679193130781
1272,792,"1 Male",0.35,0.145663820895749
1273,793,"1 Male",0.3,0.172463299700515
1274,794,"1 Male",0.475,0.196075273353151
1275,795,"1 Male",0.475,0.192778270400119
1276,796,"1 Male",0.525,0.220685122010803
1277,797,"1 Male",0.45,0.167752870738553
1278,798,"1 Male",0.4,0.170970082853022
1279,799,"1 Male",0.425,0.182178765403937
1280,800,"1 Male",0.325,0.115400639912904
1281,801,"1 Male",0.575,0.223284055030289
1282,802,"1 Male",0.35,0.15
1283,803,"1 Male",0.3,0.148496740877644
1284,804,"1 Male",0.425,0.205337433358999
1285,805,"1 Male",0.525,0.196075273353151
1286,806,"1 Male",0.7,0.248585743345977
1287,807,"1 Male",0.625,0.23393923164481
1288,808,"1 Male",0.475,0.202508309421158
1289,809,"1 Male",0.175,0.0939687618580143
1290,810,"1 Male",0.425,0.205337433358999
1291,811,"1 Male",0.575,0.223284055030289
1292,812,"1 Male",0.5,0.208781569085357
1293,813,"1 Male",0.6,0.305505046330389
1294,814,"1 Male",0.575,0.231736753832712
1295,815,"1 Male",0.3,0.130088727117598
1296,816,"1 Male",0.225,0.131497781983829
1297,817,"1 Male",0.25,0.146541321729944
1298,818,"1 Male",0.25,0.132771251135949
1299,819,"1 Male",0.325,0.131009394848085
1300,820,"1 Male",0.2,0.102532046272473
1301,821,"1 Male",0.225,0.158063197357811
1302,822,"1 Male",0.35,0.154214303104645
1303,823,"1 Male",0.175,0.106743762202907
1304,824,"1 Male",0.125,0.0890656628993031
1305,825,"1 Male",0.175,0.0868796692159732
1306,826,"1 Male",0.25,0.132771251135949
1307,827,"1 Male",0.375,0.191778116983785
1308,828,"1 Male",0.25,0.12785207798919
1309,829,"1 Male",0.35,0.187937523716029
1310,830,"1 Male",0.425,0.175
1311,831,"1 Male",0.375,0.195092022994015
1312,832,"1 Male",0.275,0.143167017402036
1313,833,"1 Male",0.275,0.164033689472777
1314,834,"1 Male",0.45,0.217650625709633
1315,835,"1 Male",0.5,0.192819830877136
1316,836,"1 Male",0.275,0.156022269942303
1317,837,"1 Male",0.1,0.0697982440452113
1318,838,"1 Male",0.075,0.0553253778649314
1319,839,"1 Male",0.35,0.194639706598154
1320,840,"1 Male",0.375,0.150586460384996
1321,841,"1 Male",0.4,0.192153784566105
1322,842,"1 Male",0.325,0.153537350337688
1323,843,"1 Male",0.2,0.108604197869474
1324,844,"1 Male",0.3,0.130088727117598
1325,845,"1 Male",0.35,0.184495153157099
1326,846,"1 Male",0.225,0.126529108843046
1327,847,"1 Male",0.6,0.283747811467896
1328,848,"1 Male",0.225,0.131497781983829
1329,849,"1 Male",0.05,0.0348991220226056
1330,850,"1 Male",0.05,0.0348991220226056
1331,851,"1 Male",0.075,0.0553253778649314
1332,852,"1 Male",0.175,0.0868796692159732
1333,853,"1 Male",0.275,0.133913002758105
1334,854,"1 Male",0.075,0.0421763696143487
1335,855,"1 Male",0.2,0.114354374979373
1336,856,"1 Male",0.275,0.164033689472777
1337,857,"1 Male",0.225,0.131497781983829
1338,858,"1 Male",0.25,0.159124205639849
1339,859,"1 Male",0.05,0.0348991220226056
1340,860,"1 Male",0.2,0.119828937903056
1341,861,"1 Male",0.075,0.0553253778649314
1342,862,"1 Male",0,0
1343,863,"1 Male",0.05,0.05
1344,864,"1 Male",0.2,0.114354374979373
1345,865,"1 Male",0.125,0.0890656628993031
1346,866,"1 Male",0.075,0.075
1347,867,"1 Male",0.175,0.133433455997689
1348,868,"1 Male",0.1,0.0599144689515278
1349,869,"1 Male",0.05,0.05
1350,870,"1 Male",0.05,0.0348991220226056
1351,871,"1 Male",0.225,0.121357175735776
1352,872,"1 Male",0.175,0.0939687618580143
1353,873,"1 Male",0.25,0.166986871893019
1354,874,"1 Male",0,0
1355,875,"1 Male",0.175,0.112588996137642
1356,876,"1 Male",0.125,0.0890656628993031
1357,877,"1 Male",0.15,0.0916375245051714
1358,878,"1 Male",0.225,0.131497781983829
1359,879,"1 Male",0.1,0.1
1360,880,"1 Male",0.15,0.110650755729863
1361,881,"1 Male",0.2,0.144115338424578
1362,882,"1 Male",0.075,0.0553253778649314
1363,883,"1 Male",0.15,0.0763762615825973
1364,884,"1 Male",0.125,0.0890656628993031
1365,885,"1 Male",0.2,0.134926380686388
1366,886,"1 Male",0.075,0.0553253778649314
1367,887,"1 Male",0.1,0.0599144689515278
1368,888,"1 Male",0.05,0.05
1369,889,"1 Male",0.025,0.025
1370,890,"1 Male",0.075,0.075
1371,891,"1 Male",0.1,0.0599144689515278
1372,892,"1 Male",0.15,0.0916375245051714
1373,893,"1 Male",0.2,0.0891555828241729
1374,894,"1 Male",0.3,0.2
1375,895,"1 Male",0.575,0.313964517021777
1376,896,"1 Male",0.325,0.169416419147977
1377,897,"1 Male",0.425,0.205337433358999
1378,898,"1 Male",0.4,0.228708749958746
1379,899,"1 Male",0.3,0.168705478457395
1380,900,"1 Male",0.3,0.152752523165195
1381,901,"1 Male",0.3,0.179743406854583
1382,902,"1 Male",0.4,0.18536173919926
1383,903,"1 Male",0.45,0.217650625709633
1384,904,"1 Male",0.275,0.123970116332888
1385,905,"1 Male",0.275,0.151858149059895
1386,906,"1 Male",0.2,0.125064086135971
1387,907,"1 Male",0.375,0.219811982594916
1388,908,"1 Male",0.4,0.155250005161237
1389,909,"1 Male",0.675,0.278244266418684
1390,910,"1 Male",0.4,0.257701875061584
1391,911,"1 Male",0.225,0.131497781983829
1392,912,"1 Male",0.5,0.333973743786037
1393,913,"1 Male",0.375,0.174265859374663
1394,914,"1 Male",0.325,0.13581425853169
1395,915,"1 Male",0.425,0.185664088735958
1396,916,"1 Male",0.15,0.0916375245051714
1397,917,"1 Male",0.2,0.119828937903056
1398,918,"1 Male",0.225,0.0979763184364414
1399,919,"1 Male",0.275,0.151858149059895
1400,920,"1 Male",0.225,0.0911992746259952
1401,921,"1 Male",0.4,0.159325501363138
1402,922,"1 Male",0.275,0.113156913971207
1403,923,"1 Male",0.225,0.104313998372271
1404,924,"1 Male",0.4,0.217208395738947
1405,925,"1 Male",0.125,0.102453867041683
1406,926,"1 Male",0.3,0.114354374979373
1407,927,"1 Male",0.5,0.199357943768463
1408,928,"1 Male",0.6,0.255202282764487
1409,929,"1 Male",0.7,0.425471081303584
1410,930,"1 Male",0.2,0.102532046272473
1411,931,"1 Male",0.225,0.104313998372271
1412,932,"1 Male",0.05,0.0348991220226056
1413,933,"1 Male",0.175,0.0705972687784333
1414,934,"1 Male",0.275,0.138617255743084
1415,935,"1 Male",0.075,0.0553253778649314
1416,936,"1 Male",0.475,0.240158868358597
1417,937,"1 Male",0.15,0.0916375245051714
1418,938,"1 Male",0.325,0.212999036954606
1419,939,"1 Male",0.225,0.115954787829192
1420,940,"1 Male",0.2,0.144115338424578
1421,941,"1 Male",0.125,0.073270660864972
1422,942,"1 Male",0.175,0.0791582316693952
1423,943,"1 Male",0.075,0.0421763696143487
1424,944,"1 Male",0.25,0.132771251135949
1425,945,"1 Male",0.375,0.162857102692624
1426,946,"1 Male",0.35,0.15831646333879
1427,947,"1 Male",0.15,0.0763762615825973
1428,948,"1 Male",0.2,0.0891555828241729
1429,949,"1 Male",0.125,0.0815514624371692
1430,950,"1 Male",0.125,0.0639260389945948
1431,951,"1 Male",0.225,0.126529108843046
1432,952,"1 Male",0.225,0.0911992746259952
1433,953,"1 Male",0.225,0.0979763184364414
1434,954,"1 Male",0.45,0.185879751590328
1435,955,"1 Male",0.425,0.15561087233784
1436,956,"1 Male",0.325,0.161671953389636
1437,957,"1 Male",0.2,0.119828937903056
1438,958,"1 Male",0.2,0.102532046272473
1439,959,"1 Male",0.2,0.0891555828241729
0,960,"3 Male",0.133333333333333,0.133333333333333
1,961,"3 Male",0.166666666666667,0.166666666666667
2,962,"3 Male",0.0666666666666667,0.0666666666666667
3,963,"3 Male",0.0666666666666667,0.0666666666666667
4,964,"3 Male",0,0
5,965,"3 Male",0.2,0.2
6,966,"3 Male",0.1,0.0735003323160835
7,967,"3 Male",0.266666666666667,0.135046465680225
8,968,"3 Male",0.1,0.0735003323160835
9,969,"3 Male",0.0666666666666667,0.0666666666666667
10,970,"3 Male",0.0666666666666667,0.0666666666666667
11,971,"3 Male",0.166666666666667,0.166666666666667
12,972,"3 Male",0.0666666666666667,0.0463205555853101
13,973,"3 Male",0.333333333333333,0.268385266624299
14,974,"3 Male",0.8,0.574156052318351
15,975,"3 Male",0.6,0.501950219631893
16,976,"3 Male",0.5,0.354770445451023
17,977,"3 Male",0.233333333333333,0.16388483013352
18,978,"3 Male",0.7,0.553255776312357
19,979,"3 Male",0.433333333333333,0.286409935827995
20,980,"3 Male",0.166666666666667,0.118256815150341
21,981,"3 Male",0,0
22,982,"3 Male",0.0333333333333333,0.0333333333333333
23,983,"3 Male",0.1,0.0735003323160835
24,984,"3 Male",0.466666666666667,0.261443092128012
25,985,"3 Male",0.666666666666667,0.489741506608353
26,986,"3 Male",0.8,0.413563154498343
27,987,"3 Male",0.566666666666667,0.305818417062412
28,988,"3 Male",0.866666666666667,0.548212001389456
29,989,"3 Male",0.733333333333333,0.392262325237546
30,990,"3 Male",0.433333333333333,0.233333333333333
31,991,"3 Male",0.4,0.217615077232899
32,992,"3 Male",0.366666666666667,0.242037962887906
33,993,"3 Male",0.4,0.305505046330389
34,994,"3 Male",0.133333333333333,0.0792686880439847
35,995,"3 Male",0.433333333333333,0.16388483013352
36,996,"3 Male",0.4,0.222834405812462
37,997,"3 Male",0.533333333333333,0.403243554176225
38,998,"3 Male",0.366666666666667,0.232346022839862
39,999,"3 Male",0.166666666666667,0.108100988685531
40,1000,"3 Male",0.3,0.14503269548147
41,1001,"3 Male",0.166666666666667,0.0841909888608275
42,1002,"3 Male",0.133333333333333,0.0792686880439847
43,1003,"3 Male",0.333333333333333,0.175075243812963
44,1004,"3 Male",0.233333333333333,0.114302817548899
45,1005,"3 Male",0.266666666666667,0.135046465680225
46,1006,"3 Male",0.366666666666667,0.18246922797307
47,1007,"3 Male",0.5,0.196228813191225
48,1008,"3 Male",0.6,0.341059876092835
49,1009,"3 Male",0.3,0.204264871994757
50,1010,"3 Male",0.566666666666667,0.364150194266973
51,1011,"3 Male",0,0
52,1012,"3 Male",0.2,0.121295686972625
53,1013,"3 Male",0.166666666666667,0.118256815150341
54,1014,"3 Male",0.533333333333333,0.286610526446137
55,1015,"3 Male",0.3,0.16010054312227
56,1016,"3 Male",0.133333333333333,0.133333333333333
57,1017,"3 Male",0.266666666666667,0.266666666666667
58,1018,"3 Male",0.2,0.147000664632167
59,1019,"3 Male",0.2,0.147000664632167
60,1020,"3 Male",0.0666666666666667,0.0666666666666667
61,1021,"3 Male",0.333333333333333,0.236513630300682
62,1022,"3 Male",0.133333333333333,0.133333333333333
63,1023,"3 Male",0,0
64,1024,"3 Male",0.2,0.168836450822791
65,1025,"3 Male",0.2,0.2
66,1026,"3 Male",0.2,0.13896166675593
67,1027,"3 Male",0,0
68,1028,"3 Male",0.0666666666666667,0.0666666666666667
69,1029,"3 Male",0.1,0.0735003323160835
70,1030,"3 Male",0.233333333333333,0.177358221397594
71,1031,"3 Male",0.1,0.1
72,1032,"3 Male",0.133333333333333,0.133333333333333
73,1033,"3 Male",0.133333333333333,0.133333333333333
74,1034,"3 Male",0.1,0.0735003323160835
75,1035,"3 Male",0.133333333333333,0.104313115444032
76,1036,"3 Male",0.166666666666667,0.166666666666667
77,1037,"3 Male",0.166666666666667,0.166666666666667
78,1038,"3 Male",0.1,0.0735003323160835
79,1039,"3 Male",0.0666666666666667,0.0666666666666667
80,1040,"3 Male",0.1,0.0735003323160835
81,1041,"3 Male",0.1,0.1
82,1042,"3 Male",0,0
83,1043,"3 Male",0.1,0.1
84,1044,"3 Male",0,0
85,1045,"3 Male",0.0666666666666667,0.0666666666666667
86,1046,"3 Male",0.2,0.147000664632167
87,1047,"3 Male",0.0333333333333333,0.0333333333333333
88,1048,"3 Male",0.1,0.1
89,1049,"3 Male",0.0666666666666667,0.0666666666666667
90,1050,"3 Male",0,0
91,1051,"3 Male",0,0
92,1052,"3 Male",0,0
93,1053,"3 Male",0.0333333333333333,0.0333333333333333
94,1054,"3 Male",0.0333333333333333,0.0333333333333333
95,1055,"3 Male",0.133333333333333,0.133333333333333
96,1056,"3 Male",0.266666666666667,0.158537376087969
97,1057,"3 Male",0.1,0.0735003323160835
98,1058,"3 Male",0.2,0.121295686972625
99,1059,"3 Male",0.166666666666667,0.108100988685531
100,1060,"3 Male",0.3,0.173867435299056
101,1061,"3 Male",0.366666666666667,0.188663376763485
102,1062,"3 Male",0.233333333333333,0.141285830229909
103,1063,"3 Male",0.0333333333333333,0.0333333333333333
104,1064,"3 Male",0.233333333333333,0.170754467357681
105,1065,"3 Male",0.0666666666666667,0.0463205555853101
106,1066,"3 Male",0.2,0.121295686972625
107,1067,"3 Male",0.1,0.1
108,1068,"3 Male",0.533333333333333,0.382770701545567
109,1069,"3 Male",0.133333333333333,0.133333333333333
110,1070,"3 Male",0.0333333333333333,0.0333333333333333
111,1071,"3 Male",0.1,0.1
112,1072,"3 Male",0.1,0.1
113,1073,"3 Male",0,0
114,1074,"3 Male",0.0333333333333333,0.0333333333333333
115,1075,"3 Male",0,0
116,1076,"3 Male",0.0666666666666667,0.0666666666666667
117,1077,"3 Male",0.133333333333333,0.0926411111706202
118,1078,"3 Male",0,0
119,1079,"3 Male",0,0
120,1080,"3 Male",0,0
121,1081,"3 Male",0,0
122,1082,"3 Male",0.1,0.0735003323160835
123,1083,"3 Male",0.233333333333333,0.233333333333333
124,1084,"3 Male",0.133333333333333,0.133333333333333
125,1085,"3 Male",0.166666666666667,0.0968863931626966
126,1086,"3 Male",0.133333333333333,0.0792686880439847
127,1087,"3 Male",0.0333333333333333,0.0333333333333333
128,1088,"3 Male",0.333333333333333,0.250669601352349
129,1089,"3 Male",0,0
130,1090,"3 Male",0,0
131,1091,"3 Male",0.0333333333333333,0.0333333333333333
132,1092,"3 Male",0,0
133,1093,"3 Male",0,0
134,1094,"3 Male",0.0333333333333333,0.0333333333333333
135,1095,"3 Male",0.133333333333333,0.0926411111706202
136,1096,"3 Male",0.266666666666667,0.191385350772784
137,1097,"3 Male",0.566666666666667,0.41156648694965
138,1098,"3 Male",0.1,0.0735003323160835
139,1099,"3 Male",0.0333333333333333,0.0333333333333333
140,1100,"3 Male",0.166666666666667,0.118256815150341
141,1101,"3 Male",0.233333333333333,0.16388483013352
142,1102,"3 Male",0.0666666666666667,0.0666666666666667
143,1103,"3 Male",0.0333333333333333,0.0333333333333333
144,1104,"3 Male",0.366666666666667,0.206132048590069
145,1105,"3 Male",0.166666666666667,0.136317187026901
146,1106,"3 Male",0.933333333333333,0.621332149374828
147,1107,"3 Male",0.3,0.186621505210135
148,1108,"3 Male",0.433333333333333,0.238208511642966
149,1109,"3 Male",0.166666666666667,0.108100988685531
150,1110,"3 Male",0.266666666666667,0.135046465680225
151,1111,"3 Male",0.133333333333333,0.0792686880439847
152,1112,"3 Male",0.0333333333333333,0.0333333333333333
153,1113,"3 Male",0.133333333333333,0.0926411111706202
154,1114,"3 Male",0.0666666666666667,0.0666666666666667
155,1115,"3 Male",0.133333333333333,0.104313115444032
156,1116,"3 Male",0.1,0.0557086014531156
157,1117,"3 Male",0.0333333333333333,0.0333333333333333
158,1118,"3 Male",0.0333333333333333,0.0333333333333333
159,1119,"3 Male",0.333333333333333,0.241324569600197
160,1120,"3 Male",0.233333333333333,0.149199652809474
161,1121,"3 Male",0.233333333333333,0.149199652809474
162,1122,"3 Male",0.4,0.312939346332095
163,1123,"3 Male",0.166666666666667,0.118256815150341
164,1124,"3 Male",0.166666666666667,0.108100988685531
165,1125,"3 Male",0.466666666666667,0.403243554176225
166,1126,"3 Male",0.3,0.186621505210135
167,1127,"3 Male",0.166666666666667,0.118256815150341
168,1128,"3 Male",0.2,0.168836450822791
169,1129,"3 Male",0.0666666666666667,0.0666666666666667
170,1130,"3 Male",0.3,0.267598945069481
171,1131,"3 Male",0.333333333333333,0.272634374053803
172,1132,"3 Male",0.133333333333333,0.0792686880439847
173,1133,"3 Male",0.233333333333333,0.149199652809474
174,1134,"3 Male",0.266666666666667,0.165628953361334
175,1135,"3 Male",0.5,0.403291058865579
176,1136,"3 Male",0.1,0.0735003323160835
177,1137,"3 Male",0,0
178,1138,"3 Male",0.2,0.13896166675593
179,1139,"3 Male",0.6,0.566497608317886
180,1140,"3 Male",0.2,0.13896166675593
181,1141,"3 Male",0.166666666666667,0.136317187026901
182,1142,"3 Male",0.2,0.147000664632167
183,1143,"3 Male",0,0
184,1144,"3 Male",0.0666666666666667,0.0666666666666667
185,1145,"3 Male",0.2,0.147000664632167
186,1146,"3 Male",0.0333333333333333,0.0333333333333333
187,1147,"3 Male",0.0666666666666667,0.0666666666666667
188,1148,"3 Male",0.166666666666667,0.118256815150341
189,1149,"3 Male",0.166666666666667,0.118256815150341
190,1150,"3 Male",0.3,0.173867435299056
191,1151,"3 Male",0.266666666666667,0.191385350772784
192,1152,"3 Male",0.1,0.1
193,1153,"3 Male",0.266666666666667,0.165628953361334
194,1154,"3 Male",0.266666666666667,0.208626230888063
195,1155,"3 Male",0.0333333333333333,0.0333333333333333
196,1156,"3 Male",0.133333333333333,0.104313115444032
197,1157,"3 Male",0.0666666666666667,0.0666666666666667
198,1158,"3 Male",0.133333333333333,0.104313115444032
199,1159,"3 Male",0.0333333333333333,0.0333333333333333
200,1160,"3 Male",0,0
201,1161,"3 Male",0,0
202,1162,"3 Male",0.2,0.13896166675593
203,1163,"3 Male",0.233333333333333,0.1329015998739
204,1164,"3 Male",0,0
205,1165,"3 Male",0.133333333333333,0.133333333333333
206,1166,"3 Male",0.2,0.147000664632167
207,1167,"3 Male",0.233333333333333,0.233333333333333
208,1168,"3 Male",0.4,0.337672901645582
209,1169,"3 Male",0.3,0.173867435299056
210,1170,"3 Male",0.0333333333333333,0.0333333333333333
211,1171,"3 Male",0.0666666666666667,0.0463205555853101
212,1172,"3 Male",0.0333333333333333,0.0333333333333333
213,1173,"3 Male",0.266666666666667,0.151113364869377
214,1174,"3 Male",0.333333333333333,0.168381977721655
215,1175,"3 Male",0.366666666666667,0.237241490688738
216,1176,"3 Male",0.4,0.256412024750755
217,1177,"3 Male",0.666666666666667,0.512674603469048
218,1178,"3 Male",0.133333333333333,0.104313115444032
219,1179,"3 Male",0.1,0.0557086014531156
220,1180,"3 Male",0.0666666666666667,0.0666666666666667
221,1181,"3 Male",0.166666666666667,0.136317187026901
222,1182,"3 Male",0.0666666666666667,0.0463205555853101
223,1183,"3 Male",0,0
224,1184,"3 Male",0.0333333333333333,0.0333333333333333
225,1185,"3 Male",0.133333333333333,0.0792686880439847
226,1186,"3 Male",0.133333333333333,0.0792686880439847
227,1187,"3 Male",0.866666666666667,0.57880839410648
228,1188,"3 Male",0.333333333333333,0.236513630300682
229,1189,"3 Male",0.3,0.180357244468261
230,1190,"3 Male",0.633333333333333,0.375953449470253
231,1191,"3 Male",0,0
232,1192,"3 Male",0.1,0.0735003323160835
233,1193,"3 Male",0.1,0.0735003323160835
234,1194,"3 Male",0,0
235,1195,"3 Male",0,0
236,1196,"3 Male",0,0
237,1197,"3 Male",0.0333333333333333,0.0333333333333333
238,1198,"3 Male",0.0666666666666667,0.0463205555853101
239,1199,"3 Male",0,0
240,1200,"3 Male",0.0666666666666667,0.0666666666666667
241,1201,"3 Male",0,0
242,1202,"3 Male",0.7,0.49165449040056
243,1203,"3 Male",0.1,0.0735003323160835
244,1204,"3 Male",0.2,0.13896166675593
245,1205,"3 Male",0,0
246,1206,"3 Male",0,0
247,1207,"3 Male",0,0
248,1208,"3 Male",0.766666666666667,0.617155755100477
249,1209,"3 Male",0.466666666666667,0.370564444682481
250,1210,"3 Male",0.9,0.682035493059638
251,1211,"3 Male",0.266666666666667,0.178971090796799
252,1212,"3 Male",0.266666666666667,0.234561627484383
253,1213,"3 Male",0.233333333333333,0.233333333333333
254,1214,"3 Male",0.233333333333333,0.16388483013352
255,1215,"3 Male",0.0666666666666667,0.0463205555853101
256,1216,"3 Male",0.2,0.13896166675593
257,1217,"3 Male",0.0666666666666667,0.0463205555853101
258,1218,"3 Male",0.333333333333333,0.250669601352349
259,1219,"3 Male",0.133333333333333,0.0792686880439847
260,1220,"3 Male",0.366666666666667,0.246741212718183
261,1221,"3 Male",0.0666666666666667,0.0666666666666667
262,1222,"3 Male",0.0333333333333333,0.0333333333333333
263,1223,"3 Male",0,0
264,1224,"3 Male",0.0666666666666667,0.0463205555853101
265,1225,"3 Male",0.3,0.209816559179077
266,1226,"3 Male",0,0
267,1227,"3 Male",0.233333333333333,0.201621777088113
268,1228,"3 Male",0.0666666666666667,0.0666666666666667
269,1229,"3 Male",0.1,0.0735003323160835
270,1230,"3 Male",0.333333333333333,0.300701606145856
271,1231,"3 Male",0.133333333333333,0.0792686880439847
272,1232,"3 Male",0.266666666666667,0.18528222234124
273,1233,"3 Male",0.2,0.147000664632167
274,1234,"3 Male",0.366666666666667,0.211634760922329
275,1235,"3 Male",0.633333333333333,0.451009935240704
276,1236,"3 Male",0.566666666666667,0.469000731154819
277,1237,"3 Male",0.4,0.367032210682061
278,1238,"3 Male",0.166666666666667,0.108100988685531
279,1239,"3 Male",0.0333333333333333,0.0333333333333333
280,1240,"3 Male",0.0333333333333333,0.0333333333333333
281,1241,"3 Male",0.333333333333333,0.221454612943307
282,1242,"3 Male",0.1,0.0735003323160835
283,1243,"3 Male",0.566666666666667,0.351297540107846
284,1244,"3 Male",0.0666666666666667,0.0666666666666667
285,1245,"3 Male",0.0333333333333333,0.0333333333333333
286,1246,"3 Male",0.133333333333333,0.104313115444032
287,1247,"3 Male",0.2,0.168836450822791
288,1248,"3 Male",0.133333333333333,0.133333333333333
289,1249,"3 Male",0.166666666666667,0.0968863931626966
290,1250,"3 Male",0.0333333333333333,0.0333333333333333
291,1251,"3 Male",0,0
292,1252,"3 Male",0.1,0.1
293,1253,"3 Male",0,0
294,1254,"3 Male",0.133333333333333,0.133333333333333
295,1255,"3 Male",0,0
296,1256,"3 Male",0,0
297,1257,"3 Male",0.466666666666667,0.324243889097171
298,1258,"3 Male",0.5,0.354770445451023
299,1259,"3 Male",0.366666666666667,0.255888505414106
300,1260,"3 Male",0.1,0.1
301,1261,"3 Male",0.0666666666666667,0.0666666666666667
302,1262,"3 Male",0.0666666666666667,0.0666666666666667
303,1263,"3 Male",0.133333333333333,0.104313115444032
304,1264,"3 Male",0.2,0.147000664632167
305,1265,"3 Male",0.2,0.121295686972625
306,1266,"3 Male",0.166666666666667,0.118256815150341
307,1267,"3 Male",0.1,0.0735003323160835
308,1268,"3 Male",0.166666666666667,0.118256815150341
309,1269,"3 Male",0.566666666666667,0.269880064180639
310,1270,"3 Male",0.133333333333333,0.104313115444032
311,1271,"3 Male",0.1,0.1
312,1272,"3 Male",0.0333333333333333,0.0333333333333333
313,1273,"3 Male",0.0333333333333333,0.0333333333333333
314,1274,"3 Male",0,0
315,1275,"3 Male",0.5,0.5
316,1276,"3 Male",0.266666666666667,0.266666666666667
317,1277,"3 Male",0.6,0.501950219631893
318,1278,"3 Male",0.2,0.168836450822791
319,1279,"3 Male",0,0
320,1280,"3 Male",0.6,0.316591037550767
321,1281,"3 Male",0.0666666666666667,0.0666666666666667
322,1282,"3 Male",0.1,0.1
323,1283,"3 Male",0.1,0.0735003323160835
324,1284,"3 Male",0.166666666666667,0.136317187026901
325,1285,"3 Male",0.166666666666667,0.0968863931626966
326,1286,"3 Male",0.233333333333333,0.103760703182391
327,1287,"3 Male",0.166666666666667,0.108100988685531
328,1288,"3 Male",0.3,0.180357244468261
329,1289,"3 Male",0.1,0.0735003323160835
330,1290,"3 Male",0.133333333333333,0.133333333333333
331,1291,"3 Male",0.266666666666667,0.203041999694267
332,1292,"3 Male",0.166666666666667,0.0968863931626966
333,1293,"3 Male",0.733333333333333,0.535913300016056
334,1294,"3 Male",0.266666666666667,0.151113364869377
335,1295,"3 Male",0.366666666666667,0.232346022839862
336,1296,"3 Male",0.666666666666667,0.390500219533791
337,1297,"3 Male",0.166666666666667,0.0968863931626966
338,1298,"3 Male",0.233333333333333,0.1329015998739
339,1299,"3 Male",0.266666666666667,0.178971090796799
340,1300,"3 Male",0.2,0.121295686972625
341,1301,"3 Male",0.133333333333333,0.0926411111706202
342,1302,"3 Male",0.266666666666667,0.178971090796799
343,1303,"3 Male",0.0666666666666667,0.0463205555853101
344,1304,"3 Male",0.2,0.13896166675593
345,1305,"3 Male",0.2,0.147000664632167
346,1306,"3 Male",0.133333333333333,0.0792686880439847
347,1307,"3 Male",0.133333333333333,0.0792686880439847
348,1308,"3 Male",0.2,0.147000664632167
349,1309,"3 Male",0.2,0.168836450822791
350,1310,"3 Male",0.166666666666667,0.0841909888608275
351,1311,"3 Male",0.3,0.180357244468261
352,1312,"3 Male",0.233333333333333,0.201621777088113
353,1313,"3 Male",0.233333333333333,0.149199652809474
354,1314,"3 Male",0.333333333333333,0.236513630300682
355,1315,"3 Male",0.8,0.399424873893774
356,1316,"3 Male",0.866666666666667,0.379755920805684
357,1317,"3 Male",0.266666666666667,0.116789754444879
358,1318,"3 Male",0.566666666666667,0.269880064180639
359,1319,"3 Male",0.633333333333333,0.237241490688738
360,1320,"3 Male",0.6,0.294001329264334
361,1321,"3 Male",0.266666666666667,0.143305263223068
362,1322,"3 Male",0.233333333333333,0.123951541637567
363,1323,"3 Male",0.133333333333333,0.104313115444032
364,1324,"3 Male",0.166666666666667,0.0841909888608275
365,1325,"3 Male",0.366666666666667,0.211634760922329
366,1326,"3 Male",0.2,0.100573070594149
367,1327,"3 Male",0.0666666666666667,0.0463205555853101
368,1328,"3 Male",0.133333333333333,0.104313115444032
369,1329,"3 Male",0.0333333333333333,0.0333333333333333
370,1330,"3 Male",0.0666666666666667,0.0666666666666667
371,1331,"3 Male",0.3,0.3
372,1332,"3 Male",0.0333333333333333,0.0333333333333333
373,1333,"3 Male",0.166666666666667,0.0841909888608275
374,1334,"3 Male",0.3,0.209816559179077
375,1335,"3 Male",0.166666666666667,0.0841909888608275
376,1336,"3 Male",0.2,0.13896166675593
377,1337,"3 Male",0.333333333333333,0.193772786325393
378,1338,"3 Male",0.1,0.0735003323160835
379,1339,"3 Male",0.433333333333333,0.223263842336862
380,1340,"3 Male",0.4,0.195348200760155
381,1341,"3 Male",0.1,0.0735003323160835
382,1342,"3 Male",0.2,0.111417202906231
383,1343,"3 Male",0.133333333333333,0.0792686880439847
384,1344,"3 Male",0.233333333333333,0.141285830229909
385,1345,"3 Male",0.0333333333333333,0.0333333333333333
386,1346,"3 Male",0.2,0.13896166675593
387,1347,"3 Male",0.166666666666667,0.0968863931626966
388,1348,"3 Male",0.566666666666667,0.357781585377516
389,1349,"3 Male",0.166666666666667,0.0968863931626966
390,1350,"3 Male",0.366666666666667,0.169402827625937
391,1351,"3 Male",0.533333333333333,0.212988226609664
392,1352,"3 Male",0.5,0.202001479452873
393,1353,"3 Male",0.433333333333333,0.149199652809474
394,1354,"3 Male",1.06666666666667,0.665976654406564
395,1355,"3 Male",1.1,0.517176241109176
396,1356,"3 Male",0.533333333333333,0.243222301861086
397,1357,"3 Male",0.366666666666667,0.15524051294117
398,1358,"3 Male",0.4,0.232922462556144
399,1359,"3 Male",0.266666666666667,0.116789754444879
400,1360,"3 Male",0.2,0.13896166675593
401,1361,"3 Male",0.366666666666667,0.147650825542985
402,1362,"3 Male",0.233333333333333,0.103760703182391
403,1363,"3 Male",0.3,0.173867435299056
404,1364,"3 Male",0.2,0.121295686972625
405,1365,"3 Male",0.233333333333333,0.1329015998739
406,1366,"3 Male",0.433333333333333,0.242985895874369
407,1367,"3 Male",0.733333333333333,0.569196516441819
408,1368,"3 Male",0.6,0.286075305574896
409,1369,"3 Male",0.566666666666667,0.290395423372526
410,1370,"3 Male",0.166666666666667,0.108100988685531
411,1371,"3 Male",0.266666666666667,0.172429118092866
412,1372,"3 Male",0.4,0.334251608718693
413,1373,"3 Male",0.366666666666667,0.176057287785469
414,1374,"3 Male",0.433333333333333,0.233333333333333
415,1375,"3 Male",0.233333333333333,0.141285830229909
416,1376,"3 Male",0.233333333333333,0.141285830229909
417,1377,"3 Male",0.5,0.309801567933819
418,1378,"3 Male",0.5,0.324302966056593
419,1379,"3 Male",0.233333333333333,0.233333333333333
420,1380,"3 Male",0.366666666666667,0.18246922797307
421,1381,"3 Male",0.166666666666667,0.108100988685531
422,1382,"3 Male",0.0666666666666667,0.0666666666666667
423,1383,"3 Male",0.0666666666666667,0.0463205555853101
424,1384,"3 Male",0.133333333333333,0.0792686880439847
425,1385,"3 Male",0.2,0.168836450822791
426,1386,"3 Male",0.366666666666667,0.188663376763485
427,1387,"3 Male",0.266666666666667,0.1262485537264
428,1388,"3 Male",0.3,0.240449770126783
429,1389,"3 Male",0.433333333333333,0.228354097554066
430,1390,"3 Male",0.133333333333333,0.0792686880439847
431,1391,"3 Male",0.133333333333333,0.0631242768631999
432,1392,"3 Male",0.333333333333333,0.12983927582936
433,1393,"3 Male",0.3,0.180357244468261
434,1394,"3 Male",0.0666666666666667,0.0666666666666667
435,1395,"3 Male",0.233333333333333,0.141285830229909
436,1396,"3 Male",0.166666666666667,0.118256815150341
437,1397,"3 Male",0.3,0.180357244468261
438,1398,"3 Male",0.2,0.100573070594149
439,1399,"3 Male",0.2,0.100573070594149
440,1400,"3 Male",0.233333333333333,0.141285830229909
441,1401,"3 Male",0.366666666666667,0.15524051294117
442,1402,"3 Male",0.466666666666667,0.212988226609664
443,1403,"3 Male",0.366666666666667,0.169402827625937
444,1404,"3 Male",0.533333333333333,0.30973972512096
445,1405,"3 Male",0.6,0.316591037550767
446,1406,"3 Male",0.4,0.140606240766649
447,1407,"3 Male",0.833333333333333,0.60283493734672
448,1408,"3 Male",0.233333333333333,0.0920186554465537
449,1409,"3 Male",0.233333333333333,0.149199652809474
450,1410,"3 Male",0.333333333333333,0.12983927582936
451,1411,"3 Male",0.4,0.148556270541641
452,1412,"3 Male",0.933333333333333,0.409466525187398
453,1413,"3 Male",0.533333333333333,0.354716442795188
454,1414,"3 Male",0.333333333333333,0.146478458134014
455,1415,"3 Male",0.333333333333333,0.12983927582936
456,1416,"3 Male",0.4,0.176817328947397
457,1417,"3 Male",0.366666666666667,0.131160455679674
458,1418,"3 Male",0.3,0.180357244468261
459,1419,"3 Male",0.266666666666667,0.1262485537264
460,1420,"3 Male",0.4,0.367032210682061
461,1421,"3 Male",0.233333333333333,0.141285830229909
462,1422,"3 Male",0.366666666666667,0.139649259607104
463,1423,"3 Male",0.333333333333333,0.161411399370501
464,1424,"3 Male",0.3,0.14503269548147
465,1425,"3 Male",0.666666666666667,0.413377824820877
466,1426,"3 Male",0.366666666666667,0.147650825542985
467,1427,"3 Male",0.333333333333333,0.241324569600197
468,1428,"3 Male",0.3,0.136878165475389
469,1429,"3 Male",0.166666666666667,0.108100988685531
470,1430,"3 Male",0.3,0.152752523165195
471,1431,"3 Male",0.3,0.16010054312227
472,1432,"3 Male",0.333333333333333,0.138409133089567
473,1433,"3 Male",0.333333333333333,0.154125887741257
474,1434,"3 Male",0.433333333333333,0.207244279947315
475,1435,"3 Male",0.166666666666667,0.0841909888608275
476,1436,"3 Male",0.3,0.118903032065977
477,1437,"3 Male",0.7,0.314953016018025
478,1438,"3 Male",1.3,0.377986194481215
479,1439,"3 Male",1.03333333333333,0.242037962887906
480,0,"3 Male",1.4,0.273756330950779
481,1,"3 Male",1.6,0.282028774923867
482,2,"3 Male",1.16666666666667,0.203889384780213
483,3,"3 Male",1.4,0.301719211782446
484,4,"3 Male",1.43333333333333,0.207244279947315
485,5,"3 Male",1.5,0.243301052810814
486,6,"3 Male",1.6,0.301719211782446
487,7,"3 Male",1.36666666666667,0.273266041618632
488,8,"3 Male",0.7,0.186621505210135
489,9,"3 Male",1.13333333333333,0.2524971074528
490,10,"3 Male",1.13333333333333,0.218318197246684
491,11,"3 Male",1.2,0.236837399966704
492,12,"3 Male",1.36666666666667,0.242037962887906
493,13,"3 Male",1.33333333333333,0.285001848484965
494,14,"3 Male",1.06666666666667,0.191385350772784
495,15,"3 Male",1.66666666666667,0.378543285711275
496,16,"3 Male",1.16666666666667,0.198171720109962
497,17,"3 Male",1.16666666666667,0.220153203361186
498,18,"3 Male",0.9,0.205387214903891
499,19,"3 Male",0.966666666666667,0.194660525804574
500,20,"3 Male",1.33333333333333,0.259678551658721
501,21,"3 Male",1,0.19768778356316
502,22,"3 Male",1.23333333333333,0.207244279947315
503,23,"3 Male",1.6,0.305505046330389
504,24,"3 Male",1.56666666666667,0.351297540107846
505,25,"3 Male",1.2,0.2
506,26,"3 Male",1.23333333333333,0.233333333333333
507,27,"3 Male",1.4,0.376309972499134
508,28,"3 Male",1.23333333333333,0.341340606962731
509,29,"3 Male",0.866666666666667,0.177681966518985
510,30,"3 Male",1.26666666666667,0.262320911359347
511,31,"3 Male",0.8,0.168836450822791
512,32,"3 Male",0.866666666666667,0.177681966518985
513,33,"3 Male",0.833333333333333,0.186210444126842
514,34,"3 Male",1.26666666666667,0.383370812760476
515,35,"3 Male",1.23333333333333,0.535376832231674
516,36,"3 Male",1.33333333333333,0.210818510677892
517,37,"3 Male",0.766666666666667,0.18372476499381
518,38,"3 Male",0.966666666666667,0.200478355143956
519,39,"3 Male",0.6,0.148556270541641
520,40,"3 Male",1,0.358797480737962
521,41,"3 Male",0.733333333333333,0.158537376087969
522,42,"3 Male",0.866666666666667,0.212988226609664
523,43,"3 Male",0.8,0.19416783828762
524,44,"3 Male",0.666666666666667,0.181521876287353
525,45,"3 Male",0.7,0.152752523165195
526,46,"3 Male",0.933333333333333,0.191385350772784
527,47,"3 Male",0.7,0.173867435299056
528,48,"3 Male",0.7,0.167125804359347
529,49,"3 Male",1.03333333333333,0.18246922797307
530,50,"3 Male",0.4,0.102833421822276
531,51,"3 Male",0.7,0.173867435299056
532,52,"3 Male",1,0.283654314465588
533,53,"3 Male",1.16666666666667,0.577516150609279
534,54,"3 Male",0.666666666666667,0.168381977721655
535,55,"3 Male",0.466666666666667,0.124414336806757
536,56,"3 Male",0.933333333333333,0.208626230888063
537,57,"3 Male",0.566666666666667,0.156714348332181
538,58,"3 Male",1.46666666666667,0.590603302171939
539,59,"3 Male",0.966666666666667,0.18246922797307
540,60,"3 Male",0.633333333333333,0.176057287785469
541,61,"3 Male",0.633333333333333,0.15524051294117
542,62,"3 Male",0.6,0.163299316185545
543,63,"3 Male",0.666666666666667,0.210818510677892
544,64,"3 Male",0.933333333333333,0.224547224295241
545,65,"3 Male",1.06666666666667,0.540185862720902
546,66,"3 Male",0.633333333333333,0.211634760922329
547,67,"3 Male",0.666666666666667,0.199616490538781
548,68,"3 Male",0.4,0.102833421822276
549,69,"3 Male",0.6,0.148556270541641
550,70,"3 Male",0.366666666666667,0.162476051875192
551,71,"3 Male",0.3,0.108807538616449
552,72,"3 Male",0.466666666666667,0.141692019367678
553,73,"3 Male",0.266666666666667,0.095090197149179
554,74,"3 Male",0.4,0.132178910450253
555,75,"3 Male",0.5,0.20761369963435
556,76,"3 Male",0.466666666666667,0.157080646490635
557,77,"3 Male",0.566666666666667,0.18372476499381
558,78,"3 Male",0.166666666666667,0.0841909888608275
559,79,"3 Male",0.633333333333333,0.227345164353213
560,80,"3 Male",0.3,0.152752523165195
561,81,"3 Male",0.666666666666667,0.193772786325393
562,82,"3 Male",1.03333333333333,0.490093430767263
563,83,"3 Male",0.6,0.309244537394027
564,84,"3 Male",0.5,0.164351739427587
565,85,"3 Male",0.366666666666667,0.0894855453983996
566,86,"3 Male",0.466666666666667,0.141692019367678
567,87,"3 Male",0.266666666666667,0.116789754444879
568,88,"3 Male",0.233333333333333,0.114302817548899
569,89,"3 Male",0.333333333333333,0.120662284800098
570,90,"3 Male",0.6,0.232922462556144
571,91,"3 Male",0.366666666666667,0.112273612147621
572,92,"3 Male",0.433333333333333,0.123951541637567
573,93,"3 Male",0.366666666666667,0.131160455679674
574,94,"3 Male",0.5,0.196228813191225
575,95,"3 Male",0.8,0.264357820900507
576,96,"3 Male",0.733333333333333,0.234561627484383
577,97,"3 Male",0.666666666666667,0.210818510677892
578,98,"3 Male",0.4,0.132178910450253
579,99,"3 Male",0.333333333333333,0.12983927582936
580,100,"3 Male",0.766666666666667,0.252269393195637
581,101,"3 Male",0.533333333333333,0.184037310893107
582,102,"3 Male",0.766666666666667,0.212718222410761
583,103,"3 Male",0.466666666666667,0.157080646490635
584,104,"3 Male",0.7,0.21522508933779
585,105,"3 Male",0.966666666666667,0.305065786511069
586,106,"3 Male",0.8,0.250975109815947
587,107,"3 Male",0.433333333333333,0.114302817548899
588,108,"3 Male",0.7,0.173867435299056
589,109,"3 Male",0.866666666666667,0.324243889097171
590,110,"3 Male",0.633333333333333,0.18246922797307
591,111,"3 Male",0.633333333333333,0.147650825542985
592,112,"3 Male",0.7,0.230691115573612
593,113,"3 Male",0.533333333333333,0.157080646490635
594,114,"3 Male",0.6,0.176817328947397
595,115,"3 Male",0.4,0.1893728305896
596,116,"3 Male",0.633333333333333,0.26471990547084
597,117,"3 Male",0.533333333333333,0.184037310893107
598,118,"3 Male",0.166666666666667,0.0968863931626966
599,119,"3 Male",0.333333333333333,0.187747282658349
600,120,"3 Male",0.4,0.163299316185545
601,121,"3 Male",0.3,0.118903032065977
602,122,"3 Male",0.666666666666667,0.187747282658349
603,123,"3 Male",0.3,0.180357244468261
604,124,"3 Male",0.266666666666667,0.135046465680225
605,125,"3 Male",0.333333333333333,0.110727306471653
606,126,"3 Male",0.433333333333333,0.156714348332181
607,127,"3 Male",0.2,0.121295686972625
608,128,"3 Male",0.266666666666667,0.135046465680225
609,129,"3 Male",0.666666666666667,0.329867034631226
610,130,"3 Male",0.3,0.128206012375377
611,131,"3 Male",0.4,0.170192588679353
612,132,"3 Male",0.733333333333333,0.469613030555406
613,133,"3 Male",1.13333333333333,0.964583566073307
614,134,"3 Male",0.766666666666667,0.506698426106848
615,135,"3 Male",0.466666666666667,0.207521406364782
616,136,"3 Male",0.933333333333333,0.60445345947751
617,137,"3 Male",1.2,1.03324063358762
618,138,"3 Male",0.133333333333333,0.0792686880439847
619,139,"3 Male",0.1,0.0735003323160835
620,140,"3 Male",0.0333333333333333,0.0333333333333333
621,141,"3 Male",0.166666666666667,0.0968863931626966
622,142,"3 Male",0.233333333333333,0.201621777088113
623,143,"3 Male",0.2,0.13896166675593
624,144,"3 Male",0.233333333333333,0.103760703182391
625,145,"3 Male",0.133333333333333,0.0792686880439847
626,146,"3 Male",0.1,0.0735003323160835
627,147,"3 Male",0.133333333333333,0.104313115444032
628,148,"3 Male",0.333333333333333,0.241324569600197
629,149,"3 Male",0.166666666666667,0.0841909888608275
630,150,"3 Male",0.166666666666667,0.0841909888608275
631,151,"3 Male",0.166666666666667,0.0692045665447833
632,152,"3 Male",0.366666666666667,0.15524051294117
633,153,"3 Male",0.2,0.0884086644736984
634,154,"3 Male",0.2,0.0742781352708207
635,155,"3 Male",0.1,0.0557086014531156
636,156,"3 Male",0.533333333333333,0.278474222721433
637,157,"3 Male",0.333333333333333,0.161411399370501
638,158,"3 Male",0.133333333333333,0.0631242768631999
639,159,"3 Male",0.533333333333333,0.212988226609664
640,160,"3 Male",0.3,0.128206012375377
641,161,"3 Male",0.266666666666667,0.151113364869377
642,162,"3 Male",0.4,0.269524911948635
643,163,"3 Male",0.266666666666667,0.1262485537264
644,164,"3 Male",0.0666666666666667,0.0463205555853101
645,165,"3 Male",0.5,0.317135164628078
646,166,"3 Male",0.133333333333333,0.0792686880439847
647,167,"3 Male",0.233333333333333,0.114302817548899
648,168,"3 Male",0.166666666666667,0.0841909888608275
649,169,"3 Male",0.433333333333333,0.282368200699518
650,170,"3 Male",0.233333333333333,0.114302817548899
651,171,"3 Male",0.233333333333333,0.141285830229909
652,172,"3 Male",0.166666666666667,0.118256815150341
653,173,"3 Male",0.233333333333333,0.0785403232453173
654,174,"3 Male",0.266666666666667,0.1262485537264
655,175,"3 Male",0.4,0.156101941345885
656,176,"3 Male",0.166666666666667,0.0841909888608275
657,177,"3 Male",0.2,0.0884086644736984
658,178,"3 Male",0.2,0.0884086644736984
659,179,"3 Male",0.2,0.111417202906231
660,180,"3 Male",0.533333333333333,0.243222301861086
661,181,"3 Male",0.533333333333333,0.228605635097798
662,182,"3 Male",0.266666666666667,0.095090197149179
663,183,"3 Male",0.466666666666667,0.207521406364782
664,184,"3 Male",0.133333333333333,0.0631242768631999
665,185,"3 Male",0.166666666666667,0.0692045665447833
666,186,"3 Male",0.266666666666667,0.095090197149179
667,187,"3 Male",0.566666666666667,0.373499552488102
668,188,"3 Male",0.233333333333333,0.114302817548899
669,189,"3 Male",0.233333333333333,0.149199652809474
670,190,"3 Male",0.166666666666667,0.108100988685531
671,191,"3 Male",0.3,0.173867435299056
672,192,"3 Male",0.233333333333333,0.123951541637567
673,193,"3 Male",0.266666666666667,0.116789754444879
674,194,"3 Male",0.266666666666667,0.106494113304832
675,195,"3 Male",0.533333333333333,0.233579508889757
676,196,"3 Male",0.0333333333333333,0.0333333333333333
677,197,"3 Male",0.533333333333333,0.403243554176225
678,198,"3 Male",0.1,0.0557086014531156
679,199,"3 Male",0.266666666666667,0.135046465680225
680,200,"3 Male",0.266666666666667,0.116789754444879
681,201,"3 Male",0.1,0.0735003323160835
682,202,"3 Male",0.266666666666667,0.208626230888063
683,203,"3 Male",0.0666666666666667,0.0463205555853101
684,204,"3 Male",0.133333333333333,0.0792686880439847
685,205,"3 Male",0.2,0.121295686972625
686,206,"3 Male",0.266666666666667,0.165628953361334
687,207,"3 Male",0.3,0.152752523165195
688,208,"3 Male",0.2,0.121295686972625
689,209,"3 Male",0.166666666666667,0.108100988685531
690,210,"3 Male",0.0333333333333333,0.0333333333333333
691,211,"3 Male",0.366666666666667,0.188663376763485
692,212,"3 Male",0.233333333333333,0.123951541637567
693,213,"3 Male",0.1,0.0735003323160835
694,214,"3 Male",0.1,0.0735003323160835
695,215,"3 Male",0.1,0.1
696,216,"3 Male",0.2,0.100573070594149
697,217,"3 Male",0.4,0.367032210682061
698,218,"3 Male",0.5,0.367501661580418
699,219,"3 Male",0.0666666666666667,0.0463205555853101
700,220,"3 Male",0.433333333333333,0.242985895874369
701,221,"3 Male",0.1,0.0735003323160835
702,222,"3 Male",0.3,0.180357244468261
703,223,"3 Male",0.4,0.148556270541641
704,224,"3 Male",0.533333333333333,0.238449654115691
705,225,"3 Male",0.2,0.111417202906231
706,226,"3 Male",0.0666666666666667,0.0463205555853101
707,227,"3 Male",0.166666666666667,0.108100988685531
708,228,"3 Male",0.266666666666667,0.151113364869377
709,229,"3 Male",0.5,0.196228813191225
710,230,"3 Male",1.86666666666667,1.62857622983957
711,231,"3 Male",0.166666666666667,0.0968863931626966
712,232,"3 Male",0.1,0.0557086014531156
713,233,"3 Male",0.266666666666667,0.165628953361334
714,234,"3 Male",0.233333333333333,0.141285830229909
715,235,"3 Male",0.166666666666667,0.0968863931626966
716,236,"3 Male",0.0666666666666667,0.0666666666666667
717,237,"3 Male",0.233333333333333,0.1329015998739
718,238,"3 Male",0.0666666666666667,0.0463205555853101
719,239,"3 Male",0.133333333333333,0.0792686880439847
720,240,"3 Male",0.2,0.0884086644736984
721,241,"3 Male",0.1,0.0735003323160835
722,242,"3 Male",0.3,0.152752523165195
723,243,"3 Male",0.333333333333333,0.146478458134014
724,244,"3 Male",0.0333333333333333,0.0333333333333333
725,245,"3 Male",0.1,0.0557086014531156
726,246,"3 Male",0.133333333333333,0.0926411111706202
727,247,"3 Male",0.333333333333333,0.193772786325393
728,248,"3 Male",0,0
729,249,"3 Male",0.1,0.0735003323160835
730,250,"3 Male",0,0
731,251,"3 Male",0.3,0.173867435299056
732,252,"3 Male",0.2,0.100573070594149
733,253,"3 Male",0.1,0.0557086014531156
734,254,"3 Male",0.466666666666667,0.257009026780663
735,255,"3 Male",0.3,0.128206012375377
736,256,"3 Male",0.233333333333333,0.0920186554465537
737,257,"3 Male",0.133333333333333,0.0792686880439847
738,258,"3 Male",0.0666666666666667,0.0666666666666667
739,259,"3 Male",0.166666666666667,0.0692045665447833
740,260,"3 Male",0.233333333333333,0.149199652809474
741,261,"3 Male",0.366666666666667,0.15524051294117
742,262,"3 Male",0.333333333333333,0.12983927582936
743,263,"3 Male",0.6,0.367032210682061
744,264,"3 Male",0.366666666666667,0.216997978343956
745,265,"3 Male",0.2,0.121295686972625
746,266,"3 Male",0.466666666666667,0.141692019367678
747,267,"3 Male",0.3,0.118903032065977
748,268,"3 Male",0.566666666666667,0.233333333333333
749,269,"3 Male",0.433333333333333,0.141285830229909
750,270,"3 Male",0.466666666666667,0.207521406364782
751,271,"3 Male",1.16666666666667,0.600925212577332
752,272,"3 Male",0.1,0.0735003323160835
753,273,"3 Male",0.166666666666667,0.0841909888608275
754,274,"3 Male",0.2,0.111417202906231
755,275,"3 Male",0.1,0.0735003323160835
756,276,"3 Male",0.2,0.0884086644736984
757,277,"3 Male",0.2,0.100573070594149
758,278,"3 Male",0.1,0.1
759,279,"3 Male",0.0666666666666667,0.0666666666666667
760,280,"3 Male",0.1,0.0557086014531156
761,281,"3 Male",0.2,0.111417202906231
762,282,"3 Male",0.266666666666667,0.151113364869377
763,283,"3 Male",0.0666666666666667,0.0666666666666667
764,284,"3 Male",0.433333333333333,0.247671145207879
765,285,"3 Male",0.333333333333333,0.210818510677892
766,286,"3 Male",0.1,0.0557086014531156
767,287,"3 Male",0.266666666666667,0.158537376087969
768,288,"3 Male",0.4,0.242591373945249
769,289,"3 Male",0.166666666666667,0.0968863931626966
770,290,"3 Male",0.166666666666667,0.108100988685531
771,291,"3 Male",0.166666666666667,0.0841909888608275
772,292,"3 Male",0.266666666666667,0.106494113304832
773,293,"3 Male",0.333333333333333,0.146478458134014
774,294,"3 Male",0.4,0.176817328947397
775,295,"3 Male",0.133333333333333,0.0792686880439847
776,296,"3 Male",0.166666666666667,0.0968863931626966
777,297,"3 Male",0.6,0.535197890138961
778,298,"3 Male",0.366666666666667,0.147650825542985
779,299,"3 Male",0.466666666666667,0.157080646490635
780,300,"3 Male",0.333333333333333,0.161411399370501
781,301,"3 Male",0.333333333333333,0.12983927582936
782,302,"3 Male",0.2,0.100573070594149
783,303,"3 Male",0.0666666666666667,0.0463205555853101
784,304,"3 Male",0.166666666666667,0.0968863931626966
785,305,"3 Male",0.533333333333333,0.286610526446137
786,306,"3 Male",0.266666666666667,0.135046465680225
787,307,"3 Male",0.2,0.0884086644736984
788,308,"3 Male",0.533333333333333,0.196131162618773
789,309,"3 Male",0.0666666666666667,0.0463205555853101
790,310,"3 Male",0.0666666666666667,0.0463205555853101
791,311,"3 Male",0.133333333333333,0.0792686880439847
792,312,"3 Male",0.1,0.0735003323160835
793,313,"3 Male",0.0333333333333333,0.0333333333333333
794,314,"3 Male",0.1,0.0735003323160835
795,315,"3 Male",0,0
796,316,"3 Male",0,0
797,317,"3 Male",0,0
798,318,"3 Male",0.0333333333333333,0.0333333333333333
799,319,"3 Male",0.333333333333333,0.12983927582936
800,320,"3 Male",0.4,0.212267452202093
801,321,"3 Male",0.133333333333333,0.0792686880439847
802,322,"3 Male",0.2,0.100573070594149
803,323,"3 Male",0.1,0.0735003323160835
804,324,"3 Male",0.333333333333333,0.138409133089567
805,325,"3 Male",0.2,0.13896166675593
806,326,"3 Male",0.466666666666667,0.233579508889757
807,327,"3 Male",0.233333333333333,0.123951541637567
808,328,"3 Male",0.166666666666667,0.136317187026901
809,329,"3 Male",0.133333333333333,0.0792686880439847
810,330,"3 Male",0.166666666666667,0.108100988685531
811,331,"3 Male",0.133333333333333,0.0631242768631999
812,332,"3 Male",0.166666666666667,0.136317187026901
813,333,"3 Male",0.3,0.267598945069481
814,334,"3 Male",0.233333333333333,0.170754467357681
815,335,"3 Male",0.166666666666667,0.0968863931626966
816,336,"3 Male",0.0666666666666667,0.0666666666666667
817,337,"3 Male",0.1,0.0735003323160835
818,338,"3 Male",0.0333333333333333,0.0333333333333333
819,339,"3 Male",0.0666666666666667,0.0666666666666667
820,340,"3 Male",0.133333333333333,0.0926411111706202
821,341,"3 Male",0,0
822,342,"3 Male",0,0
823,343,"3 Male",0.0333333333333333,0.0333333333333333
824,344,"3 Male",0.1,0.0557086014531156
825,345,"3 Male",0.0666666666666667,0.0666666666666667
826,346,"3 Male",0.0333333333333333,0.0333333333333333
827,347,"3 Male",0.0666666666666667,0.0666666666666667
828,348,"3 Male",0.0333333333333333,0.0333333333333333
829,349,"3 Male",0.133333333333333,0.0792686880439847
830,350,"3 Male",0.2,0.111417202906231
831,351,"3 Male",0.333333333333333,0.161411399370501
832,352,"3 Male",0.166666666666667,0.118256815150341
833,353,"3 Male",0.166666666666667,0.0841909888608275
834,354,"3 Male",0.233333333333333,0.149199652809474
835,355,"3 Male",0.366666666666667,0.194660525804574
836,356,"3 Male",0.366666666666667,0.200478355143956
837,357,"3 Male",0.233333333333333,0.149199652809474
838,358,"3 Male",0.233333333333333,0.123951541637567
839,359,"3 Male",0.233333333333333,0.177358221397594
840,360,"3 Male",0.733333333333333,0.538053822315958
841,361,"3 Male",0.5,0.184141374973175
842,362,"3 Male",0.466666666666667,0.201906620805025
843,363,"3 Male",0.4,0.18320267026112
844,364,"3 Male",0.333333333333333,0.161411399370501
845,365,"3 Male",0.433333333333333,0.189877960402842
846,366,"3 Male",0.1,0.1
847,367,"3 Male",0.4,0.18320267026112
848,368,"3 Male",0.166666666666667,0.108100988685531
849,369,"3 Male",0.166666666666667,0.0968863931626966
850,370,"3 Male",0.1,0.0557086014531156
851,371,"3 Male",0.333333333333333,0.154125887741257
852,372,"3 Male",0.133333333333333,0.104313115444032
853,373,"3 Male",0.0333333333333333,0.0333333333333333
854,374,"3 Male",0.233333333333333,0.16388483013352
855,375,"3 Male",0,0
856,376,"3 Male",0.1,0.0735003323160835
857,377,"3 Male",0.0666666666666667,0.0463205555853101
858,378,"3 Male",0.1,0.1
859,379,"3 Male",0.133333333333333,0.133333333333333
860,380,"3 Male",0.0333333333333333,0.0333333333333333
861,381,"3 Male",0.133333333333333,0.133333333333333
862,382,"3 Male",0.166666666666667,0.108100988685531
863,383,"3 Male",0.233333333333333,0.123951541637567
864,384,"3 Male",0.133333333333333,0.0631242768631999
865,385,"3 Male",0.233333333333333,0.1329015998739
866,386,"3 Male",0.166666666666667,0.0841909888608275
867,387,"3 Male",0.3,0.16010054312227
868,388,"3 Male",0.233333333333333,0.103760703182391
869,389,"3 Male",0.6,0.438387851161477
870,390,"3 Male",0.366666666666667,0.188663376763485
871,391,"3 Male",0.133333333333333,0.104313115444032
872,392,"3 Male",0.0666666666666667,0.0463205555853101
873,393,"3 Male",0.0333333333333333,0.0333333333333333
874,394,"3 Male",0.0333333333333333,0.0333333333333333
875,395,"3 Male",0.0666666666666667,0.0666666666666667
876,396,"3 Male",0.0666666666666667,0.0666666666666667
877,397,"3 Male",0.0666666666666667,0.0666666666666667
878,398,"3 Male",0.1,0.1
879,399,"3 Male",0.166666666666667,0.108100988685531
880,400,"3 Male",0.466666666666667,0.376717014232515
881,401,"3 Male",0.0333333333333333,0.0333333333333333
882,402,"3 Male",0.1,0.0735003323160835
883,403,"3 Male",0.1,0.0557086014531156
884,404,"3 Male",0.0333333333333333,0.0333333333333333
885,405,"3 Male",0.0333333333333333,0.0333333333333333
886,406,"3 Male",0.1,0.0735003323160835
887,407,"3 Male",0.133333333333333,0.0792686880439847
888,408,"3 Male",0.166666666666667,0.108100988685531
889,409,"3 Male",0.2,0.121295686972625
890,410,"3 Male",0.1,0.0557086014531156
891,411,"3 Male",0.0333333333333333,0.0333333333333333
892,412,"3 Male",0.0666666666666667,0.0463205555853101
893,413,"3 Male",0.0333333333333333,0.0333333333333333
894,414,"3 Male",0.2,0.0884086644736984
895,415,"3 Male",0.0333333333333333,0.0333333333333333
896,416,"3 Male",0.1,0.0735003323160835
897,417,"3 Male",0.0333333333333333,0.0333333333333333
898,418,"3 Male",0.0333333333333333,0.0333333333333333
899,419,"3 Male",0.166666666666667,0.118256815150341
900,420,"3 Male",0.0333333333333333,0.0333333333333333
901,421,"3 Male",0.0333333333333333,0.0333333333333333
902,422,"3 Male",0.1,0.0735003323160835
903,423,"3 Male",0.0666666666666667,0.0463205555853101
904,424,"3 Male",0.0666666666666667,0.0666666666666667
905,425,"3 Male",0.0666666666666667,0.0666666666666667
906,426,"3 Male",0.0666666666666667,0.0666666666666667
907,427,"3 Male",0.2,0.147000664632167
908,428,"3 Male",0.166666666666667,0.0968863931626966
909,429,"3 Male",0.166666666666667,0.108100988685531
910,430,"3 Male",0.133333333333333,0.0792686880439847
911,431,"3 Male",0.133333333333333,0.0631242768631999
912,432,"3 Male",0.233333333333333,0.170754467357681
913,433,"3 Male",0.133333333333333,0.0631242768631999
914,434,"3 Male",0.133333333333333,0.0631242768631999
915,435,"3 Male",0.233333333333333,0.123951541637567
916,436,"3 Male",0.4,0.18320267026112
917,437,"3 Male",0.2,0.121295686972625
918,438,"3 Male",0.266666666666667,0.135046465680225
919,439,"3 Male",0.133333333333333,0.0792686880439847
920,440,"3 Male",0.266666666666667,0.1262485537264
921,441,"3 Male",0.0666666666666667,0.0463205555853101
922,442,"3 Male",0.2,0.100573070594149
923,443,"3 Male",0.0333333333333333,0.0333333333333333
924,444,"3 Male",0.166666666666667,0.0968863931626966
925,445,"3 Male",0.133333333333333,0.0792686880439847
926,446,"3 Male",0.166666666666667,0.108100988685531
927,447,"3 Male",0.133333333333333,0.0631242768631999
928,448,"3 Male",0.166666666666667,0.136317187026901
929,449,"3 Male",0.1,0.0735003323160835
930,450,"3 Male",0.166666666666667,0.108100988685531
931,451,"3 Male",0.0666666666666667,0.0463205555853101
932,452,"3 Male",0.233333333333333,0.103760703182391
933,453,"3 Male",0.2,0.111417202906231
934,454,"3 Male",0.233333333333333,0.141285830229909
935,455,"3 Male",0.1,0.0735003323160835
936,456,"3 Male",0.166666666666667,0.0968863931626966
937,457,"3 Male",0.2,0.100573070594149
938,458,"3 Male",0.133333333333333,0.104313115444032
939,459,"3 Male",0.2,0.111417202906231
940,460,"3 Male",0.3,0.204264871994757
941,461,"3 Male",0.666666666666667,0.259678551658721
942,462,"3 Male",0.6,0.344413544529208
943,463,"3 Male",0.466666666666667,0.171090708839905
944,464,"3 Male",0.333333333333333,0.138409133089567
945,465,"3 Male",0.433333333333333,0.156714348332181
946,466,"3 Male",0.1,0.0557086014531156
947,467,"3 Male",0.533333333333333,0.313428696664361
948,468,"3 Male",0.133333333333333,0.0631242768631999
949,469,"3 Male",0.166666666666667,0.0841909888608275
950,470,"3 Male",0.2,0.111417202906231
951,471,"3 Male",0.266666666666667,0.1262485537264
952,472,"3 Male",0.266666666666667,0.151113364869377
953,473,"3 Male",0.3,0.180357244468261
954,474,"3 Male",0.466666666666667,0.201906620805025
955,475,"3 Male",0.133333333333333,0.0792686880439847
956,476,"3 Male",0.166666666666667,0.108100988685531
957,477,"3 Male",0.2,0.121295686972625
958,478,"3 Male",0.233333333333333,0.103760703182391
959,479,"3 Male",0.166666666666667,0.0968863931626966
960,480,"3 Male",0.133333333333333,0.0926411111706202
961,481,"3 Male",0.166666666666667,0.118256815150341
962,482,"3 Male",0.2,0.0884086644736984
963,483,"3 Male",0.7,0.254386799339433
964,484,"3 Male",0.266666666666667,0.1262485537264
965,485,"3 Male",0.333333333333333,0.146478458134014
966,486,"3 Male",0.4,0.222834405812462
967,487,"3 Male",0.366666666666667,0.131160455679674
968,488,"3 Male",0.233333333333333,0.114302817548899
969,489,"3 Male",0.233333333333333,0.0920186554465537
970,490,"3 Male",0.366666666666667,0.139649259607104
971,491,"3 Male",0.333333333333333,0.12983927582936
972,492,"3 Male",0.333333333333333,0.138409133089567
973,493,"3 Male",0.266666666666667,0.116789754444879
974,494,"3 Male",0.2,0.121295686972625
975,495,"3 Male",0.266666666666667,0.116789754444879
976,496,"3 Male",0.4,0.148556270541641
977,497,"3 Male",0.333333333333333,0.138409133089567
978,498,"3 Male",0.333333333333333,0.12983927582936
979,499,"3 Male",0.6,0.237806064131954
980,500,"3 Male",0.8,0.297112541083283
981,501,"3 Male",0.666666666666667,0.259678551658721
982,502,"3 Male",0.933333333333333,0.433995956687912
983,503,"3 Male",0.666666666666667,0.259678551658721
984,504,"3 Male",0.266666666666667,0.135046465680225
985,505,"3 Male",0.3,0.152752523165195
986,506,"3 Male",0.4,0.156101941345885
987,507,"3 Male",0.5,0.286677358795523
988,508,"3 Male",0.233333333333333,0.149199652809474
989,509,"3 Male",0.5,0.370616138125528
990,510,"3 Male",0.233333333333333,0.114302817548899
991,511,"3 Male",0.233333333333333,0.114302817548899
992,512,"3 Male",0.666666666666667,0.437688109532408
993,513,"3 Male",0.6,0.260856238206975
994,514,"3 Male",0.2,0.0884086644736984
995,515,"3 Male",0.333333333333333,0.138409133089567
996,516,"3 Male",0.466666666666667,0.157080646490635
997,517,"3 Male",0.433333333333333,0.189877960402842
998,518,"3 Male",0.6,0.195348200760155
999,519,"3 Male",0.433333333333333,0.170754467357681
1000,520,"3 Male",0.4,0.156101941345885
1001,521,"3 Male",0.3,0.118903032065977
1002,522,"3 Male",0.4,0.123176352410288
1003,523,"3 Male",0.466666666666667,0.157080646490635
1004,524,"3 Male",0.533333333333333,0.164235136547051
1005,525,"3 Male",0.5,0.157202556207464
1006,526,"3 Male",0.333333333333333,0.120662284800098
1007,527,"3 Male",0.333333333333333,0.168381977721655
1008,528,"3 Male",0.233333333333333,0.103760703182391
1009,529,"3 Male",0.233333333333333,0.0920186554465537
1010,530,"3 Male",0.166666666666667,0.0841909888608275
1011,531,"3 Male",0.233333333333333,0.103760703182391
1012,532,"3 Male",0.266666666666667,0.1262485537264
1013,533,"3 Male",0.3,0.16010054312227
1014,534,"3 Male",0.466666666666667,0.184037310893107
1015,535,"3 Male",0.8,0.304751641863323
1016,536,"3 Male",0.466666666666667,0.149584353885034
1017,537,"3 Male",0.366666666666667,0.139649259607104
1018,538,"3 Male",0.433333333333333,0.16388483013352
1019,539,"3 Male",0.566666666666667,0.16388483013352
1020,540,"3 Male",0.366666666666667,0.176057287785469
1021,541,"3 Male",0.7,0.192682217087123
1022,542,"3 Male",0.6,0.163299316185545
1023,543,"3 Male",0.833333333333333,0.254085393073234
1024,544,"3 Male",0.9,0.375545580134583
1025,545,"3 Male",0.633333333333333,0.246741212718183
1026,546,"3 Male",0.833333333333333,0.179931873016437
1027,547,"3 Male",0.933333333333333,0.275152343730771
1028,548,"3 Male",0.833333333333333,0.380813808951465
1029,549,"3 Male",0.666666666666667,0.168381977721655
1030,550,"3 Male",1,0.258198889747161
1031,551,"3 Male",0.533333333333333,0.133333333333333
1032,552,"3 Male",0.533333333333333,0.149584353885034
1033,553,"3 Male",0.7,0.230691115573612
1034,554,"3 Male",0.766666666666667,0.228354097554066
1035,555,"3 Male",0.866666666666667,0.506811836432312
1036,556,"3 Male",0.566666666666667,0.212718222410761
1037,557,"3 Male",0.4,0.148556270541641
1038,558,"3 Male",0.366666666666667,0.131160455679674
1039,559,"3 Male",0.4,0.123176352410288
1040,560,"3 Male",0.833333333333333,0.271578329901394
1041,561,"3 Male",0.366666666666667,0.131160455679674
1042,562,"3 Male",0.5,0.133476934164757
1043,563,"3 Male",0.6,0.212267452202093
1044,564,"3 Male",1.13333333333333,0.541885455371608
1045,565,"3 Male",0.9,0.407825745975484
1046,566,"3 Male",0.8,0.289271776914963
1047,567,"3 Male",0.9,0.308313916754284
1048,568,"3 Male",0.766666666666667,0.223263842336862
1049,569,"3 Male",0.5,0.247980347756759
1050,570,"3 Male",0.6,0.282028774923867
1051,571,"3 Male",0.6,0.201146141188298
1052,572,"3 Male",0.633333333333333,0.211634760922329
1053,573,"3 Male",0.566666666666667,0.177358221397594
1054,574,"3 Male",0.533333333333333,0.164235136547051
1055,575,"3 Male",0.466666666666667,0.190180394298358
1056,576,"3 Male",0.7,0.225653584571318
1057,577,"3 Male",0.733333333333333,0.197299779688509
1058,578,"3 Male",0.666666666666667,0.168381977721655
1059,579,"3 Male",0.7,0.284261495284095
1060,580,"3 Male",0.6,0.1893728305896
1061,581,"3 Male",0.833333333333333,0.214868756164034
1062,582,"3 Male",0.366666666666667,0.147650825542985
1063,583,"3 Male",0.5,0.164351739427587
1064,584,"3 Male",0.733333333333333,0.203041999694267
1065,585,"3 Male",0.833333333333333,0.203889384780213
1066,586,"3 Male",0.666666666666667,0.181521876287353
1067,587,"3 Male",0.8,0.22180036586726
1068,588,"3 Male",1.2,0.659850209404055
1069,589,"3 Male",1,0.374472809503536
1070,590,"3 Male",0.833333333333333,0.271578329901394
1071,591,"3 Male",1.3,0.4345694129971
1072,592,"3 Male",0.666666666666667,0.31924239820591
1073,593,"3 Male",0.4,0.102833421822276
1074,594,"3 Male",0.7,0.235620969735952
1075,595,"3 Male",0.833333333333333,0.214868756164034
1076,596,"3 Male",0.933333333333333,0.287411488957339
1077,597,"3 Male",0.5,0.157202556207464
1078,598,"3 Male",0.4,0.212267452202093
1079,599,"3 Male",0.366666666666667,0.139649259607104
1080,600,"3 Male",0.633333333333333,0.18246922797307
1081,601,"3 Male",0.366666666666667,0.147650825542985
1082,602,"3 Male",1,0.321633760451338
1083,603,"3 Male",1.2,0.353634657894794
1084,604,"3 Male",1,0.191785320594154
1085,605,"3 Male",2,0.792203387329637
1086,606,"3 Male",1.8,0.825457031192313
1087,607,"3 Male",1.23333333333333,0.417114701646324
1088,608,"3 Male",0.866666666666667,0.190180394298358
1089,609,"3 Male",0.566666666666667,0.156714348332181
1090,610,"3 Male",0.7,0.209816559179077
1091,611,"3 Male",1.03333333333333,0.326891782625218
1092,612,"3 Male",1,0.253708131702462
1093,613,"3 Male",1.13333333333333,0.2524971074528
1094,614,"3 Male",0.966666666666667,0.232346022839862
1095,615,"3 Male",0.933333333333333,0.214064837816191
1096,616,"3 Male",0.966666666666667,0.232346022839862
1097,617,"3 Male",1.03333333333333,0.405375753981055
1098,618,"3 Male",0.633333333333333,0.162476051875192
1099,619,"3 Male",0.866666666666667,0.177681966518985
1100,620,"3 Male",0.933333333333333,0.18528222234124
1101,621,"3 Male",0.733333333333333,0.191385350772784
1102,622,"3 Male",0.933333333333333,0.317798943645783
1103,623,"3 Male",0.9,0.304562999541401
1104,624,"3 Male",1,0.208993207831116
1105,625,"3 Male",0.666666666666667,0.154125887741257
1106,626,"3 Male",1.06666666666667,0.219368651734893
1107,627,"3 Male",1,0.303239217431561
1108,628,"3 Male",1.23333333333333,0.51345870987188
1109,629,"3 Male",1,0.377529781119561
1110,630,"3 Male",0.7,0.192682217087123
1111,631,"3 Male",1.13333333333333,0.286610526446137
1112,632,"3 Male",1.2,0.300956330127276
1113,633,"3 Male",1.3,0.280188770521655
1114,634,"3 Male",0.7,0.16010054312227
1115,635,"3 Male",0.766666666666667,0.149199652809474
1116,636,"3 Male",1.1,0.281008037681094
1117,637,"3 Male",1.26666666666667,0.270942727685804
1118,638,"3 Male",0.866666666666667,0.190180394298358
1119,639,"3 Male",0.9,0.175184631667318
1120,640,"3 Male",0.966666666666667,0.227345164353213
1121,641,"3 Male",1.03333333333333,0.206132048590069
1122,642,"3 Male",0.666666666666667,0.146478458134014
1123,643,"3 Male",0.833333333333333,0.198171720109962
1124,644,"3 Male",0.733333333333333,0.18528222234124
1125,645,"3 Male",0.9,0.193871624784422
1126,646,"3 Male",1.06666666666667,0.24416563688928
1127,647,"3 Male",1.06666666666667,0.191385350772784
1128,648,"3 Male",0.866666666666667,0.218318197246684
1129,649,"3 Male",0.7,0.186621505210135
1130,650,"3 Male",0.966666666666667,0.18246922797307
1131,651,"3 Male",1.03333333333333,0.18246922797307
1132,652,"3 Male",1.03333333333333,0.194660525804574
1133,653,"3 Male",0.666666666666667,0.168381977721655
1134,654,"3 Male",0.8,0.19416783828762
1135,655,"3 Male",1.06666666666667,0.2394117951623
1136,656,"3 Male",1.13333333333333,0.233579508889757
1137,657,"3 Male",0.966666666666667,0.260341655863555
1138,658,"3 Male",1.03333333333333,0.237241490688738
1139,659,"3 Male",0.833333333333333,0.173426146680627
1140,660,"3 Male",1.13333333333333,0.22352110822863
1141,661,"3 Male",0.6,0.170192588679353
1142,662,"3 Male",1.2,0.205666843644552
1143,663,"3 Male",1.1,0.205387214903891
1144,664,"3 Male",1.2,0.407966642765307
1145,665,"3 Male",1.16666666666667,0.173426146680627
1146,666,"3 Male",1.13333333333333,0.2524971074528
1147,667,"3 Male",0.733333333333333,0.158537376087969
1148,668,"3 Male",0.866666666666667,0.164235136547051
1149,669,"3 Male",1.16666666666667,0.214868756164034
1150,670,"3 Male",0.733333333333333,0.158537376087969
1151,671,"3 Male",0.933333333333333,0.165628953361334
1152,672,"3 Male",0.9,0.216290566589027
1153,673,"3 Male",1,0.191785320594154
1154,674,"3 Male",0.933333333333333,0.158537376087969
1155,675,"3 Male",1.06666666666667,0.208626230888063
1156,676,"3 Male",0.7,0.173867435299056
1157,677,"3 Male",1.4,0.566497608317886
1158,678,"3 Male",1,0.203419051086243
1159,679,"3 Male",1.1,0.308313916754284
1160,680,"3 Male",1.03333333333333,0.200478355143956
1161,681,"3 Male",1.13333333333333,0.357942181593599
1162,682,"3 Male",1.36666666666667,0.200478355143956
1163,683,"3 Male",1.1,0.231685478439069
1164,684,"3 Male",0.666666666666667,0.154125887741257
1165,685,"3 Male",0.8,0.2
1166,686,"3 Male",0.666666666666667,0.199616490538781
1167,687,"3 Male",0.966666666666667,0.188663376763485
1168,688,"3 Male",0.866666666666667,0.157080646490635
1169,689,"3 Male",0.966666666666667,0.169402827625937
1170,690,"3 Male",0.833333333333333,0.152250046398523
1171,691,"3 Male",1.13333333333333,0.348175320262431
1172,692,"3 Male",1.03333333333333,0.232346022839862
1173,693,"3 Male",1.23333333333333,0.341340606962731
1174,694,"3 Male",1,0.224888222554402
1175,695,"3 Male",0.866666666666667,0.184037310893107
1176,696,"3 Male",0.9,0.161530040620897
1177,697,"3 Male",1.06666666666667,0.203041999694267
1178,698,"3 Male",0.8,0.161885442680076
1179,699,"3 Male",1.4,0.320201086244541
1180,700,"3 Male",1.13333333333333,0.190180394298358
1181,701,"3 Male",1.33333333333333,0.221454612943307
1182,702,"3 Male",0.8,0.2
1183,703,"3 Male",1.2,0.2
1184,704,"3 Male",1,0.203419051086243
1185,705,"3 Male",0.966666666666667,0.200478355143956
1186,706,"3 Male",0.966666666666667,0.200478355143956
1187,707,"3 Male",0.7,0.180357244468261
1188,708,"3 Male",0.933333333333333,0.178971090796799
1189,709,"3 Male",0.866666666666667,0.164235136547051
1190,710,"3 Male",1.26666666666667,0.203041999694267
1191,711,"3 Male",0.933333333333333,0.178971090796799
1192,712,"3 Male",1.16666666666667,0.235295526252263
1193,713,"3 Male",0.9,0.193871624784422
1194,714,"3 Male",0.9,0.221541101762438
1195,715,"3 Male",0.9,0.175184631667318
1196,716,"3 Male",0.933333333333333,0.191385350772784
1197,717,"3 Male",1.23333333333333,0.269880064180639
1198,718,"3 Male",1.5,0.331315733013886
1199,719,"3 Male",1.7,0.249827526712827
1200,720,"3 Male",2.5,0.334767031705993
1201,721,"3 Male",1.56666666666667,0.247671145207879
1202,722,"3 Male",1.56666666666667,0.242985895874369
1203,723,"3 Male",1.8,0.236837399966704
1204,724,"3 Male",1.63333333333333,0.297434754106159
1205,725,"3 Male",1.46666666666667,0.278474222721433
1206,726,"3 Male",2.03333333333333,0.319782013875808
1207,727,"3 Male",1.36666666666667,0.237241490688738
1208,728,"3 Male",1.23333333333333,0.212718222410761
1209,729,"3 Male",1.46666666666667,0.298399305618947
1210,730,"3 Male",1.9,0.393481367039021
1211,731,"3 Male",1.1,0.241403939630167
1212,732,"3 Male",1.16666666666667,0.249520613173476
1213,733,"3 Male",1.36666666666667,0.308810596764958
1214,734,"3 Male",1.26666666666667,0.279298519214208
1215,735,"3 Male",1.2,0.315864076688896
1216,736,"3 Male",1,0.208993207831116
1217,737,"3 Male",0.966666666666667,0.289602713731702
1218,738,"3 Male",0.733333333333333,0.18528222234124
1219,739,"3 Male",0.833333333333333,0.279915148610174
1220,740,"3 Male",0.7,0.186621505210135
1221,741,"3 Male",0.733333333333333,0.219368651734893
1222,742,"3 Male",3.2,2.26131891125308
1223,743,"3 Male",1.1,0.480301629366811
1224,744,"3 Male",0.733333333333333,0.253405918216156
1225,745,"3 Male",0.466666666666667,0.212988226609664
1226,746,"3 Male",0.533333333333333,0.270092931360451
1227,747,"3 Male",0.333333333333333,0.205293920683813
1228,748,"3 Male",0.266666666666667,0.116789754444879
1229,749,"3 Male",0.666666666666667,0.353417903563737
1230,750,"3 Male",0.666666666666667,0.363043752574707
1231,751,"3 Male",0.9,0.553671133560285
1232,752,"3 Male",0.133333333333333,0.0926411111706202
1233,753,"3 Male",0.133333333333333,0.104313115444032
1234,754,"3 Male",0.366666666666667,0.222231800559858
1235,755,"3 Male",0.233333333333333,0.123951541637567
1236,756,"3 Male",0.233333333333333,0.103760703182391
1237,757,"3 Male",0.233333333333333,0.123951541637567
1238,758,"3 Male",0.166666666666667,0.0968863931626966
1239,759,"3 Male",0.3,0.118903032065977
1240,760,"3 Male",0.5,0.202001479452873
1241,761,"3 Male",0.266666666666667,0.135046465680225
1242,762,"3 Male",0.533333333333333,0.247903083275134
1243,763,"3 Male",0.4,0.212267452202093
1244,764,"3 Male",0.4,0.237806064131954
1245,765,"3 Male",0.0666666666666667,0.0666666666666667
1246,766,"3 Male",0.0333333333333333,0.0333333333333333
1247,767,"3 Male",0.233333333333333,0.123951541637567
1248,768,"3 Male",0.1,0.1
1249,769,"3 Male",0,0
1250,770,"3 Male",0.133333333333333,0.104313115444032
1251,771,"3 Male",0.0666666666666667,0.0666666666666667
1252,772,"3 Male",0.266666666666667,0.234561627484383
1253,773,"3 Male",0.133333333333333,0.0792686880439847
1254,774,"3 Male",0.0666666666666667,0.0666666666666667
1255,775,"3 Male",0.0666666666666667,0.0666666666666667
1256,776,"3 Male",0.0333333333333333,0.0333333333333333
1257,777,"3 Male",0,0
1258,778,"3 Male",0.8,0.766241761314018
1259,779,"3 Male",0.366666666666667,0.305065786511069
1260,780,"3 Male",0.5,0.436153510885183
1261,781,"3 Male",0,0
1262,782,"3 Male",0,0
1263,783,"3 Male",0.133333333333333,0.104313115444032
1264,784,"3 Male",0.1,0.1
1265,785,"3 Male",0,0
1266,786,"3 Male",0,0
1267,787,"3 Male",0,0
1268,788,"3 Male",0,0
1269,789,"3 Male",0.0666666666666667,0.0666666666666667
1270,790,"3 Male",0,0
1271,791,"3 Male",0.1,0.1
1272,792,"3 Male",0,0
1273,793,"3 Male",0.0666666666666667,0.0666666666666667
1274,794,"3 Male",0.3,0.3
1275,795,"3 Male",0.166666666666667,0.166666666666667
1276,796,"3 Male",0.133333333333333,0.104313115444032
1277,797,"3 Male",0,0
1278,798,"3 Male",0,0
1279,799,"3 Male",0,0
1280,800,"3 Male",0.4,0.4
1281,801,"3 Male",0.133333333333333,0.104313115444032
1282,802,"3 Male",0.0333333333333333,0.0333333333333333
1283,803,"3 Male",0,0
1284,804,"3 Male",0,0
1285,805,"3 Male",0.133333333333333,0.133333333333333
1286,806,"3 Male",0.133333333333333,0.133333333333333
1287,807,"3 Male",0.166666666666667,0.166666666666667
1288,808,"3 Male",0.0666666666666667,0.0463205555853101
1289,809,"3 Male",0.0333333333333333,0.0333333333333333
1290,810,"3 Male",0.133333333333333,0.133333333333333
1291,811,"3 Male",0.1,0.1
1292,812,"3 Male",0,0
1293,813,"3 Male",0,0
1294,814,"3 Male",0,0
1295,815,"3 Male",0,0
1296,816,"3 Male",0.1,0.0735003323160835
1297,817,"3 Male",0,0
1298,818,"3 Male",0.0666666666666667,0.0666666666666667
1299,819,"3 Male",0.2,0.2
1300,820,"3 Male",0,0
1301,821,"3 Male",0.0333333333333333,0.0333333333333333
1302,822,"3 Male",0,0
1303,823,"3 Male",0.0333333333333333,0.0333333333333333
1304,824,"3 Male",0,0
1305,825,"3 Male",0.133333333333333,0.133333333333333
1306,826,"3 Male",0.0666666666666667,0.0666666666666667
1307,827,"3 Male",0,0
1308,828,"3 Male",0.2,0.147000664632167
1309,829,"3 Male",0.0333333333333333,0.0333333333333333
1310,830,"3 Male",0.166666666666667,0.118256815150341
1311,831,"3 Male",0,0
1312,832,"3 Male",0,0
1313,833,"3 Male",0,0
1314,834,"3 Male",0,0
1315,835,"3 Male",0,0
1316,836,"3 Male",0,0
1317,837,"3 Male",0.0333333333333333,0.0333333333333333
1318,838,"3 Male",0.0666666666666667,0.0463205555853101
1319,839,"3 Male",0.2,0.2
1320,840,"3 Male",0,0
1321,841,"3 Male",0.0666666666666667,0.0666666666666667
1322,842,"3 Male",0.0333333333333333,0.0333333333333333
1323,843,"3 Male",0,0
1324,844,"3 Male",0,0
1325,845,"3 Male",0,0
1326,846,"3 Male",0,0
1327,847,"3 Male",0,0
1328,848,"3 Male",0,0
1329,849,"3 Male",0,0
1330,850,"3 Male",0,0
1331,851,"3 Male",0,0
1332,852,"3 Male",0,0
1333,853,"3 Male",0,0
1334,854,"3 Male",0,0
1335,855,"3 Male",0,0
1336,856,"3 Male",0.133333333333333,0.133333333333333
1337,857,"3 Male",0.166666666666667,0.166666666666667
1338,858,"3 Male",0,0
1339,859,"3 Male",0,0
1340,860,"3 Male",0,0
1341,861,"3 Male",0.366666666666667,0.366666666666667
1342,862,"3 Male",0,0
1343,863,"3 Male",0,0
1344,864,"3 Male",0,0
1345,865,"3 Male",0,0
1346,866,"3 Male",0.1,0.1
1347,867,"3 Male",0.133333333333333,0.133333333333333
1348,868,"3 Male",0,0
1349,869,"3 Male",0.133333333333333,0.104313115444032
1350,870,"3 Male",0.333333333333333,0.333333333333333
1351,871,"3 Male",0.0666666666666667,0.0666666666666667
1352,872,"3 Male",0,0
1353,873,"3 Male",0.133333333333333,0.133333333333333
1354,874,"3 Male",0.133333333333333,0.133333333333333
1355,875,"3 Male",0,0
1356,876,"3 Male",0,0
1357,877,"3 Male",0,0
1358,878,"3 Male",0.1,0.1
1359,879,"3 Male",0,0
1360,880,"3 Male",0,0
1361,881,"3 Male",0,0
1362,882,"3 Male",0,0
1363,883,"3 Male",0,0
1364,884,"3 Male",0.2,0.168836450822791
1365,885,"3 Male",0.133333333333333,0.0792686880439847
1366,886,"3 Male",0,0
1367,887,"3 Male",0,0
1368,888,"3 Male",0,0
1369,889,"3 Male",0,0
1370,890,"3 Male",0,0
1371,891,"3 Male",0,0
1372,892,"3 Male",0.133333333333333,0.104313115444032
1373,893,"3 Male",0.0333333333333333,0.0333333333333333
1374,894,"3 Male",0.3,0.3
1375,895,"3 Male",0.0666666666666667,0.0666666666666667
1376,896,"3 Male",0.0333333333333333,0.0333333333333333
1377,897,"3 Male",0.366666666666667,0.366666666666667
1378,898,"3 Male",0.666666666666667,0.501339202704698
1379,899,"3 Male",0.233333333333333,0.233333333333333
1380,900,"3 Male",0.266666666666667,0.191385350772784
1381,901,"3 Male",0,0
1382,902,"3 Male",0,0
1383,903,"3 Male",0.0333333333333333,0.0333333333333333
1384,904,"3 Male",0,0
1385,905,"3 Male",0,0
1386,906,"3 Male",0,0
1387,907,"3 Male",0.0666666666666667,0.0666666666666667
1388,908,"3 Male",0.233333333333333,0.201621777088113
1389,909,"3 Male",0.0666666666666667,0.0666666666666667
1390,910,"3 Male",0.2,0.2
1391,911,"3 Male",0.1,0.1
1392,912,"3 Male",0,0
1393,913,"3 Male",0.0666666666666667,0.0666666666666667
1394,914,"3 Male",0.3,0.209816559179077
1395,915,"3 Male",0.133333333333333,0.0926411111706202
1396,916,"3 Male",0,0
1397,917,"3 Male",0,0
1398,918,"3 Male",0.0333333333333333,0.0333333333333333
1399,919,"3 Male",0.133333333333333,0.133333333333333
1400,920,"3 Male",0.1,0.1
1401,921,"3 Male",0,0
1402,922,"3 Male",0,0
1403,923,"3 Male",0.133333333333333,0.0926411111706202
1404,924,"3 Male",0.166666666666667,0.136317187026901
1405,925,"3 Male",0.3,0.240449770126783
1406,926,"3 Male",0.1,0.1
1407,927,"3 Male",0.1,0.1
1408,928,"3 Male",0.0666666666666667,0.0666666666666667
1409,929,"3 Male",0.133333333333333,0.0926411111706202
1410,930,"3 Male",0.0333333333333333,0.0333333333333333
1411,931,"3 Male",0,0
1412,932,"3 Male",0.0333333333333333,0.0333333333333333
1413,933,"3 Male",0.1,0.0735003323160835
1414,934,"3 Male",0,0
1415,935,"3 Male",0.133333333333333,0.133333333333333
1416,936,"3 Male",0.0333333333333333,0.0333333333333333
1417,937,"3 Male",0,0
1418,938,"3 Male",0,0
1419,939,"3 Male",0,0
1420,940,"3 Male",0,0
1421,941,"3 Male",0,0
1422,942,"3 Male",0,0
1423,943,"3 Male",0,0
1424,944,"3 Male",0,0
1425,945,"3 Male",0,0
1426,946,"3 Male",0,0
1427,947,"3 Male",0.166666666666667,0.118256815150341
1428,948,"3 Male",0.0333333333333333,0.0333333333333333
1429,949,"3 Male",0,0
1430,950,"3 Male",0.0333333333333333,0.0333333333333333
1431,951,"3 Male",0.0666666666666667,0.0463205555853101
1432,952,"3 Male",0.0333333333333333,0.0333333333333333
1433,953,"3 Male",0,0
1434,954,"3 Male",0.133333333333333,0.133333333333333
1435,955,"3 Male",0.0666666666666667,0.0666666666666667
1436,956,"3 Male",0,0
1437,957,"3 Male",0.2,0.168836450822791
1438,958,"3 Male",0.0333333333333333,0.0333333333333333
1439,959,"3 Male",0.0666666666666667,0.0666666666666667
