"Dec_time","Dec_ZT_time","Condition","mean","SEM"
0,960,"3 Female",0.0142857142857143,0.0142857142857143
1,961,"3 Female",0.0285714285714286,0.0285714285714286
2,962,"3 Female",0.0714285714285714,0.051162181019158
3,963,"3 Female",0.142857142857143,0.084602870323426
4,964,"3 Female",0.142857142857143,0.10432810619146
5,965,"3 Female",0,0
6,966,"3 Female",0.0285714285714286,0.0285714285714286
7,967,"3 Female",0.0142857142857143,0.0142857142857143
8,968,"3 Female",0.0285714285714286,0.0285714285714286
9,969,"3 Female",0.0428571428571429,0.0428571428571429
10,970,"3 Female",0.357142857142857,0.316578312367697
11,971,"3 Female",0.214285714285714,0.187489524502796
12,972,"3 Female",0.142857142857143,0.0916508684727382
13,973,"3 Female",0.0285714285714286,0.020056117661801
14,974,"3 Female",0.0428571428571429,0.0428571428571429
15,975,"3 Female",0.128571428571429,0.114969486583667
16,976,"3 Female",0.214285714285714,0.158790533721399
17,977,"3 Female",0.2,0.153090995822976
18,978,"3 Female",0,0
19,979,"3 Female",0.0142857142857143,0.0142857142857143
20,980,"3 Female",0.128571428571429,0.0811955912974356
21,981,"3 Female",0.114285714285714,0.0802244706472039
22,982,"3 Female",0.128571428571429,0.103602658245928
23,983,"3 Female",0.114285714285714,0.100810087616063
24,984,"3 Female",0.328571428571429,0.217953428812272
25,985,"3 Female",0.171428571428571,0.103702530004673
26,986,"3 Female",0.114285714285714,0.0827649948080245
27,987,"3 Female",0.157142857142857,0.14336349187132
28,988,"3 Female",0.0571428571428571,0.0571428571428571
29,989,"3 Female",0,0
30,990,"3 Female",0.1,0.0648297659314349
31,991,"3 Female",0.171428571428571,0.134935654585578
32,992,"3 Female",0.171428571428571,0.127032426977119
33,993,"3 Female",0.157142857142857,0.14336349187132
34,994,"3 Female",0.0285714285714286,0.0285714285714286
35,995,"3 Female",0.0142857142857143,0.0142857142857143
36,996,"3 Female",0.0714285714285714,0.051162181019158
37,997,"3 Female",0.0428571428571429,0.0317581067442798
38,998,"3 Female",0.0571428571428571,0.0571428571428571
39,999,"3 Female",0.0142857142857143,0.0142857142857143
40,1000,"3 Female",0.0142857142857143,0.0142857142857143
41,1001,"3 Female",0,0
42,1002,"3 Female",0,0
43,1003,"3 Female",0,0
44,1004,"3 Female",0,0
45,1005,"3 Female",0.0142857142857143,0.0142857142857143
46,1006,"3 Female",0.0571428571428571,0.0449785515285259
47,1007,"3 Female",0.0285714285714286,0.0285714285714286
48,1008,"3 Female",0.0285714285714286,0.0285714285714286
49,1009,"3 Female",0.128571428571429,0.0786043597467211
50,1010,"3 Female",0.0285714285714286,0.0285714285714286
51,1011,"3 Female",0.0142857142857143,0.0142857142857143
52,1012,"3 Female",0.128571428571429,0.0908242189392959
53,1013,"3 Female",0,0
54,1014,"3 Female",0.271428571428571,0.197207658806911
55,1015,"3 Female",0.285714285714286,0.234801230543064
56,1016,"3 Female",0.185714285714286,0.133890436254565
57,1017,"3 Female",0.0142857142857143,0.0142857142857143
58,1018,"3 Female",0.0285714285714286,0.0285714285714286
59,1019,"3 Female",0.0142857142857143,0.0142857142857143
60,1020,"3 Female",0,0
61,1021,"3 Female",0,0
62,1022,"3 Female",0.0142857142857143,0.0142857142857143
63,1023,"3 Female",0,0
64,1024,"3 Female",0,0
65,1025,"3 Female",0,0
66,1026,"3 Female",0.0714285714285714,0.0714285714285714
67,1027,"3 Female",0,0
68,1028,"3 Female",0,0
69,1029,"3 Female",0,0
70,1030,"3 Female",0,0
71,1031,"3 Female",0,0
72,1032,"3 Female",0,0
73,1033,"3 Female",0,0
74,1034,"3 Female",0,0
75,1035,"3 Female",0.0285714285714286,0.0285714285714286
76,1036,"3 Female",0,0
77,1037,"3 Female",0.0142857142857143,0.0142857142857143
78,1038,"3 Female",0,0
79,1039,"3 Female",0.0142857142857143,0.0142857142857143
80,1040,"3 Female",0.285714285714286,0.258313415762883
81,1041,"3 Female",0,0
82,1042,"3 Female",0,0
83,1043,"3 Female",0.157142857142857,0.157142857142857
84,1044,"3 Female",0,0
85,1045,"3 Female",0.0285714285714286,0.0285714285714286
86,1046,"3 Female",0.0285714285714286,0.0285714285714286
87,1047,"3 Female",0.0428571428571429,0.0428571428571429
88,1048,"3 Female",0.0428571428571429,0.0428571428571429
89,1049,"3 Female",0.214285714285714,0.187489524502796
90,1050,"3 Female",0,0
91,1051,"3 Female",0,0
92,1052,"3 Female",0,0
93,1053,"3 Female",0,0
94,1054,"3 Female",0,0
95,1055,"3 Female",0,0
96,1056,"3 Female",0.142857142857143,0.142857142857143
97,1057,"3 Female",0.0142857142857143,0.0142857142857143
98,1058,"3 Female",0.0285714285714286,0.0285714285714286
99,1059,"3 Female",0.0142857142857143,0.0142857142857143
100,1060,"3 Female",0,0
101,1061,"3 Female",0.171428571428571,0.120336705970806
102,1062,"3 Female",0.0714285714285714,0.0714285714285714
103,1063,"3 Female",0.0857142857142857,0.0857142857142857
104,1064,"3 Female",0.0142857142857143,0.0142857142857143
105,1065,"3 Female",0.0857142857142857,0.0601683529854029
106,1066,"3 Female",0.2,0.153090995822976
107,1067,"3 Female",0.1,0.0504636884396263
108,1068,"3 Female",0.157142857142857,0.131302937522175
109,1069,"3 Female",0.214285714285714,0.187489524502796
110,1070,"3 Female",0.0142857142857143,0.0142857142857143
111,1071,"3 Female",0.157142857142857,0.131302937522175
112,1072,"3 Female",0.0142857142857143,0.0142857142857143
113,1073,"3 Female",0.157142857142857,0.118016236181155
114,1074,"3 Female",0.0714285714285714,0.051162181019158
115,1075,"3 Female",0.0571428571428571,0.0571428571428571
116,1076,"3 Female",0.157142857142857,0.118016236181155
117,1077,"3 Female",0.1,0.0737911551310139
118,1078,"3 Female",0.1,0.0765454979114879
119,1079,"3 Female",0.0571428571428571,0.0345675100015575
120,1080,"3 Female",0.0714285714285714,0.042301435161713
121,1081,"3 Female",0.0285714285714286,0.020056117661801
122,1082,"3 Female",0.0857142857142857,0.0857142857142857
123,1083,"3 Female",0.0714285714285714,0.058700307635766
124,1084,"3 Female",0.0857142857142857,0.048764686773641
125,1085,"3 Female",0.0428571428571429,0.0317581067442798
126,1086,"3 Female",0.0571428571428571,0.0449785515285259
127,1087,"3 Female",0.2,0.148978578920681
128,1088,"3 Female",0.0428571428571429,0.0317581067442798
129,1089,"3 Female",0.0428571428571429,0.0428571428571429
130,1090,"3 Female",0.0142857142857143,0.0142857142857143
131,1091,"3 Female",0.1,0.0648297659314349
132,1092,"3 Female",0.128571428571429,0.0786043597467211
133,1093,"3 Female",0.0571428571428571,0.0401122353236019
134,1094,"3 Female",0.0857142857142857,0.0601683529854029
135,1095,"3 Female",0.0428571428571429,0.0317581067442798
136,1096,"3 Female",0.0714285714285714,0.051162181019158
137,1097,"3 Female",0.0428571428571429,0.0317581067442798
138,1098,"3 Female",0.0857142857142857,0.0528400733447595
139,1099,"3 Female",0.0857142857142857,0.0857142857142857
140,1100,"3 Female",0.114285714285714,0.069135020003115
141,1101,"3 Female",0.1,0.058092522761782
142,1102,"3 Female",0.2,0.110710111455404
143,1103,"3 Female",0.0571428571428571,0.0449785515285259
144,1104,"3 Female",0.128571428571429,0.101584605726824
145,1105,"3 Female",0.0714285714285714,0.058700307635766
146,1106,"3 Female",0.0857142857142857,0.0528400733447595
147,1107,"3 Female",0.2,0.121413346993472
148,1108,"3 Female",0.0714285714285714,0.051162181019158
149,1109,"3 Female",0.0714285714285714,0.058700307635766
150,1110,"3 Female",0.0285714285714286,0.020056117661801
151,1111,"3 Female",0.128571428571429,0.0640956472504238
152,1112,"3 Female",0.228571428571429,0.149770602465605
153,1113,"3 Female",0.171428571428571,0.0886321837976044
154,1114,"3 Female",0.271428571428571,0.207440708255601
155,1115,"3 Female",0.0285714285714286,0.020056117661801
156,1116,"3 Female",0.1,0.058092522761782
157,1117,"3 Female",0.0714285714285714,0.042301435161713
158,1118,"3 Female",0.1,0.0866921446863011
159,1119,"3 Female",0.0571428571428571,0.0401122353236019
160,1120,"3 Female",0.1,0.0461790555986525
161,1121,"3 Female",0.142857142857143,0.0683606145179591
162,1122,"3 Female",0.157142857142857,0.0829969549335762
163,1123,"3 Female",0.3,0.144391347675835
164,1124,"3 Female",0.157142857142857,0.09243813730295
165,1125,"3 Female",0.0571428571428571,0.0345675100015575
166,1126,"3 Female",0.242857142857143,0.215771248289218
167,1127,"3 Female",0.1,0.0504636884396263
168,1128,"3 Female",0.0285714285714286,0.020056117661801
169,1129,"3 Female",0.1,0.0544119704282056
170,1130,"3 Female",0.157142857142857,0.0946514020127926
171,1131,"3 Female",0.0857142857142857,0.0528400733447595
172,1132,"3 Female",0.0285714285714286,0.0285714285714286
173,1133,"3 Female",0.157142857142857,0.157142857142857
174,1134,"3 Female",0.0571428571428571,0.0449785515285259
175,1135,"3 Female",0.0714285714285714,0.042301435161713
176,1136,"3 Female",0.1,0.0709299365615191
177,1137,"3 Female",0.0285714285714286,0.0285714285714286
178,1138,"3 Female",0.114285714285714,0.0776008183956576
179,1139,"3 Female",0.0142857142857143,0.0142857142857143
180,1140,"3 Female",0.0285714285714286,0.0285714285714286
181,1141,"3 Female",0,0
182,1142,"3 Female",0.0714285714285714,0.058700307635766
183,1143,"3 Female",0.0285714285714286,0.0285714285714286
184,1144,"3 Female",0.0571428571428571,0.0571428571428571
185,1145,"3 Female",0.128571428571429,0.114969486583667
186,1146,"3 Female",0,0
187,1147,"3 Female",0,0
188,1148,"3 Female",0.1,0.1
189,1149,"3 Female",0.0571428571428571,0.0571428571428571
190,1150,"3 Female",0.0714285714285714,0.0714285714285714
191,1151,"3 Female",0.185714285714286,0.130761200554833
192,1152,"3 Female",0.0714285714285714,0.058700307635766
193,1153,"3 Female",0.0571428571428571,0.0449785515285259
194,1154,"3 Female",0.0142857142857143,0.0142857142857143
195,1155,"3 Female",0,0
196,1156,"3 Female",0.0571428571428571,0.0571428571428571
197,1157,"3 Female",0.0285714285714286,0.0285714285714286
198,1158,"3 Female",0,0
199,1159,"3 Female",0,0
200,1160,"3 Female",0.0285714285714286,0.0285714285714286
201,1161,"3 Female",0.0285714285714286,0.0285714285714286
202,1162,"3 Female",0.0142857142857143,0.0142857142857143
203,1163,"3 Female",0,0
204,1164,"3 Female",0.0142857142857143,0.0142857142857143
205,1165,"3 Female",0,0
206,1166,"3 Female",0,0
207,1167,"3 Female",0,0
208,1168,"3 Female",0,0
209,1169,"3 Female",0,0
210,1170,"3 Female",0,0
211,1171,"3 Female",0,0
212,1172,"3 Female",0,0
213,1173,"3 Female",0.0571428571428571,0.0571428571428571
214,1174,"3 Female",0.157142857142857,0.157142857142857
215,1175,"3 Female",0.0142857142857143,0.0142857142857143
216,1176,"3 Female",0,0
217,1177,"3 Female",0.114285714285714,0.114285714285714
218,1178,"3 Female",0.1,0.0866921446863011
219,1179,"3 Female",0.0428571428571429,0.0317581067442798
220,1180,"3 Female",0.142857142857143,0.142857142857143
221,1181,"3 Female",0,0
222,1182,"3 Female",0.0714285714285714,0.0714285714285714
223,1183,"3 Female",0.2,0.117953564923918
224,1184,"3 Female",0.157142857142857,0.114453810126486
225,1185,"3 Female",0.0285714285714286,0.0285714285714286
226,1186,"3 Female",0.0714285714285714,0.0714285714285714
227,1187,"3 Female",0.0428571428571429,0.0317581067442798
228,1188,"3 Female",0.0714285714285714,0.042301435161713
229,1189,"3 Female",0.185714285714286,0.148551121402432
230,1190,"3 Female",0.0428571428571429,0.0428571428571429
231,1191,"3 Female",0.0714285714285714,0.051162181019158
232,1192,"3 Female",0.214285714285714,0.166429882080161
233,1193,"3 Female",0.0571428571428571,0.0571428571428571
234,1194,"3 Female",0.0571428571428571,0.0571428571428571
235,1195,"3 Female",0.0428571428571429,0.0317581067442798
236,1196,"3 Female",0.171428571428571,0.134935654585578
237,1197,"3 Female",0.0428571428571429,0.0428571428571429
238,1198,"3 Female",0,0
239,1199,"3 Female",0.228571428571429,0.228571428571429
240,1200,"3 Female",0.0428571428571429,0.0428571428571429
241,1201,"3 Female",0.0428571428571429,0.0317581067442798
242,1202,"3 Female",0.0571428571428571,0.0571428571428571
243,1203,"3 Female",0.157142857142857,0.121474233285346
244,1204,"3 Female",0.0857142857142857,0.0601683529854029
245,1205,"3 Female",0.0857142857142857,0.0635162134885596
246,1206,"3 Female",0.0285714285714286,0.0285714285714286
247,1207,"3 Female",0.0142857142857143,0.0142857142857143
248,1208,"3 Female",0.0428571428571429,0.0428571428571429
249,1209,"3 Female",0.0142857142857143,0.0142857142857143
250,1210,"3 Female",0,0
251,1211,"3 Female",0.114285714285714,0.114285714285714
252,1212,"3 Female",0.0285714285714286,0.0285714285714286
253,1213,"3 Female",0.0571428571428571,0.0571428571428571
254,1214,"3 Female",0,0
255,1215,"3 Female",0.0857142857142857,0.0601683529854029
256,1216,"3 Female",0,0
257,1217,"3 Female",0.0571428571428571,0.0449785515285259
258,1218,"3 Female",0.0571428571428571,0.0345675100015575
259,1219,"3 Female",0,0
260,1220,"3 Female",0.142857142857143,0.096062682877919
261,1221,"3 Female",0.0571428571428571,0.0449785515285259
262,1222,"3 Female",0,0
263,1223,"3 Female",0.0142857142857143,0.0142857142857143
264,1224,"3 Female",0.0142857142857143,0.0142857142857143
265,1225,"3 Female",0.0714285714285714,0.051162181019158
266,1226,"3 Female",0.0142857142857143,0.0142857142857143
267,1227,"3 Female",0.0285714285714286,0.0285714285714286
268,1228,"3 Female",0.0428571428571429,0.0428571428571429
269,1229,"3 Female",0.0142857142857143,0.0142857142857143
270,1230,"3 Female",0.1,0.1
271,1231,"3 Female",0,0
272,1232,"3 Female",0.142857142857143,0.142857142857143
273,1233,"3 Female",0.1,0.0648297659314349
274,1234,"3 Female",0,0
275,1235,"3 Female",0.0142857142857143,0.0142857142857143
276,1236,"3 Female",0,0
277,1237,"3 Female",0.0142857142857143,0.0142857142857143
278,1238,"3 Female",0.0714285714285714,0.0714285714285714
279,1239,"3 Female",0.0428571428571429,0.0428571428571429
280,1240,"3 Female",0,0
281,1241,"3 Female",0.0285714285714286,0.0285714285714286
282,1242,"3 Female",0.128571428571429,0.128571428571429
283,1243,"3 Female",0.0285714285714286,0.0285714285714286
284,1244,"3 Female",0.0285714285714286,0.0285714285714286
285,1245,"3 Female",0,0
286,1246,"3 Female",0.157142857142857,0.114453810126486
287,1247,"3 Female",0.0428571428571429,0.0317581067442798
288,1248,"3 Female",0.0285714285714286,0.0285714285714286
289,1249,"3 Female",0.0428571428571429,0.0243823433868205
290,1250,"3 Female",0.0142857142857143,0.0142857142857143
291,1251,"3 Female",0.128571428571429,0.0837066468154617
292,1252,"3 Female",0.1,0.0709299365615191
293,1253,"3 Female",0.128571428571429,0.103602658245928
294,1254,"3 Female",0.0142857142857143,0.0142857142857143
295,1255,"3 Female",0.1,0.0765454979114879
296,1256,"3 Female",0.0571428571428571,0.0449785515285259
297,1257,"3 Female",0.0714285714285714,0.058700307635766
298,1258,"3 Female",0.0428571428571429,0.0243823433868205
299,1259,"3 Female",0.0428571428571429,0.0317581067442798
300,1260,"3 Female",0.114285714285714,0.0802244706472039
301,1261,"3 Female",0.1,0.0709299365615191
302,1262,"3 Female",0.0714285714285714,0.0714285714285714
303,1263,"3 Female",0.0714285714285714,0.051162181019158
304,1264,"3 Female",0.0571428571428571,0.0449785515285259
305,1265,"3 Female",0.0714285714285714,0.051162181019158
306,1266,"3 Female",0.0285714285714286,0.020056117661801
307,1267,"3 Female",0.128571428571429,0.0811955912974356
308,1268,"3 Female",0.0714285714285714,0.058700307635766
309,1269,"3 Female",0.1,0.0709299365615191
310,1270,"3 Female",0.285714285714286,0.19533149308716
311,1271,"3 Female",0.114285714285714,0.0827649948080245
312,1272,"3 Female",0.171428571428571,0.12204507969948
313,1273,"3 Female",0.257142857142857,0.124919376543059
314,1274,"3 Female",0.128571428571429,0.0908242189392959
315,1275,"3 Female",0.1,0.058092522761782
316,1276,"3 Female",0.0571428571428571,0.0449785515285259
317,1277,"3 Female",0.0428571428571429,0.0243823433868205
318,1278,"3 Female",0.0857142857142857,0.0393679733569667
319,1279,"3 Female",0.2,0.135896684664091
320,1280,"3 Female",0.5,0.261188555832224
321,1281,"3 Female",0.528571428571429,0.279545200418816
322,1282,"3 Female",0.371428571428571,0.247698665333596
323,1283,"3 Female",0.185714285714286,0.104342280243043
324,1284,"3 Female",0.157142857142857,0.0854550946590917
325,1285,"3 Female",0.128571428571429,0.0672482763451897
326,1286,"3 Female",0.271428571428571,0.133314846396576
327,1287,"3 Female",0.185714285714286,0.0769309258162072
328,1288,"3 Female",0.285714285714286,0.14552376616478
329,1289,"3 Female",0.314285714285714,0.126332003919963
330,1290,"3 Female",0.214285714285714,0.103545545420063
331,1291,"3 Female",0.0857142857142857,0.0393679733569667
332,1292,"3 Female",0.0857142857142857,0.0726398334302124
333,1293,"3 Female",0.0571428571428571,0.0345675100015575
334,1294,"3 Female",0.0857142857142857,0.0443160918988022
335,1295,"3 Female",0.185714285714286,0.104342280243043
336,1296,"3 Female",0.2,0.0967376764959249
337,1297,"3 Female",0.157142857142857,0.072333808336442
338,1298,"3 Female",0.185714285714286,0.0846203484499059
339,1299,"3 Female",0.114285714285714,0.0558868167910658
340,1300,"3 Female",0.142857142857143,0.0652617417965898
341,1301,"3 Female",0.314285714285714,0.1672365294663
342,1302,"3 Female",0.371428571428571,0.164274461762445
343,1303,"3 Female",0.257142857142857,0.116337686332355
344,1304,"3 Female",0.128571428571429,0.0607797114299049
345,1305,"3 Female",0.0571428571428571,0.0345675100015575
346,1306,"3 Female",0.157142857142857,0.072333808336442
347,1307,"3 Female",0.185714285714286,0.0870326493146781
348,1308,"3 Female",0.214285714285714,0.173733640089954
349,1309,"3 Female",0.214285714285714,0.113102048394711
350,1310,"3 Female",0.128571428571429,0.0702595854410431
351,1311,"3 Female",0.0571428571428571,0.0345675100015575
352,1312,"3 Female",0.0571428571428571,0.0449785515285259
353,1313,"3 Female",0.171428571428571,0.0909381255562295
354,1314,"3 Female",0.0714285714285714,0.051162181019158
355,1315,"3 Female",0.142857142857143,0.0916508684727382
356,1316,"3 Female",0.0857142857142857,0.0443160918988022
357,1317,"3 Female",0.171428571428571,0.109528310286495
358,1318,"3 Female",0.0857142857142857,0.048764686773641
359,1319,"3 Female",0.0857142857142857,0.0443160918988022
360,1320,"3 Female",0.342857142857143,0.174912831630595
361,1321,"3 Female",0.1,0.0414539081515265
362,1322,"3 Female",0.0714285714285714,0.042301435161713
363,1323,"3 Female",0.171428571428571,0.0886321837976044
364,1324,"3 Female",0.1,0.0504636884396263
365,1325,"3 Female",0.0428571428571429,0.0428571428571429
366,1326,"3 Female",0.2,0.10690449676497
367,1327,"3 Female",0.171428571428571,0.0996296009199752
368,1328,"3 Female",0.0428571428571429,0.0243823433868205
369,1329,"3 Female",0.0857142857142857,0.0443160918988022
370,1330,"3 Female",0.157142857142857,0.121474233285346
371,1331,"3 Female",0.157142857142857,0.0968140825393471
372,1332,"3 Female",0.114285714285714,0.0660724777489302
373,1333,"3 Female",0.142857142857143,0.10432810619146
374,1334,"3 Female",0.228571428571429,0.136764488403884
375,1335,"3 Female",0.1,0.0504636884396263
376,1336,"3 Female",0.0714285714285714,0.0370854788534862
377,1337,"3 Female",0.114285714285714,0.0776008183956576
378,1338,"3 Female",0.0857142857142857,0.0443160918988022
379,1339,"3 Female",0.1,0.061553390449076
380,1340,"3 Female",0.171428571428571,0.0953829126708608
381,1341,"3 Female",0.257142857142857,0.146294060320923
382,1342,"3 Female",0.185714285714286,0.093898445522684
383,1343,"3 Female",0.285714285714286,0.17988132405112
384,1344,"3 Female",0.185714285714286,0.0960780763052878
385,1345,"3 Female",0.2,0.121413346993472
386,1346,"3 Female",0.0571428571428571,0.0449785515285259
387,1347,"3 Female",0.0857142857142857,0.0528400733447595
388,1348,"3 Female",0.128571428571429,0.0607797114299049
389,1349,"3 Female",0.228571428571429,0.111773633582132
390,1350,"3 Female",0.157142857142857,0.129716547622128
391,1351,"3 Female",0.228571428571429,0.117198895852296
392,1352,"3 Female",0.171428571428571,0.103702530004673
393,1353,"3 Female",0.0142857142857143,0.0142857142857143
394,1354,"3 Female",0.271428571428571,0.152170532771854
395,1355,"3 Female",0.114285714285714,0.0660724777489302
396,1356,"3 Female",0.0857142857142857,0.0528400733447595
397,1357,"3 Female",0.0714285714285714,0.0469413473569821
398,1358,"3 Female",0.1,0.0765454979114879
399,1359,"3 Female",0.328571428571429,0.229971128416924
400,1360,"3 Female",0.0285714285714286,0.0285714285714286
401,1361,"3 Female",0.0857142857142857,0.0726398334302124
402,1362,"3 Female",0.185714285714286,0.120888459006027
403,1363,"3 Female",0.0285714285714286,0.0285714285714286
404,1364,"3 Female",0.0285714285714286,0.020056117661801
405,1365,"3 Female",0.171428571428571,0.0909381255562295
406,1366,"3 Female",0.2,0.2
407,1367,"3 Female",0.128571428571429,0.0885153098112689
408,1368,"3 Female",0.114285714285714,0.0720675354496
409,1369,"3 Female",0.0142857142857143,0.0142857142857143
410,1370,"3 Female",0.157142857142857,0.0778481674694376
411,1371,"3 Female",0.0714285714285714,0.042301435161713
412,1372,"3 Female",0.285714285714286,0.205657917282904
413,1373,"3 Female",0.0857142857142857,0.0726398334302124
414,1374,"3 Female",0.0142857142857143,0.0142857142857143
415,1375,"3 Female",0.328571428571429,0.158566858718401
416,1376,"3 Female",0.5,0.187331705009759
417,1377,"3 Female",0.342857142857143,0.130114958385809
418,1378,"3 Female",0.2,0.0662512939832223
419,1379,"3 Female",0.242857142857143,0.134111159180953
420,1380,"3 Female",0.142857142857143,0.0769117002940236
421,1381,"3 Female",0.157142857142857,0.0751415897050452
422,1382,"3 Female",0.214285714285714,0.099466188357863
423,1383,"3 Female",0.285714285714286,0.124016390326062
424,1384,"3 Female",0.242857142857143,0.126156290537245
425,1385,"3 Female",0.214285714285714,0.101526357668293
426,1386,"3 Female",0.1,0.0461790555986525
427,1387,"3 Female",0.228571428571429,0.149770602465605
428,1388,"3 Female",0.442857142857143,0.248086435786832
429,1389,"3 Female",0.342857142857143,0.156151588351862
430,1390,"3 Female",0.185714285714286,0.0795766675721409
431,1391,"3 Female",0.271428571428571,0.0995256421517898
432,1392,"3 Female",0.214285714285714,0.107470169471509
433,1393,"3 Female",0.157142857142857,0.0694125432000937
434,1394,"3 Female",0.0285714285714286,0.020056117661801
435,1395,"3 Female",0.142857142857143,0.082119224253607
436,1396,"3 Female",0.0714285714285714,0.0469413473569821
437,1397,"3 Female",0.1,0.0544119704282056
438,1398,"3 Female",0.228571428571429,0.128973376762939
439,1399,"3 Female",0.0857142857142857,0.0443160918988022
440,1400,"3 Female",0.171428571428571,0.0838302251865987
441,1401,"3 Female",0.185714285714286,0.0821372308812225
442,1402,"3 Female",0.185714285714286,0.0916670027688711
443,1403,"3 Female",0.1,0.0461790555986525
444,1404,"3 Female",0.142857142857143,0.0769117002940236
445,1405,"3 Female",0.185714285714286,0.0893798675411861
446,1406,"3 Female",0.114285714285714,0.0558868167910658
447,1407,"3 Female",0.114285714285714,0.0660724777489302
448,1408,"3 Female",0.185714285714286,0.132335068086617
449,1409,"3 Female",0.128571428571429,0.0786043597467211
450,1410,"3 Female",0.142857142857143,0.0549259402967308
451,1411,"3 Female",0.214285714285714,0.0907590652587879
452,1412,"3 Female",0.1,0.0504636884396263
453,1413,"3 Female",0.3,0.12436172445458
454,1414,"3 Female",0.228571428571429,0.0913923323625687
455,1415,"3 Female",0.285714285714286,0.122335548368239
456,1416,"3 Female",0.228571428571429,0.115418813518634
457,1417,"3 Female",0.214285714285714,0.109379687333541
458,1418,"3 Female",0.157142857142857,0.0562297648377789
459,1419,"3 Female",0.114285714285714,0.0720675354496
460,1420,"3 Female",0.214285714285714,0.105526104122566
461,1421,"3 Female",0.142857142857143,0.0916508684727382
462,1422,"3 Female",0.242857142857143,0.1401503396951
463,1423,"3 Female",0.0714285714285714,0.0469413473569821
464,1424,"3 Female",0.128571428571429,0.101584605726824
465,1425,"3 Female",0.257142857142857,0.1181039200709
466,1426,"3 Female",0.242857142857143,0.129396935790668
467,1427,"3 Female",0.242857142857143,0.124504341157927
468,1428,"3 Female",0.228571428571429,0.0936303214221678
469,1429,"3 Female",0.157142857142857,0.0631660019599816
470,1430,"3 Female",0.314285714285714,0.206060210645144
471,1431,"3 Female",0.228571428571429,0.128973376762939
472,1432,"3 Female",0.257142857142857,0.101103055649072
473,1433,"3 Female",0.171428571428571,0.0642569523880347
474,1434,"3 Female",0.171428571428571,0.0760609665333746
475,1435,"3 Female",0.114285714285714,0.0594761714133181
476,1436,"3 Female",0.2,0.0693059350229083
477,1437,"3 Female",0.657142857142857,0.1939944229692
478,1438,"3 Female",0.685714285714286,0.138825086400187
479,1439,"3 Female",0.771428571428571,0.135242177642287
480,0,"3 Female",0.757142857142857,0.137163990780217
481,1,"3 Female",0.728571428571429,0.143775515976749
482,2,"3 Female",0.871428571428571,0.118516413189096
483,3,"3 Female",0.942857142857143,0.130114958385809
484,4,"3 Female",0.785714285714286,0.109379687333541
485,5,"3 Female",0.971428571428571,0.150872450443641
486,6,"3 Female",0.771428571428571,0.108005499000079
487,7,"3 Female",1.15714285714286,0.161046929731259
488,8,"3 Female",1.02857142857143,0.137970243996069
489,9,"3 Female",1.15714285714286,0.151781299412106
490,10,"3 Female",1.08571428571429,0.142068214949388
491,11,"3 Female",0.842857142857143,0.128110514994108
492,12,"3 Female",0.785714285714286,0.113102048394711
493,13,"3 Female",0.885714285714286,0.112459529675558
494,14,"3 Female",1.07142857142857,0.127601587137187
495,15,"3 Female",1.1,0.151117301866449
496,16,"3 Female",0.828571428571429,0.113245786253225
497,17,"3 Female",0.828571428571429,0.131831231233505
498,18,"3 Female",1.02857142857143,0.133392474313546
499,19,"3 Female",1.21428571428571,0.183019144076492
500,20,"3 Female",1.1,0.138237950103657
501,21,"3 Female",0.871428571428571,0.139388532417612
502,22,"3 Female",0.971428571428571,0.12204507969948
503,23,"3 Female",0.971428571428571,0.127032426977119
504,24,"3 Female",0.914285714285714,0.157283956980158
505,25,"3 Female",0.871428571428571,0.114969486583667
506,26,"3 Female",0.8,0.121413346993472
507,27,"3 Female",1.12857142857143,0.220972280820153
508,28,"3 Female",0.842857142857143,0.131302937522175
509,29,"3 Female",0.942857142857143,0.189677414162467
510,30,"3 Female",0.957142857142857,0.122830176635146
511,31,"3 Female",0.771428571428571,0.130568796381767
512,32,"3 Female",0.814285714285714,0.219441090481385
513,33,"3 Female",0.7,0.106419226457602
514,34,"3 Female",0.785714285714286,0.111256436560458
515,35,"3 Female",0.928571428571429,0.117463581548664
516,36,"3 Female",1.02857142857143,0.227481875210413
517,37,"3 Female",1.02857142857143,0.197260144544838
518,38,"3 Female",0.8,0.108823940856411
519,39,"3 Female",0.8,0.10690449676497
520,40,"3 Female",1.04285714285714,0.183632221205572
521,41,"3 Female",0.828571428571429,0.116845048906694
522,42,"3 Female",0.828571428571429,0.111402555756872
523,43,"3 Female",0.8,0.123106780898152
524,44,"3 Female",0.928571428571429,0.151351986571372
525,45,"3 Female",0.928571428571429,0.309491955678966
526,46,"3 Female",0.757142857142857,0.114091449800062
527,47,"3 Female",0.985714285714286,0.285242882334526
528,48,"3 Female",0.7,0.130851645802068
529,49,"3 Female",0.785714285714286,0.113102048394711
530,50,"3 Female",0.671428571428571,0.147752561007366
531,51,"3 Female",0.485714285714286,0.0948854755761026
532,52,"3 Female",0.714285714285714,0.111720697925086
533,53,"3 Female",0.785714285714286,0.116705744078756
534,54,"3 Female",0.942857142857143,0.256497925994799
535,55,"3 Female",0.685714285714286,0.134276463273259
536,56,"3 Female",0.757142857142857,0.155553795007009
537,57,"3 Female",0.514285714285714,0.0880966369985736
538,58,"3 Female",0.542857142857143,0.0969209498079901
539,59,"3 Female",0.614285714285714,0.115636428066622
540,60,"3 Female",0.671428571428571,0.209229512871612
541,61,"3 Female",0.914285714285714,0.420855314216523
542,62,"3 Female",0.6,0.251208260338134
543,63,"3 Female",0.571428571428571,0.108769569660983
544,64,"3 Female",0.5,0.0904325927430357
545,65,"3 Female",0.485714285714286,0.0970429397238738
546,66,"3 Female",0.542857142857143,0.101103055649072
547,67,"3 Female",0.528571428571429,0.0991087166233953
548,68,"3 Female",0.457142857142857,0.0805923060040179
549,69,"3 Female",0.528571428571429,0.103202204727578
550,70,"3 Female",0.528571428571429,0.116401227593486
551,71,"3 Female",0.742857142857143,0.124919376543059
552,72,"3 Female",0.485714285714286,0.0926778010116496
553,73,"3 Female",0.685714285714286,0.159635787774055
554,74,"3 Female",0.685714285714286,0.164741917671357
555,75,"3 Female",0.642857142857143,0.135034255734713
556,76,"3 Female",0.728571428571429,0.150803820804121
557,77,"3 Female",0.485714285714286,0.119942804076069
558,78,"3 Female",0.628571428571429,0.145564409585811
559,79,"3 Female",0.528571428571429,0.119905809430432
560,80,"3 Female",0.371428571428571,0.0958160517062079
561,81,"3 Female",0.542857142857143,0.114544221094812
562,82,"3 Female",0.528571428571429,0.13143802288457
563,83,"3 Female",0.642857142857143,0.139558182299257
564,84,"3 Female",0.471428571428571,0.107139406431665
565,85,"3 Female",0.471428571428571,0.0880462624760147
566,86,"3 Female",0.442857142857143,0.0829969549335762
567,87,"3 Female",0.428571428571429,0.0802981725191072
568,88,"3 Female",0.271428571428571,0.0702595854410431
569,89,"3 Female",0.471428571428571,0.119905809430432
570,90,"3 Female",0.614285714285714,0.265545929433807
571,91,"3 Female",0.614285714285714,0.142867494448972
572,92,"3 Female",0.457142857142857,0.114544221094812
573,93,"3 Female",0.6,0.148700374048743
574,94,"3 Female",1.05714285714286,0.425329352002944
575,95,"3 Female",1.02857142857143,0.587999883301431
576,96,"3 Female",0.457142857142857,0.101103055649072
577,97,"3 Female",0.714285714285714,0.275382555024731
578,98,"3 Female",0.528571428571429,0.1449229517169
579,99,"3 Female",0.785714285714286,0.342861456149542
580,100,"3 Female",0.485714285714286,0.139123040324057
581,101,"3 Female",0.385714285714286,0.093898445522684
582,102,"3 Female",0.285714285714286,0.0679265744819494
583,103,"3 Female",0.514285714285714,0.0904162381732766
584,104,"3 Female",0.628571428571429,0.151146657382354
585,105,"3 Female",0.471428571428571,0.0926299178769567
586,106,"3 Female",0.257142857142857,0.0695615201620285
587,107,"3 Female",0.414285714285714,0.102742632370205
588,108,"3 Female",0.442857142857143,0.101000613502256
589,109,"3 Female",0.585714285714286,0.151586307939755
590,110,"3 Female",0.428571428571429,0.102900841878921
591,111,"3 Female",0.471428571428571,0.101176165106633
592,112,"3 Female",0.314285714285714,0.0827649948080245
593,113,"3 Female",0.514285714285714,0.199110711468451
594,114,"3 Female",0.314285714285714,0.0776008183956576
595,115,"3 Female",0.3,0.112103915117533
596,116,"3 Female",0.242857142857143,0.0745884895168934
597,117,"3 Female",0.4,0.126097664998256
598,118,"3 Female",0.628571428571429,0.231272856133244
599,119,"3 Female",0.457142857142857,0.182784664725137
600,120,"3 Female",0.3,0.0983297363977012
601,121,"3 Female",0.271428571428571,0.0759247436363384
602,122,"3 Female",0.157142857142857,0.0631660019599816
603,123,"3 Female",0.328571428571429,0.0926299178769567
604,124,"3 Female",0.285714285714286,0.0765261755590631
605,125,"3 Female",0.342857142857143,0.0907427695291909
606,126,"3 Female",0.385714285714286,0.093898445522684
607,127,"3 Female",0.342857142857143,0.0785102340277155
608,128,"3 Female",0.3,0.0871684787368703
609,129,"3 Female",0.314285714285714,0.0944480690131541
610,130,"3 Female",0.357142857142857,0.09766574654358
611,131,"3 Female",0.3,0.0847600437137214
612,132,"3 Female",0.3,0.0770845573737519
613,133,"3 Female",0.242857142857143,0.0657358862689703
614,134,"3 Female",0.442857142857143,0.10502038505799
615,135,"3 Female",0.5,0.249844672243471
616,136,"3 Female",0.185714285714286,0.0652843981908834
617,137,"3 Female",0.271428571428571,0.0759247436363384
618,138,"3 Female",0.414285714285714,0.124599328271616
619,139,"3 Female",0.314285714285714,0.0827649948080245
620,140,"3 Female",0.285714285714286,0.0737711113563318
621,141,"3 Female",0.342857142857143,0.0907427695291909
622,142,"3 Female",0.414285714285714,0.110509561605103
623,143,"3 Female",0.714285714285714,0.361239445112403
624,144,"3 Female",0.928571428571429,0.631905799440906
625,145,"3 Female",0.8,0.515434649443352
626,146,"3 Female",0.714285714285714,0.428847392172833
627,147,"3 Female",0.385714285714286,0.184596092167248
628,148,"3 Female",0.242857142857143,0.106585853740949
629,149,"3 Female",0.185714285714286,0.058599447926148
630,150,"3 Female",0.285714285714286,0.0791854419741709
631,151,"3 Female",0.257142857142857,0.0831215884231858
632,152,"3 Female",0.6,0.317469289038171
633,153,"3 Female",0.385714285714286,0.125921624615062
634,154,"3 Female",0.314285714285714,0.0827649948080245
635,155,"3 Female",0.342857142857143,0.0811044728855006
636,156,"3 Female",0.342857142857143,0.0907427695291909
637,157,"3 Female",0.371428571428571,0.0867433055905396
638,158,"3 Female",0.571428571428571,0.160964263836653
639,159,"3 Female",0.357142857142857,0.091084367610859
640,160,"3 Female",0.357142857142857,0.0933297417655183
641,161,"3 Female",0.371428571428571,0.0936303214221678
642,162,"3 Female",0.257142857142857,0.0805923060040179
643,163,"3 Female",0.314285714285714,0.0776008183956576
644,164,"3 Female",0.3,0.068555035997821
645,165,"3 Female",0.457142857142857,0.124919376543059
646,166,"3 Female",0.585714285714286,0.246291632369222
647,167,"3 Female",0.3,0.0622224686971358
648,168,"3 Female",0.4,0.106516457383739
649,169,"3 Female",0.428571428571429,0.104893574323401
650,170,"3 Female",0.328571428571429,0.0948387070812334
651,171,"3 Female",0.228571428571429,0.0648981638044391
652,172,"3 Female",0.2,0.0560981098577004
653,173,"3 Female",0.228571428571429,0.0680136040813605
654,174,"3 Female",0.457142857142857,0.114544221094812
655,175,"3 Female",0.857142857142857,0.502286990908903
656,176,"3 Female",0.785714285714286,0.58514844151709
657,177,"3 Female",0.342857142857143,0.131696549198106
658,178,"3 Female",0.271428571428571,0.0759247436363384
659,179,"3 Female",0.2,0.0560981098577004
660,180,"3 Female",0.328571428571429,0.105189228229801
661,181,"3 Female",0.2,0.0750431207992849
662,182,"3 Female",0.185714285714286,0.0510464293300996
663,183,"3 Female",0.228571428571429,0.0709924574520723
664,184,"3 Female",0.1,0.0414539081515265
665,185,"3 Female",0.142857142857143,0.0549259402967308
666,186,"3 Female",0.185714285714286,0.0510464293300996
667,187,"3 Female",0.214285714285714,0.0671602550033482
668,188,"3 Female",0.171428571428571,0.0537282040026786
669,189,"3 Female",0.142857142857143,0.0549259402967308
670,190,"3 Female",0.0857142857142857,0.0337010185496908
671,191,"3 Female",0.371428571428571,0.106071245581957
672,192,"3 Female",0.585714285714286,0.195702119886043
673,193,"3 Female",0.314285714285714,0.0922299249992391
674,194,"3 Female",0.185714285714286,0.0620320398842209
675,195,"3 Female",0.257142857142857,0.0724767808487693
676,196,"3 Female",0.285714285714286,0.0890317298519901
677,197,"3 Female",0.371428571428571,0.0766034357256956
678,198,"3 Female",0.257142857142857,0.0779810304631646
679,199,"3 Female",0.285714285714286,0.0957542946571195
680,200,"3 Female",0.185714285714286,0.0713457076287165
681,201,"3 Female",0.328571428571429,0.101176165106633
682,202,"3 Female",0.1,0.0361157559257308
683,203,"3 Female",0.157142857142857,0.066362809453463
684,204,"3 Female",0.185714285714286,0.0713457076287165
685,205,"3 Female",0.214285714285714,0.070175341303502
686,206,"3 Female",0.2,0.0662512939832223
687,207,"3 Female",0.142857142857143,0.0510174503727087
688,208,"3 Female",0.242857142857143,0.104625358029203
689,209,"3 Female",0.371428571428571,0.226752597800526
690,210,"3 Female",0.371428571428571,0.141233003625997
691,211,"3 Female",0.0857142857142857,0.0337010185496908
692,212,"3 Female",0.142857142857143,0.0585742058625491
693,213,"3 Female",0.142857142857143,0.0795580814063911
694,214,"3 Female",0.214285714285714,0.0836359486214164
695,215,"3 Female",0.571428571428571,0.308989824466405
696,216,"3 Female",0.342857142857143,0.130114958385809
697,217,"3 Female",0.157142857142857,0.0562297648377789
698,218,"3 Female",0.285714285714286,0.118902603187068
699,219,"3 Female",0.3,0.0871684787368703
700,220,"3 Female",0.257142857142857,0.0695615201620285
701,221,"3 Female",0.185714285714286,0.058599447926148
702,222,"3 Female",0.285714285714286,0.174031311457573
703,223,"3 Female",0.257142857142857,0.0879622408303129
704,224,"3 Female",0.242857142857143,0.0824965380683119
705,225,"3 Female",0.3,0.132424438394346
706,226,"3 Female",0.3,0.0940243570046875
707,227,"3 Female",0.185714285714286,0.0620320398842209
708,228,"3 Female",0.257142857142857,0.0779810304631646
709,229,"3 Female",0.171428571428571,0.0537282040026786
710,230,"3 Female",0.2,0.0662512939832223
711,231,"3 Female",0.228571428571429,0.102092858660199
712,232,"3 Female",0.357142857142857,0.122154086391909
713,233,"3 Female",0.471428571428571,0.358696414006164
714,234,"3 Female",0.5,0.279566360452184
715,235,"3 Female",0.485714285714286,0.318993537024983
716,236,"3 Female",0.285714285714286,0.0842525463742269
717,237,"3 Female",0.5,0.26434026631884
718,238,"3 Female",0.228571428571429,0.0792601100171392
719,239,"3 Female",0.2,0.059674756845377
720,240,"3 Female",0.242857142857143,0.0745884895168934
721,241,"3 Female",0.214285714285714,0.0671602550033482
722,242,"3 Female",0.257142857142857,0.0633296750138181
723,243,"3 Female",0.214285714285714,0.0785290681971187
724,244,"3 Female",0.2,0.082907816303053
725,245,"3 Female",0.242857142857143,0.0688134101648453
726,246,"3 Female",0.142857142857143,0.0549259402967308
727,247,"3 Female",0.3,0.0871684787368703
728,248,"3 Female",0.128571428571429,0.053535184426749
729,249,"3 Female",0.257142857142857,0.0779810304631646
730,250,"3 Female",0.4,0.151459428865068
731,251,"3 Female",0.242857142857143,0.0773144323096274
732,252,"3 Female",0.285714285714286,0.142649953273336
733,253,"3 Female",0.714285714285714,0.559185616483778
734,254,"3 Female",0.414285714285714,0.28813159601526
735,255,"3 Female",0.157142857142857,0.0597985378471762
736,256,"3 Female",0.0857142857142857,0.0337010185496908
737,257,"3 Female",0.428571428571429,0.176896910676254
738,258,"3 Female",0.2,0.0560981098577004
739,259,"3 Female",0.257142857142857,0.0724767808487693
740,260,"3 Female",0.328571428571429,0.142036983157354
741,261,"3 Female",0.314285714285714,0.100810087616063
742,262,"3 Female",0.257142857142857,0.0695615201620285
743,263,"3 Female",0.214285714285714,0.0640032903620315
744,264,"3 Female",0.314285714285714,0.0922299249992391
745,265,"3 Female",0.385714285714286,0.184596092167248
746,266,"3 Female",0.185714285714286,0.0549528581813639
747,267,"3 Female",0.585714285714286,0.378781339514956
748,268,"3 Female",0.571428571428571,0.285299906546672
749,269,"3 Female",0.2,0.0662512939832223
750,270,"3 Female",0.214285714285714,0.070175341303502
751,271,"3 Female",0.357142857142857,0.118715893933144
752,272,"3 Female",0.257142857142857,0.0695615201620285
753,273,"3 Female",0.285714285714286,0.118902603187068
754,274,"3 Female",0.185714285714286,0.0683822442019422
755,275,"3 Female",0.128571428571429,0.0451426474822817
756,276,"3 Female",0.114285714285714,0.0520505294506205
757,277,"3 Female",0.0857142857142857,0.0393679733569667
758,278,"3 Female",0.157142857142857,0.0631660019599816
759,279,"3 Female",0.142857142857143,0.0585742058625491
760,280,"3 Female",0.271428571428571,0.105582145605073
761,281,"3 Female",0.157142857142857,0.0597985378471762
762,282,"3 Female",0.2,0.0877602606766711
763,283,"3 Female",0.171428571428571,0.0760609665333746
764,284,"3 Female",0.542857142857143,0.389662334199596
765,285,"3 Female",0.0857142857142857,0.0393679733569667
766,286,"3 Female",0.114285714285714,0.0479080258531039
767,287,"3 Female",0.142857142857143,0.0620081951630308
768,288,"3 Female",0.185714285714286,0.0652843981908834
769,289,"3 Female",0.442857142857143,0.176972134388983
770,290,"3 Female",0.0857142857142857,0.0337010185496908
771,291,"3 Female",0.2,0.0750431207992849
772,292,"3 Female",0.3,0.148630741465178
773,293,"3 Female",0.128571428571429,0.0495170404674774
774,294,"3 Female",0.214285714285714,0.0836359486214164
775,295,"3 Female",0.4,0.143022678420043
776,296,"3 Female",0.328571428571429,0.103202204727578
777,297,"3 Female",0.285714285714286,0.102034900745417
778,298,"3 Female",0.328571428571429,0.0926299178769567
779,299,"3 Female",0.3,0.126015543423282
780,300,"3 Female",0.328571428571429,0.0903671567049861
781,301,"3 Female",0.4,0.168294329573101
782,302,"3 Female",0.4,0.155506252661998
783,303,"3 Female",0.2,0.063048832499128
784,304,"3 Female",0.3,0.104455603415452
785,305,"3 Female",0.271428571428571,0.0759247436363384
786,306,"3 Female",0.328571428571429,0.114608756691286
787,307,"3 Female",0.3,0.113935799727861
788,308,"3 Female",0.228571428571429,0.0738512538148983
789,309,"3 Female",0.157142857142857,0.0901705636729127
790,310,"3 Female",0.342857142857143,0.154820024124339
791,311,"3 Female",0.257142857142857,0.0724767808487693
792,312,"3 Female",0.228571428571429,0.0709924574520723
793,313,"3 Female",0.271428571428571,0.0861445378189278
794,314,"3 Female",0.357142857142857,0.0887822242800993
795,315,"3 Female",0.271428571428571,0.0995256421517898
796,316,"3 Female",0.328571428571429,0.0753773902523433
797,317,"3 Female",0.271428571428571,0.111309593007142
798,318,"3 Female",0.414285714285714,0.184820272098081
799,319,"3 Female",0.414285714285714,0.138750497946033
800,320,"3 Female",0.328571428571429,0.13143802288457
801,321,"3 Female",0.285714285714286,0.0817582588830818
802,322,"3 Female",0.257142857142857,0.105118909866284
803,323,"3 Female",0.342857142857143,0.107456408005357
804,324,"3 Female",0.214285714285714,0.0758467921336129
805,325,"3 Female",0.328571428571429,0.139091147218455
806,326,"3 Female",0.357142857142857,0.165360155632151
807,327,"3 Female",0.2,0.0750431207992849
808,328,"3 Female",0.242857142857143,0.0824965380683119
809,329,"3 Female",0.271428571428571,0.0885153098112689
810,330,"3 Female",0.342857142857143,0.0994513193558578
811,331,"3 Female",0.242857142857143,0.0591020252924594
812,332,"3 Female",0.2,0.0777531263309991
813,333,"3 Female",0.314285714285714,0.191477698340683
814,334,"3 Female",0.357142857142857,0.148192301744598
815,335,"3 Female",0.128571428571429,0.0495170404674774
816,336,"3 Female",0.357142857142857,0.127137157617616
817,337,"3 Female",0.171428571428571,0.0674020370993815
818,338,"3 Female",0.242857142857143,0.13564616357202
819,339,"3 Female",0.328571428571429,0.137594580415065
820,340,"3 Female",0.285714285714286,0.102034900745417
821,341,"3 Female",0.471428571428571,0.298180422941967
822,342,"3 Female",0.171428571428571,0.0674020370993815
823,343,"3 Female",0.185714285714286,0.0713457076287165
824,344,"3 Female",0.357142857142857,0.123837391353299
825,345,"3 Female",0.114285714285714,0.0520505294506205
826,346,"3 Female",0.0857142857142857,0.0528400733447595
827,347,"3 Female",0.157142857142857,0.0562297648377789
828,348,"3 Female",0.142857142857143,0.0769117002940236
829,349,"3 Female",0.228571428571429,0.133702535273194
830,350,"3 Female",0.0857142857142857,0.0443160918988022
831,351,"3 Female",0.271428571428571,0.176134510724294
832,352,"3 Female",0.257142857142857,0.150479859483011
833,353,"3 Female",0.0428571428571429,0.0317581067442798
834,354,"3 Female",0.328571428571429,0.0969972114846001
835,355,"3 Female",0.185714285714286,0.0652843981908834
836,356,"3 Female",0.271428571428571,0.0974231736845904
837,357,"3 Female",0.242857142857143,0.0849691559814776
838,358,"3 Female",0.242857142857143,0.0657358862689703
839,359,"3 Female",0.257142857142857,0.0902852949645634
840,360,"3 Female",0.228571428571429,0.0818305793385166
841,361,"3 Female",0.142857142857143,0.0467835608690014
842,362,"3 Female",0.214285714285714,0.0973624360392325
843,363,"3 Female",0.614285714285714,0.514104522947076
844,364,"3 Female",0.314285714285714,0.141776450667648
845,365,"3 Female",0.3,0.112103915117533
846,366,"3 Female",0.171428571428571,0.0497256596779289
847,367,"3 Female",0.242857142857143,0.0745884895168934
848,368,"3 Female",0.385714285714286,0.133890436254565
849,369,"3 Female",0.328571428571429,0.124978554800461
850,370,"3 Female",0.257142857142857,0.0779810304631646
851,371,"3 Female",0.2,0.0662512939832223
852,372,"3 Female",0.214285714285714,0.0640032903620315
853,373,"3 Female",0.157142857142857,0.0597985378471762
854,374,"3 Female",0.342857142857143,0.0907427695291909
855,375,"3 Female",0.185714285714286,0.058599447926148
856,376,"3 Female",0.242857142857143,0.0963854285820521
857,377,"3 Female",0.314285714285714,0.124682382634779
858,378,"3 Female",0.214285714285714,0.070175341303502
859,379,"3 Female",0.185714285714286,0.0549528581813639
860,380,"3 Female",0.171428571428571,0.0574525767942717
861,381,"3 Female",0.257142857142857,0.0805923060040179
862,382,"3 Female",0.142857142857143,0.0467835608690014
863,383,"3 Female",0.5,0.214147643579185
864,384,"3 Female",0.271428571428571,0.0930758691653288
865,385,"3 Female",0.257142857142857,0.0779810304631646
866,386,"3 Female",0.328571428571429,0.231764702349711
867,387,"3 Female",0.257142857142857,0.110870290142674
868,388,"3 Female",0.2,0.082907816303053
869,389,"3 Female",0.357142857142857,0.219198345837967
870,390,"3 Female",0.171428571428571,0.0674020370993815
871,391,"3 Female",0.128571428571429,0.0607797114299049
872,392,"3 Female",0.142857142857143,0.0620081951630308
873,393,"3 Female",0.114285714285714,0.0433716527952698
874,394,"3 Female",0.128571428571429,0.0495170404674774
875,395,"3 Female",0.185714285714286,0.0846203484499059
876,396,"3 Female",0.171428571428571,0.0642569523880347
877,397,"3 Female",0.171428571428571,0.0642569523880347
878,398,"3 Female",0.442857142857143,0.358069192039863
879,399,"3 Female",0.585714285714286,0.421224114350662
880,400,"3 Female",0.428571428571429,0.213005145372225
881,401,"3 Female",0.114285714285714,0.0479080258531039
882,402,"3 Female",0.114285714285714,0.0479080258531039
883,403,"3 Female",0.114285714285714,0.0479080258531039
884,404,"3 Female",0.157142857142857,0.0524185823803323
885,405,"3 Female",0.242857142857143,0.0799474835020352
886,406,"3 Female",0.214285714285714,0.0671602550033482
887,407,"3 Female",0.157142857142857,0.0483076505723
888,408,"3 Female",0.414285714285714,0.300787687200406
889,409,"3 Female",0.257142857142857,0.092550057600125
890,410,"3 Female",0.228571428571429,0.0867433055905396
891,411,"3 Female",0.371428571428571,0.102092858660199
892,412,"3 Female",0.285714285714286,0.0957542946571195
893,413,"3 Female",0.428571428571429,0.137368689148421
894,414,"3 Female",0.242857142857143,0.0963854285820521
895,415,"3 Female",0.228571428571429,0.0818305793385166
896,416,"3 Female",0.442857142857143,0.163597894013834
897,417,"3 Female",0.114285714285714,0.0479080258531039
898,418,"3 Female",0.285714285714286,0.0890317298519901
899,419,"3 Female",0.214285714285714,0.0785290681971187
900,420,"3 Female",0.1,0.0414539081515265
901,421,"3 Female",0.185714285714286,0.0620320398842209
902,422,"3 Female",0.142857142857143,0.0620081951630308
903,423,"3 Female",0.242857142857143,0.0849691559814776
904,424,"3 Female",0.214285714285714,0.0671602550033482
905,425,"3 Female",0.257142857142857,0.0831215884231858
906,426,"3 Female",0.214285714285714,0.0640032903620315
907,427,"3 Female",0.3,0.0743501870243714
908,428,"3 Female",0.257142857142857,0.0752792297858365
909,429,"3 Female",0.285714285714286,0.0765261755590631
910,430,"3 Female",0.228571428571429,0.0843227275995357
911,431,"3 Female",0.457142857142857,0.189458981598578
912,432,"3 Female",0.328571428571429,0.110936963003437
913,433,"3 Female",0.328571428571429,0.116401227593486
914,434,"3 Female",0.314285714285714,0.0987349739971101
915,435,"3 Female",0.257142857142857,0.0724767808487693
916,436,"3 Female",0.2,0.059674756845377
917,437,"3 Female",0.442857142857143,0.132870388262021
918,438,"3 Female",0.7,0.295830235017164
919,439,"3 Female",0.542857142857143,0.154552334614755
920,440,"3 Female",0.171428571428571,0.0642569523880347
921,441,"3 Female",0.271428571428571,0.101584605726824
922,442,"3 Female",0.2,0.059674756845377
923,443,"3 Female",0.285714285714286,0.0866750843408272
924,444,"3 Female",0.314285714285714,0.0876253485897135
925,445,"3 Female",0.457142857142857,0.164921355604595
926,446,"3 Female",0.257142857142857,0.0805923060040179
927,447,"3 Female",0.242857142857143,0.0717590697644798
928,448,"3 Female",0.185714285714286,0.0652843981908834
929,449,"3 Female",0.242857142857143,0.0745884895168934
930,450,"3 Female",0.242857142857143,0.0717590697644798
931,451,"3 Female",0.271428571428571,0.101584605726824
932,452,"3 Female",0.185714285714286,0.0769309258162072
933,453,"3 Female",0.285714285714286,0.102034900745417
934,454,"3 Female",0.185714285714286,0.0549528581813639
935,455,"3 Female",0.214285714285714,0.0730661152793225
936,456,"3 Female",0.428571428571429,0.207091090840126
937,457,"3 Female",0.157142857142857,0.0524185823803323
938,458,"3 Female",0.2,0.063048832499128
939,459,"3 Female",0.171428571428571,0.0704067701296874
940,460,"3 Female",0.0285714285714286,0.020056117661801
941,461,"3 Female",0.328571428571429,0.107139406431665
942,462,"3 Female",0.485714285714286,0.187323810544849
943,463,"3 Female",0.1,0.0361157559257308
944,464,"3 Female",0.285714285714286,0.102034900745417
945,465,"3 Female",0.2,0.0560981098577004
946,466,"3 Female",0.271428571428571,0.0731470301604616
947,467,"3 Female",0.157142857142857,0.0524185823803323
948,468,"3 Female",0.357142857142857,0.149582876597926
949,469,"3 Female",0.671428571428571,0.37229155996294
950,470,"3 Female",0.328571428571429,0.0991087166233953
951,471,"3 Female",0.171428571428571,0.0574525767942717
952,472,"3 Female",0.328571428571429,0.0856625102425036
953,473,"3 Female",0.542857142857143,0.181648437878592
954,474,"3 Female",0.328571428571429,0.147752561007366
955,475,"3 Female",0.342857142857143,0.153476907692697
956,476,"3 Female",0.314285714285714,0.0852298248298127
957,477,"3 Female",0.142857142857143,0.0510174503727087
958,478,"3 Female",0.385714285714286,0.181200113737752
959,479,"3 Female",0.385714285714286,0.124266555720951
960,480,"3 Female",0.157142857142857,0.0483076505723
961,481,"3 Female",0.2,0.0777531263309991
962,482,"3 Female",0.228571428571429,0.089098146668278
963,483,"3 Female",0.228571428571429,0.0738512538148983
964,484,"3 Female",0.271428571428571,0.103602658245928
965,485,"3 Female",0.5,0.129898829879798
966,486,"3 Female",0.285714285714286,0.0957542946571195
967,487,"3 Female",0.285714285714286,0.109851880593462
968,488,"3 Female",0.371428571428571,0.125721814192043
969,489,"3 Female",0.171428571428571,0.0537282040026786
970,490,"3 Female",0.185714285714286,0.058599447926148
971,491,"3 Female",0.142857142857143,0.0510174503727087
972,492,"3 Female",0.185714285714286,0.058599447926148
973,493,"3 Female",0.342857142857143,0.142276251691302
974,494,"3 Female",0.285714285714286,0.0913275839786971
975,495,"3 Female",0.671428571428571,0.309090315967715
976,496,"3 Female",0.257142857142857,0.0855761481777588
977,497,"3 Female",0.328571428571429,0.0903671567049861
978,498,"3 Female",0.8,0.383187027620516
979,499,"3 Female",0.757142857142857,0.369900503820965
980,500,"3 Female",0.385714285714286,0.141410898784991
981,501,"3 Female",0.914285714285714,0.477980074059443
982,502,"3 Female",0.542857142857143,0.177030619622538
983,503,"3 Female",0.385714285714286,0.102338813611305
984,504,"3 Female",0.4,0.108442770015018
985,505,"3 Female",0.314285714285714,0.0776008183956576
986,506,"3 Female",0.228571428571429,0.0792601100171392
987,507,"3 Female",0.342857142857143,0.0994513193558578
988,508,"3 Female",0.342857142857143,0.0951966783649742
989,509,"3 Female",0.571428571428571,0.172151684008637
990,510,"3 Female",0.342857142857143,0.107456408005357
991,511,"3 Female",0.342857142857143,0.0785102340277155
992,512,"3 Female",0.6,0.189146497497384
993,513,"3 Female",0.4,0.112196219715401
994,514,"3 Female",0.528571428571429,0.101176165106633
995,515,"3 Female",0.285714285714286,0.0709090840146737
996,516,"3 Female",0.342857142857143,0.0785102340277155
997,517,"3 Female",0.471428571428571,0.116401227593486
998,518,"3 Female",0.271428571428571,0.0759247436363384
999,519,"3 Female",0.671428571428571,0.281758327475943
1000,520,"3 Female",0.3,0.0940243570046875
1001,521,"3 Female",0.4,0.0984349581896026
1002,522,"3 Female",0.4,0.15282027766982
1003,523,"3 Female",0.342857142857143,0.111243143479993
1004,524,"3 Female",0.5,0.201186954040739
1005,525,"3 Female",0.628571428571429,0.333232756195776
1006,526,"3 Female",0.442857142857143,0.173426930796078
1007,527,"3 Female",0.542857142857143,0.253085075824021
1008,528,"3 Female",0.271428571428571,0.0837066468154617
1009,529,"3 Female",0.285714285714286,0.0842525463742269
1010,530,"3 Female",0.142857142857143,0.0421262731871135
1011,531,"3 Female",0.371428571428571,0.125721814192043
1012,532,"3 Female",0.271428571428571,0.0786043597467211
1013,533,"3 Female",0.414285714285714,0.122926457407629
1014,534,"3 Female",0.471428571428571,0.107139406431665
1015,535,"3 Female",0.4,0.0984349581896026
1016,536,"3 Female",0.2,0.0803718068055742
1017,537,"3 Female",0.357142857142857,0.0814864855253749
1018,538,"3 Female",0.2,0.059674756845377
1019,539,"3 Female",0.2,0.0560981098577004
1020,540,"3 Female",0.385714285714286,0.100295334370155
1021,541,"3 Female",0.328571428571429,0.0806840028205749
1022,542,"3 Female",0.685714285714286,0.322093859462518
1023,543,"3 Female",0.442857142857143,0.146223281837861
1024,544,"3 Female",0.357142857142857,0.09766574654358
1025,545,"3 Female",0.371428571428571,0.0936303214221678
1026,546,"3 Female",0.5,0.157293359135589
1027,547,"3 Female",0.671428571428571,0.293279753650355
1028,548,"3 Female",0.642857142857143,0.317883603244137
1029,549,"3 Female",1.01428571428571,0.391151010082492
1030,550,"3 Female",1.01428571428571,0.459765381315574
1031,551,"3 Female",0.842857142857143,0.36037461201904
1032,552,"3 Female",0.671428571428571,0.150528989348005
1033,553,"3 Female",0.485714285714286,0.110976947493113
1034,554,"3 Female",0.4,0.0896277094095116
1035,555,"3 Female",0.642857142857143,0.125498120193644
1036,556,"3 Female",0.428571428571429,0.0852992019880889
1037,557,"3 Female",0.371428571428571,0.0818305793385166
1038,558,"3 Female",0.514285714285714,0.126659350027636
1039,559,"3 Female",0.471428571428571,0.0969972114846001
1040,560,"3 Female",0.6,0.155506252661998
1041,561,"3 Female",0.528571428571429,0.103202204727578
1042,562,"3 Female",0.571428571428571,0.116134120671009
1043,563,"3 Female",0.357142857142857,0.0864187750038938
1044,564,"3 Female",0.757142857142857,0.183632221205572
1045,565,"3 Female",0.471428571428571,0.112787802688829
1046,566,"3 Female",0.742857142857143,0.306375129867168
1047,567,"3 Female",0.742857142857143,0.362693920022674
1048,568,"3 Female",1.15714285714286,0.479663319762255
1049,569,"3 Female",0.471428571428571,0.126624317707777
1050,570,"3 Female",0.4,0.0896277094095116
1051,571,"3 Female",0.3,0.0622224686971358
1052,572,"3 Female",0.7,0.253627920689362
1053,573,"3 Female",0.671428571428571,0.150528989348005
1054,574,"3 Female",0.528571428571429,0.0926299178769567
1055,575,"3 Female",0.457142857142857,0.0879622408303129
1056,576,"3 Female",0.514285714285714,0.0970429397238738
1057,577,"3 Female",0.642857142857143,0.111521965426334
1058,578,"3 Female",0.457142857142857,0.103130531543901
1059,579,"3 Female",0.742857142857143,0.126565908959936
1060,580,"3 Female",0.542857142857143,0.0902852949645634
1061,581,"3 Female",0.428571428571429,0.0828364363360505
1062,582,"3 Female",0.628571428571429,0.163009263885194
1063,583,"3 Female",1.02857142857143,0.299738622210225
1064,584,"3 Female",0.557142857142857,0.106973641392058
1065,585,"3 Female",1.08571428571429,0.406338422907297
1066,586,"3 Female",0.557142857142857,0.0968140825393471
1067,587,"3 Female",0.457142857142857,0.0947607082958686
1068,588,"3 Female",0.642857142857143,0.167845579091573
1069,589,"3 Female",0.685714285714286,0.114285714285714
1070,590,"3 Female",0.414285714285714,0.0747469357698373
1071,591,"3 Female",0.485714285714286,0.0926778010116496
1072,592,"3 Female",0.457142857142857,0.092550057600125
1073,593,"3 Female",0.657142857142857,0.214278812863329
1074,594,"3 Female",0.7,0.192348458810112
1075,595,"3 Female",0.642857142857143,0.188747329966953
1076,596,"3 Female",0.485714285714286,0.101220005434439
1077,597,"3 Female",0.485714285714286,0.0832637982592793
1078,598,"3 Female",0.7,0.132424438394346
1079,599,"3 Female",0.485714285714286,0.078132597234864
1080,600,"3 Female",0.614285714285714,0.093898445522684
1081,601,"3 Female",0.6,0.173145303332931
1082,602,"3 Female",0.542857142857143,0.0969209498079901
1083,603,"3 Female",0.742857142857143,0.179354391175226
1084,604,"3 Female",0.5,0.103259507455329
1085,605,"3 Female",0.8,0.178096677400324
1086,606,"3 Female",0.614285714285714,0.183471083739294
1087,607,"3 Female",0.557142857142857,0.103030105322572
1088,608,"3 Female",0.671428571428571,0.1233108287421
1089,609,"3 Female",0.728571428571429,0.152170532771854
1090,610,"3 Female",1.01428571428571,0.431902171051919
1091,611,"3 Female",0.6,0.0941343913981088
1092,612,"3 Female",0.471428571428571,0.0725787316388612
1093,613,"3 Female",0.585714285714286,0.0965080954195778
1094,614,"3 Female",0.657142857142857,0.133259370198262
1095,615,"3 Female",0.457142857142857,0.0695615201620285
1096,616,"3 Female",0.628571428571429,0.115418813518634
1097,617,"3 Female",0.657142857142857,0.109366166140914
1098,618,"3 Female",0.371428571428571,0.0766034357256956
1099,619,"3 Female",0.657142857142857,0.0907427695291909
1100,620,"3 Female",0.728571428571429,0.131752683444378
1101,621,"3 Female",0.685714285714286,0.104837164760665
1102,622,"3 Female",0.614285714285714,0.111998330996987
1103,623,"3 Female",0.714285714285714,0.13052348359318
1104,624,"3 Female",1.17142857142857,0.543728188614274
1105,625,"3 Female",0.5,0.0970581776826274
1106,626,"3 Female",0.485714285714286,0.0857142857142857
1107,627,"3 Female",0.728571428571429,0.128571428571429
1108,628,"3 Female",0.628571428571429,0.113610843844683
1109,629,"3 Female",0.5,0.101234614658075
1110,630,"3 Female",0.657142857142857,0.113088972257504
1111,631,"3 Female",0.614285714285714,0.0916670027688711
1112,632,"3 Female",0.571428571428571,0.0945106796060517
1113,633,"3 Female",0.8,0.153090995822976
1114,634,"3 Female",0.728571428571429,0.0995256421517898
1115,635,"3 Female",0.571428571428571,0.0966765081834568
1116,636,"3 Female",0.857142857142857,0.132323892554098
1117,637,"3 Female",0.528571428571429,0.101176165106633
1118,638,"3 Female",0.857142857142857,0.214664950823596
1119,639,"3 Female",0.685714285714286,0.169694472914792
1120,640,"3 Female",0.942857142857143,0.166420996104443
1121,641,"3 Female",0.742857142857143,0.146294060320923
1122,642,"3 Female",0.671428571428571,0.101176165106633
1123,643,"3 Female",0.885714285714286,0.108715171273154
1124,644,"3 Female",0.7,0.100413224900855
1125,645,"3 Female",1.08571428571429,0.360436161560115
1126,646,"3 Female",0.757142857142857,0.122830176635146
1127,647,"3 Female",0.814285714285714,0.219441090481385
1128,648,"3 Female",0.871428571428571,0.143775515976749
1129,649,"3 Female",0.914285714285714,0.204243650565236
1130,650,"3 Female",0.8,0.119695957129759
1131,651,"3 Female",0.657142857142857,0.109366166140914
1132,652,"3 Female",0.928571428571429,0.316765111801192
1133,653,"3 Female",0.728571428571429,0.0995256421517898
1134,654,"3 Female",0.685714285714286,0.124682382634779
1135,655,"3 Female",0.728571428571429,0.107525197723692
1136,656,"3 Female",0.842857142857143,0.140445482133252
1137,657,"3 Female",0.614285714285714,0.100295334370155
1138,658,"3 Female",0.971428571428571,0.196207762208589
1139,659,"3 Female",0.757142857142857,0.126156290537245
1140,660,"3 Female",0.457142857142857,0.0831215884231858
1141,661,"3 Female",0.885714285714286,0.10679377224353
1142,662,"3 Female",0.614285714285714,0.0916670027688711
1143,663,"3 Female",0.628571428571429,0.0843227275995357
1144,664,"3 Female",0.785714285714286,0.123598322807265
1145,665,"3 Female",0.842857142857143,0.123166830060739
1146,666,"3 Female",0.714285714285714,0.111720697925086
1147,667,"3 Female",0.9,0.122347636263963
1148,668,"3 Female",0.842857142857143,0.124836479853283
1149,669,"3 Female",0.814285714285714,0.120888459006027
1150,670,"3 Female",0.757142857142857,0.0919890944245534
1151,671,"3 Female",0.671428571428571,0.0948387070812334
1152,672,"3 Female",0.671428571428571,0.0926299178769567
1153,673,"3 Female",0.685714285714286,0.100810087616063
1154,674,"3 Female",0.771428571428571,0.0979530215946141
1155,675,"3 Female",0.585714285714286,0.0921176157508316
1156,676,"3 Female",0.928571428571429,0.158043719311594
1157,677,"3 Female",0.714285714285714,0.0890317298519901
1158,678,"3 Female",0.842857142857143,0.108891866673434
1159,679,"3 Female",1.02857142857143,0.233766024635496
1160,680,"3 Female",1.65714285714286,0.638932117068651
1161,681,"3 Female",0.842857142857143,0.0989294963743562
1162,682,"3 Female",0.842857142857143,0.106973641392058
1163,683,"3 Female",1.04285714285714,0.100589801634372
1164,684,"3 Female",0.785714285714286,0.0907590652587879
1165,685,"3 Female",0.9,0.117161034796276
1166,686,"3 Female",0.8,0.0967376764959249
1167,687,"3 Female",1.08571428571429,0.119942804076069
1168,688,"3 Female",0.771428571428571,0.109905716362728
1169,689,"3 Female",0.8,0.10690449676497
1170,690,"3 Female",0.757142857142857,0.124504341157927
1171,691,"3 Female",1.25714285714286,0.350501394358854
1172,692,"3 Female",0.957142857142857,0.213843574227497
1173,693,"3 Female",1.04285714285714,0.114091449800062
1174,694,"3 Female",0.9,0.106029411131274
1175,695,"3 Female",0.942857142857143,0.128513904776069
1176,696,"3 Female",0.885714285714286,0.144667616672884
1177,697,"3 Female",1.01428571428571,0.28085410780834
1178,698,"3 Female",0.8,0.148978578920681
1179,699,"3 Female",0.9,0.128938973158513
1180,700,"3 Female",0.785714285714286,0.0973624360392325
1181,701,"3 Female",0.785714285714286,0.0860758420043187
1182,702,"3 Female",0.871428571428571,0.118516413189096
1183,703,"3 Female",1.38571428571429,0.611583444327856
1184,704,"3 Female",0.828571428571429,0.109528310286495
1185,705,"3 Female",1.05714285714286,0.24153213014124
1186,706,"3 Female",0.957142857142857,0.13564616357202
1187,707,"3 Female",0.842857142857143,0.103030105322572
1188,708,"3 Female",0.8,0.112564681198927
1189,709,"3 Female",0.857142857142857,0.102324362038316
1190,710,"3 Female",0.757142857142857,0.102627417719587
1191,711,"3 Female",1.31428571428571,0.28162708051875
1192,712,"3 Female",0.985714285714286,0.138750497946033
1193,713,"3 Female",0.828571428571429,0.103702530004673
1194,714,"3 Female",0.857142857142857,0.100280588309005
1195,715,"3 Female",0.685714285714286,0.0922299249992391
1196,716,"3 Female",0.957142857142857,0.179065568898935
1197,717,"3 Female",1.38571428571429,0.168162468446868
1198,718,"3 Female",1.88571428571429,0.21004077011598
1199,719,"3 Female",1.61428571428571,0.154025161482509
1200,720,"3 Female",1.42857142857143,0.153052351118126
1201,721,"3 Female",1.35714285714286,0.164103328411525
1202,722,"3 Female",1.12857142857143,0.121960229358201
1203,723,"3 Female",1.4,0.188048714009375
1204,724,"3 Female",1.21428571428571,0.137852288611046
1205,725,"3 Female",1.61428571428571,0.17773926182397
1206,726,"3 Female",1.7,0.148630741465178
1207,727,"3 Female",1.57142857142857,0.29175802431137
1208,728,"3 Female",1.22857142857143,0.170459649659625
1209,729,"3 Female",1.51428571428571,0.385955756023677
1210,730,"3 Female",1.6,0.364808012697589
1211,731,"3 Female",1.24285714285714,0.337102324124148
1212,732,"3 Female",0.857142857142857,0.154015559814235
1213,733,"3 Female",0.871428571428571,0.172572100419626
1214,734,"3 Female",0.742857142857143,0.132948275696407
1215,735,"3 Female",1.35714285714286,0.30047286011023
1216,736,"3 Female",0.857142857142857,0.156681045486646
1217,737,"3 Female",0.542857142857143,0.114544221094812
1218,738,"3 Female",0.828571428571429,0.235530702083147
1219,739,"3 Female",0.742857142857143,0.158520220034278
1220,740,"3 Female",0.528571428571429,0.118166511585216
1221,741,"3 Female",0.485714285714286,0.142068214949388
1222,742,"3 Female",0.628571428571429,0.198515639272548
1223,743,"3 Female",0.671428571428571,0.163706332753545
1224,744,"3 Female",0.414285714285714,0.102742632370205
1225,745,"3 Female",0.528571428571429,0.189498005879945
1226,746,"3 Female",0.514285714285714,0.150558459571673
1227,747,"3 Female",0.685714285714286,0.163480337542739
1228,748,"3 Female",1.2,0.360354093169161
1229,749,"3 Female",0.557142857142857,0.141911987254741
1230,750,"3 Female",0.385714285714286,0.145737017672325
1231,751,"3 Female",0.314285714285714,0.0827649948080245
1232,752,"3 Female",0.442857142857143,0.141911987254741
1233,753,"3 Female",0.485714285714286,0.146374908108427
1234,754,"3 Female",0.414285714285714,0.11951048732598
1235,755,"3 Female",0.5,0.175932887637249
1236,756,"3 Female",0.228571428571429,0.0958160517062079
1237,757,"3 Female",0.357142857142857,0.131932152532775
1238,758,"3 Female",0.328571428571429,0.107139406431665
1239,759,"3 Female",0.228571428571429,0.0958160517062079
1240,760,"3 Female",0.214285714285714,0.0785290681971187
1241,761,"3 Female",0.171428571428571,0.0732884162405143
1242,762,"3 Female",0.357142857142857,0.165360155632151
1243,763,"3 Female",0.3,0.102454352811083
1244,764,"3 Female",0.157142857142857,0.0562297648377789
1245,765,"3 Female",0.271428571428571,0.114969486583667
1246,766,"3 Female",0.185714285714286,0.0769309258162072
1247,767,"3 Female",0.157142857142857,0.072333808336442
1248,768,"3 Female",0.357142857142857,0.162836800879877
1249,769,"3 Female",0.0571428571428571,0.0345675100015575
1250,770,"3 Female",0.228571428571429,0.139759374062253
1251,771,"3 Female",0.271428571428571,0.133314846396576
1252,772,"3 Female",0.142857142857143,0.0620081951630308
1253,773,"3 Female",0.157142857142857,0.0878444755129346
1254,774,"3 Female",0.285714285714286,0.127311517229992
1255,775,"3 Female",0.214285714285714,0.113102048394711
1256,776,"3 Female",0.342857142857143,0.202352330213266
1257,777,"3 Female",0.442857142857143,0.250577564131864
1258,778,"3 Female",0.314285714285714,0.235153671743642
1259,779,"3 Female",0.414285714285714,0.22613217075703
1260,780,"3 Female",0.242857142857143,0.200863265591456
1261,781,"3 Female",0.557142857142857,0.436262933940435
1262,782,"3 Female",0.0714285714285714,0.058700307635766
1263,783,"3 Female",0.0857142857142857,0.0528400733447595
1264,784,"3 Female",0.0428571428571429,0.0428571428571429
1265,785,"3 Female",0,0
1266,786,"3 Female",0.0857142857142857,0.0601683529854029
1267,787,"3 Female",0.0571428571428571,0.0571428571428571
1268,788,"3 Female",0.0428571428571429,0.0428571428571429
1269,789,"3 Female",0.0714285714285714,0.0714285714285714
1270,790,"3 Female",0.142857142857143,0.129156707881441
1271,791,"3 Female",0,0
1272,792,"3 Female",0.0428571428571429,0.0428571428571429
1273,793,"3 Female",0.371428571428571,0.343632663284435
1274,794,"3 Female",0,0
1275,795,"3 Female",0,0
1276,796,"3 Female",0,0
1277,797,"3 Female",0.0428571428571429,0.0428571428571429
1278,798,"3 Female",0.0428571428571429,0.0428571428571429
1279,799,"3 Female",0,0
1280,800,"3 Female",0,0
1281,801,"3 Female",0,0
1282,802,"3 Female",0,0
1283,803,"3 Female",0,0
1284,804,"3 Female",0.0142857142857143,0.0142857142857143
1285,805,"3 Female",0.0285714285714286,0.0285714285714286
1286,806,"3 Female",0.0428571428571429,0.0428571428571429
1287,807,"3 Female",0,0
1288,808,"3 Female",0,0
1289,809,"3 Female",0.0285714285714286,0.0285714285714286
1290,810,"3 Female",0,0
1291,811,"3 Female",0,0
1292,812,"3 Female",0,0
1293,813,"3 Female",0.0285714285714286,0.0285714285714286
1294,814,"3 Female",0.0142857142857143,0.0142857142857143
1295,815,"3 Female",0.0428571428571429,0.0428571428571429
1296,816,"3 Female",0,0
1297,817,"3 Female",0,0
1298,818,"3 Female",0,0
1299,819,"3 Female",0,0
1300,820,"3 Female",0,0
1301,821,"3 Female",0,0
1302,822,"3 Female",0,0
1303,823,"3 Female",0,0
1304,824,"3 Female",0,0
1305,825,"3 Female",0,0
1306,826,"3 Female",0,0
1307,827,"3 Female",0,0
1308,828,"3 Female",0,0
1309,829,"3 Female",0,0
1310,830,"3 Female",0,0
1311,831,"3 Female",0,0
1312,832,"3 Female",0,0
1313,833,"3 Female",0.0571428571428571,0.0571428571428571
1314,834,"3 Female",0,0
1315,835,"3 Female",0,0
1316,836,"3 Female",0,0
1317,837,"3 Female",0.0142857142857143,0.0142857142857143
1318,838,"3 Female",0,0
1319,839,"3 Female",0,0
1320,840,"3 Female",0,0
1321,841,"3 Female",0,0
1322,842,"3 Female",0,0
1323,843,"3 Female",0,0
1324,844,"3 Female",0,0
1325,845,"3 Female",0,0
1326,846,"3 Female",0,0
1327,847,"3 Female",0,0
1328,848,"3 Female",0.0285714285714286,0.0285714285714286
1329,849,"3 Female",0,0
1330,850,"3 Female",0,0
1331,851,"3 Female",0,0
1332,852,"3 Female",0,0
1333,853,"3 Female",0,0
1334,854,"3 Female",0.0142857142857143,0.0142857142857143
1335,855,"3 Female",0,0
1336,856,"3 Female",0,0
1337,857,"3 Female",0,0
1338,858,"3 Female",0,0
1339,859,"3 Female",0.0285714285714286,0.020056117661801
1340,860,"3 Female",0.1,0.1
1341,861,"3 Female",0.114285714285714,0.0776008183956576
1342,862,"3 Female",0.0571428571428571,0.0571428571428571
1343,863,"3 Female",0.0571428571428571,0.0571428571428571
1344,864,"3 Female",0.157142857142857,0.114453810126486
1345,865,"3 Female",0.142857142857143,0.102324362038316
1346,866,"3 Female",0.357142857142857,0.316578312367697
1347,867,"3 Female",0.0142857142857143,0.0142857142857143
1348,868,"3 Female",0.0285714285714286,0.0285714285714286
1349,869,"3 Female",0.0285714285714286,0.0285714285714286
1350,870,"3 Female",0,0
1351,871,"3 Female",0.0714285714285714,0.058700307635766
1352,872,"3 Female",0.185714285714286,0.185714285714286
1353,873,"3 Female",0.171428571428571,0.171428571428571
1354,874,"3 Female",0,0
1355,875,"3 Female",0,0
1356,876,"3 Female",0,0
1357,877,"3 Female",0.0571428571428571,0.0571428571428571
1358,878,"3 Female",0.0142857142857143,0.0142857142857143
1359,879,"3 Female",0.0714285714285714,0.0714285714285714
1360,880,"3 Female",0.0142857142857143,0.0142857142857143
1361,881,"3 Female",0,0
1362,882,"3 Female",0.0285714285714286,0.0285714285714286
1363,883,"3 Female",0,0
1364,884,"3 Female",0.0142857142857143,0.0142857142857143
1365,885,"3 Female",0,0
1366,886,"3 Female",0,0
1367,887,"3 Female",0.0142857142857143,0.0142857142857143
1368,888,"3 Female",0.0142857142857143,0.0142857142857143
1369,889,"3 Female",0.0428571428571429,0.0428571428571429
1370,890,"3 Female",0.0285714285714286,0.0285714285714286
1371,891,"3 Female",0,0
1372,892,"3 Female",0.0428571428571429,0.0317581067442798
1373,893,"3 Female",0.0142857142857143,0.0142857142857143
1374,894,"3 Female",0,0
1375,895,"3 Female",0,0
1376,896,"3 Female",0,0
1377,897,"3 Female",0,0
1378,898,"3 Female",0,0
1379,899,"3 Female",0.0571428571428571,0.0571428571428571
1380,900,"3 Female",0,0
1381,901,"3 Female",0,0
1382,902,"3 Female",0.0285714285714286,0.0285714285714286
1383,903,"3 Female",0,0
1384,904,"3 Female",0,0
1385,905,"3 Female",0,0
1386,906,"3 Female",0.0285714285714286,0.0285714285714286
1387,907,"3 Female",0.0142857142857143,0.0142857142857143
1388,908,"3 Female",0.1,0.1
1389,909,"3 Female",0,0
1390,910,"3 Female",0,0
1391,911,"3 Female",0,0
1392,912,"3 Female",0,0
1393,913,"3 Female",0,0
1394,914,"3 Female",0,0
1395,915,"3 Female",0.0142857142857143,0.0142857142857143
1396,916,"3 Female",0.0285714285714286,0.020056117661801
1397,917,"3 Female",0.0142857142857143,0.0142857142857143
1398,918,"3 Female",0.0857142857142857,0.0857142857142857
1399,919,"3 Female",0.0285714285714286,0.020056117661801
1400,920,"3 Female",0,0
1401,921,"3 Female",0.0285714285714286,0.0285714285714286
1402,922,"3 Female",0.0285714285714286,0.0285714285714286
1403,923,"3 Female",0,0
1404,924,"3 Female",0,0
1405,925,"3 Female",0.1,0.061553390449076
1406,926,"3 Female",0.0142857142857143,0.0142857142857143
1407,927,"3 Female",0.0428571428571429,0.0428571428571429
1408,928,"3 Female",0,0
1409,929,"3 Female",0.0571428571428571,0.0571428571428571
1410,930,"3 Female",0.0285714285714286,0.0285714285714286
1411,931,"3 Female",0.0428571428571429,0.0428571428571429
1412,932,"3 Female",0.0142857142857143,0.0142857142857143
1413,933,"3 Female",0.0285714285714286,0.0285714285714286
1414,934,"3 Female",0,0
1415,935,"3 Female",0,0
1416,936,"3 Female",0,0
1417,937,"3 Female",0,0
1418,938,"3 Female",0,0
1419,939,"3 Female",0,0
1420,940,"3 Female",0,0
1421,941,"3 Female",0.0142857142857143,0.0142857142857143
1422,942,"3 Female",0,0
1423,943,"3 Female",0,0
1424,944,"3 Female",0,0
1425,945,"3 Female",0,0
1426,946,"3 Female",0.0285714285714286,0.0285714285714286
1427,947,"3 Female",0.0428571428571429,0.0428571428571429
1428,948,"3 Female",0.0428571428571429,0.0428571428571429
1429,949,"3 Female",0.0142857142857143,0.0142857142857143
1430,950,"3 Female",0,0
1431,951,"3 Female",0,0
1432,952,"3 Female",0.0428571428571429,0.0428571428571429
1433,953,"3 Female",0,0
1434,954,"3 Female",0,0
1435,955,"3 Female",0,0
1436,956,"3 Female",0.185714285714286,0.185714285714286
1437,957,"3 Female",0.114285714285714,0.114285714285714
1438,958,"3 Female",0.0142857142857143,0.0142857142857143
1439,959,"3 Female",0,0
0,960,"4 Female",0.0142857142857143,0.0142857142857143
1,961,"4 Female",0.0285714285714286,0.0285714285714286
2,962,"4 Female",0.0428571428571429,0.0317581067442798
3,963,"4 Female",0,0
4,964,"4 Female",0.0571428571428571,0.0345675100015575
5,965,"4 Female",0.0571428571428571,0.0571428571428571
6,966,"4 Female",0.0285714285714286,0.0285714285714286
7,967,"4 Female",0.0571428571428571,0.0401122353236019
8,968,"4 Female",0.142857142857143,0.102324362038316
9,969,"4 Female",0.0428571428571429,0.0317581067442798
10,970,"4 Female",0.114285714285714,0.0594761714133181
11,971,"4 Female",0.0285714285714286,0.0285714285714286
12,972,"4 Female",0.0142857142857143,0.0142857142857143
13,973,"4 Female",0.0714285714285714,0.051162181019158
14,974,"4 Female",0.0571428571428571,0.0449785515285259
15,975,"4 Female",0.0428571428571429,0.0428571428571429
16,976,"4 Female",0.0285714285714286,0.0285714285714286
17,977,"4 Female",0.0571428571428571,0.0401122353236019
18,978,"4 Female",0,0
19,979,"4 Female",0.0142857142857143,0.0142857142857143
20,980,"4 Female",0.0142857142857143,0.0142857142857143
21,981,"4 Female",0.0285714285714286,0.0285714285714286
22,982,"4 Female",0.0857142857142857,0.0726398334302124
23,983,"4 Female",0.0285714285714286,0.0285714285714286
24,984,"4 Female",0.185714285714286,0.100295334370155
25,985,"4 Female",0.0285714285714286,0.0285714285714286
26,986,"4 Female",0,0
27,987,"4 Female",0,0
28,988,"4 Female",0.0285714285714286,0.0285714285714286
29,989,"4 Female",0,0
30,990,"4 Female",0.0285714285714286,0.020056117661801
31,991,"4 Female",0.2,0.2
32,992,"4 Female",0.171428571428571,0.157584547712046
33,993,"4 Female",0,0
34,994,"4 Female",0.0285714285714286,0.020056117661801
35,995,"4 Female",0.0142857142857143,0.0142857142857143
36,996,"4 Female",0.0714285714285714,0.0714285714285714
37,997,"4 Female",0.0285714285714286,0.0285714285714286
38,998,"4 Female",0,0
39,999,"4 Female",0.0142857142857143,0.0142857142857143
40,1000,"4 Female",0.0142857142857143,0.0142857142857143
41,1001,"4 Female",0.0285714285714286,0.0285714285714286
42,1002,"4 Female",0.0428571428571429,0.0428571428571429
43,1003,"4 Female",0.0714285714285714,0.0714285714285714
44,1004,"4 Female",0.228571428571429,0.127357972811626
45,1005,"4 Female",0.128571428571429,0.0885153098112689
46,1006,"4 Female",0.257142857142857,0.155886185436105
47,1007,"4 Female",0.414285714285714,0.225214741916106
48,1008,"4 Female",0.0142857142857143,0.0142857142857143
49,1009,"4 Female",0,0
50,1010,"4 Female",0.2,0.2
51,1011,"4 Female",0.0142857142857143,0.0142857142857143
52,1012,"4 Female",0.0428571428571429,0.0317581067442798
53,1013,"4 Female",0.0285714285714286,0.0285714285714286
54,1014,"4 Female",0.128571428571429,0.114969486583667
55,1015,"4 Female",0.0285714285714286,0.0285714285714286
56,1016,"4 Female",0.0857142857142857,0.0601683529854029
57,1017,"4 Female",0.0857142857142857,0.048764686773641
58,1018,"4 Female",0.0571428571428571,0.0449785515285259
59,1019,"4 Female",0.0285714285714286,0.0285714285714286
60,1020,"4 Female",0.0714285714285714,0.0714285714285714
61,1021,"4 Female",0.0857142857142857,0.0857142857142857
62,1022,"4 Female",0,0
63,1023,"4 Female",0.0857142857142857,0.0601683529854029
64,1024,"4 Female",0,0
65,1025,"4 Female",0.0857142857142857,0.0601683529854029
66,1026,"4 Female",0.0428571428571429,0.0428571428571429
67,1027,"4 Female",0.0285714285714286,0.0285714285714286
68,1028,"4 Female",0.1,0.061553390449076
69,1029,"4 Female",0.185714285714286,0.139939142559295
70,1030,"4 Female",0,0
71,1031,"4 Female",0.1,0.0709299365615191
72,1032,"4 Female",0.0142857142857143,0.0142857142857143
73,1033,"4 Female",0,0
74,1034,"4 Female",0.0428571428571429,0.0317581067442798
75,1035,"4 Female",0,0
76,1036,"4 Female",0,0
77,1037,"4 Female",0,0
78,1038,"4 Female",0,0
79,1039,"4 Female",0,0
80,1040,"4 Female",0,0
81,1041,"4 Female",0,0
82,1042,"4 Female",0.0142857142857143,0.0142857142857143
83,1043,"4 Female",0,0
84,1044,"4 Female",0,0
85,1045,"4 Female",0,0
86,1046,"4 Female",0,0
87,1047,"4 Female",0,0
88,1048,"4 Female",0,0
89,1049,"4 Female",0.0142857142857143,0.0142857142857143
90,1050,"4 Female",0.0714285714285714,0.0714285714285714
91,1051,"4 Female",0,0
92,1052,"4 Female",0.0714285714285714,0.0714285714285714
93,1053,"4 Female",0.1,0.0765454979114879
94,1054,"4 Female",0.142857142857143,0.142857142857143
95,1055,"4 Female",0.0571428571428571,0.0401122353236019
96,1056,"4 Female",0.0285714285714286,0.0285714285714286
97,1057,"4 Female",0.114285714285714,0.0827649948080245
98,1058,"4 Female",0.0428571428571429,0.0317581067442798
99,1059,"4 Female",0,0
100,1060,"4 Female",0.0142857142857143,0.0142857142857143
101,1061,"4 Female",0,0
102,1062,"4 Female",0,0
103,1063,"4 Female",0.114285714285714,0.114285714285714
104,1064,"4 Female",0.0857142857142857,0.0857142857142857
105,1065,"4 Female",0,0
106,1066,"4 Female",0.0142857142857143,0.0142857142857143
107,1067,"4 Female",0.0428571428571429,0.0428571428571429
108,1068,"4 Female",0.0428571428571429,0.0428571428571429
109,1069,"4 Female",0,0
110,1070,"4 Female",0,0
111,1071,"4 Female",0.0428571428571429,0.0428571428571429
112,1072,"4 Female",0.0857142857142857,0.0726398334302124
113,1073,"4 Female",0,0
114,1074,"4 Female",0.0285714285714286,0.020056117661801
115,1075,"4 Female",0.0428571428571429,0.0428571428571429
116,1076,"4 Female",0.0285714285714286,0.0285714285714286
117,1077,"4 Female",0.2,0.134364542300948
118,1078,"4 Female",0,0
119,1079,"4 Female",0,0
120,1080,"4 Female",0.114285714285714,0.0827649948080245
121,1081,"4 Female",0.0428571428571429,0.0428571428571429
122,1082,"4 Female",0.128571428571429,0.0908242189392959
123,1083,"4 Female",0.0428571428571429,0.0317581067442798
124,1084,"4 Female",0.0428571428571429,0.0317581067442798
125,1085,"4 Female",0.0285714285714286,0.0285714285714286
126,1086,"4 Female",0.0714285714285714,0.0469413473569821
127,1087,"4 Female",0.0714285714285714,0.0714285714285714
128,1088,"4 Female",0.228571428571429,0.115418813518634
129,1089,"4 Female",0.0571428571428571,0.0449785515285259
130,1090,"4 Female",0.0428571428571429,0.0428571428571429
131,1091,"4 Female",0.1,0.0737911551310139
132,1092,"4 Female",0.0285714285714286,0.020056117661801
133,1093,"4 Female",0.0857142857142857,0.0635162134885596
134,1094,"4 Female",0.0285714285714286,0.020056117661801
135,1095,"4 Female",0.0285714285714286,0.020056117661801
136,1096,"4 Female",0.0714285714285714,0.0469413473569821
137,1097,"4 Female",0.0571428571428571,0.0401122353236019
138,1098,"4 Female",0.171428571428571,0.105680146689519
139,1099,"4 Female",0.0857142857142857,0.0601683529854029
140,1100,"4 Female",0.0285714285714286,0.0285714285714286
141,1101,"4 Female",0.0142857142857143,0.0142857142857143
142,1102,"4 Female",0.328571428571429,0.227254227420545
143,1103,"4 Female",0.142857142857143,0.108224355352171
144,1104,"4 Female",0.114285714285714,0.0558868167910658
145,1105,"4 Female",0.0142857142857143,0.0142857142857143
146,1106,"4 Female",0.128571428571429,0.114969486583667
147,1107,"4 Female",0.0428571428571429,0.0317581067442798
148,1108,"4 Female",0.0142857142857143,0.0142857142857143
149,1109,"4 Female",0.171428571428571,0.103702530004673
150,1110,"4 Female",0,0
151,1111,"4 Female",0.528571428571429,0.368378141174258
152,1112,"4 Female",0.0857142857142857,0.0528400733447595
153,1113,"4 Female",0.1,0.0737911551310139
154,1114,"4 Female",0.3,0.200774896354627
155,1115,"4 Female",0.242857142857143,0.177905590946858
156,1116,"4 Female",0.0714285714285714,0.042301435161713
157,1117,"4 Female",0.0571428571428571,0.0401122353236019
158,1118,"4 Female",0.0428571428571429,0.0317581067442798
159,1119,"4 Female",0.0571428571428571,0.0571428571428571
160,1120,"4 Female",0.0285714285714286,0.020056117661801
161,1121,"4 Female",0.0857142857142857,0.0601683529854029
162,1122,"4 Female",0.0857142857142857,0.0635162134885596
163,1123,"4 Female",0.1,0.0866921446863011
164,1124,"4 Female",0.0714285714285714,0.051162181019158
165,1125,"4 Female",0.128571428571429,0.0952743202328394
166,1126,"4 Female",0.2,0.173384289372602
167,1127,"4 Female",0.0428571428571429,0.0428571428571429
168,1128,"4 Female",0.0285714285714286,0.0285714285714286
169,1129,"4 Female",0.0285714285714286,0.020056117661801
170,1130,"4 Female",0.242857142857143,0.129396935790668
171,1131,"4 Female",0.257142857142857,0.243070178149175
172,1132,"4 Female",0.214285714285714,0.120201447790251
173,1133,"4 Female",0.142857142857143,0.0870156557287864
174,1134,"4 Female",0.0857142857142857,0.0528400733447595
175,1135,"4 Female",0.228571428571429,0.125721814192043
176,1136,"4 Female",0.171428571428571,0.0996296009199752
177,1137,"4 Female",0.0714285714285714,0.0469413473569821
178,1138,"4 Female",0.171428571428571,0.0953829126708608
179,1139,"4 Female",0.0142857142857143,0.0142857142857143
180,1140,"4 Female",0.157142857142857,0.0968140825393471
181,1141,"4 Female",0.0285714285714286,0.0285714285714286
182,1142,"4 Female",0,0
183,1143,"4 Female",0.0428571428571429,0.0428571428571429
184,1144,"4 Female",0,0
185,1145,"4 Female",0.1,0.1
186,1146,"4 Female",0.0285714285714286,0.0285714285714286
187,1147,"4 Female",0,0
188,1148,"4 Female",0.0285714285714286,0.0285714285714286
189,1149,"4 Female",0.0857142857142857,0.0635162134885596
190,1150,"4 Female",0.0571428571428571,0.0571428571428571
191,1151,"4 Female",0,0
192,1152,"4 Female",0,0
193,1153,"4 Female",0,0
194,1154,"4 Female",0.0571428571428571,0.0571428571428571
195,1155,"4 Female",0.0142857142857143,0.0142857142857143
196,1156,"4 Female",0,0
197,1157,"4 Female",0.0857142857142857,0.0857142857142857
198,1158,"4 Female",0.0285714285714286,0.0285714285714286
199,1159,"4 Female",0.0142857142857143,0.0142857142857143
200,1160,"4 Female",0.1,0.0765454979114879
201,1161,"4 Female",0,0
202,1162,"4 Female",0,0
203,1163,"4 Female",0.0428571428571429,0.0317581067442798
204,1164,"4 Female",0.0142857142857143,0.0142857142857143
205,1165,"4 Female",0.0142857142857143,0.0142857142857143
206,1166,"4 Female",0,0
207,1167,"4 Female",0,0
208,1168,"4 Female",0,0
209,1169,"4 Female",0,0
210,1170,"4 Female",0,0
211,1171,"4 Female",0,0
212,1172,"4 Female",0.0142857142857143,0.0142857142857143
213,1173,"4 Female",0.0714285714285714,0.0714285714285714
214,1174,"4 Female",0.0428571428571429,0.0428571428571429
215,1175,"4 Female",0.0857142857142857,0.0857142857142857
216,1176,"4 Female",0,0
217,1177,"4 Female",0,0
218,1178,"4 Female",0.0428571428571429,0.0428571428571429
219,1179,"4 Female",0,0
220,1180,"4 Female",0.0571428571428571,0.0571428571428571
221,1181,"4 Female",0,0
222,1182,"4 Female",0,0
223,1183,"4 Female",0.0428571428571429,0.0317581067442798
224,1184,"4 Female",0.0571428571428571,0.0401122353236019
225,1185,"4 Female",0.1,0.1
226,1186,"4 Female",0.0285714285714286,0.020056117661801
227,1187,"4 Female",0.0428571428571429,0.0317581067442798
228,1188,"4 Female",0.0714285714285714,0.0714285714285714
229,1189,"4 Female",0,0
230,1190,"4 Female",0,0
231,1191,"4 Female",0.0285714285714286,0.0285714285714286
232,1192,"4 Female",0.0285714285714286,0.0285714285714286
233,1193,"4 Female",0.0571428571428571,0.0571428571428571
234,1194,"4 Female",0.0142857142857143,0.0142857142857143
235,1195,"4 Female",0.128571428571429,0.0759247436363384
236,1196,"4 Female",0.0571428571428571,0.0401122353236019
237,1197,"4 Female",0.0142857142857143,0.0142857142857143
238,1198,"4 Female",0.0142857142857143,0.0142857142857143
239,1199,"4 Female",0.0428571428571429,0.0317581067442798
240,1200,"4 Female",0.0285714285714286,0.0285714285714286
241,1201,"4 Female",0.185714285714286,0.104342280243043
242,1202,"4 Female",0.0428571428571429,0.0428571428571429
243,1203,"4 Female",0.142857142857143,0.096062682877919
244,1204,"4 Female",0.0142857142857143,0.0142857142857143
245,1205,"4 Female",0.1,0.0709299365615191
246,1206,"4 Female",0.0857142857142857,0.0857142857142857
247,1207,"4 Female",0.0285714285714286,0.0285714285714286
248,1208,"4 Female",0.114285714285714,0.0876253485897135
249,1209,"4 Female",0.0428571428571429,0.0317581067442798
250,1210,"4 Female",0.0571428571428571,0.0401122353236019
251,1211,"4 Female",0.0857142857142857,0.0726398334302124
252,1212,"4 Female",0.0571428571428571,0.0449785515285259
253,1213,"4 Female",0.0428571428571429,0.0428571428571429
254,1214,"4 Female",0.0428571428571429,0.0317581067442798
255,1215,"4 Female",0.1,0.0737911551310139
256,1216,"4 Female",0.142857142857143,0.096062682877919
257,1217,"4 Female",0.0714285714285714,0.0714285714285714
258,1218,"4 Female",0.0714285714285714,0.0714285714285714
259,1219,"4 Female",0.0142857142857143,0.0142857142857143
260,1220,"4 Female",0.1,0.058092522761782
261,1221,"4 Female",0.0428571428571429,0.0317581067442798
262,1222,"4 Female",0.0857142857142857,0.0726398334302124
263,1223,"4 Female",0.0714285714285714,0.058700307635766
264,1224,"4 Female",0.0142857142857143,0.0142857142857143
265,1225,"4 Female",0.0714285714285714,0.051162181019158
266,1226,"4 Female",0.0285714285714286,0.020056117661801
267,1227,"4 Female",0.0714285714285714,0.058700307635766
268,1228,"4 Female",0.0142857142857143,0.0142857142857143
269,1229,"4 Female",0,0
270,1230,"4 Female",0,0
271,1231,"4 Female",0.1,0.0765454979114879
272,1232,"4 Female",0.114285714285714,0.0558868167910658
273,1233,"4 Female",0.1,0.0648297659314349
274,1234,"4 Female",0.0142857142857143,0.0142857142857143
275,1235,"4 Female",0.0714285714285714,0.058700307635766
276,1236,"4 Female",0.0714285714285714,0.042301435161713
277,1237,"4 Female",0.1,0.058092522761782
278,1238,"4 Female",0.0142857142857143,0.0142857142857143
279,1239,"4 Female",0.128571428571429,0.0837066468154617
280,1240,"4 Female",0.0857142857142857,0.0726398334302124
281,1241,"4 Female",0.0571428571428571,0.0449785515285259
282,1242,"4 Female",0.0571428571428571,0.0345675100015575
283,1243,"4 Female",0.0428571428571429,0.0317581067442798
284,1244,"4 Female",0.0142857142857143,0.0142857142857143
285,1245,"4 Female",0.142857142857143,0.096062682877919
286,1246,"4 Female",0.0571428571428571,0.0449785515285259
287,1247,"4 Female",0.0714285714285714,0.0714285714285714
288,1248,"4 Female",0.0285714285714286,0.0285714285714286
289,1249,"4 Female",0.114285714285714,0.0776008183956576
290,1250,"4 Female",0.1,0.058092522761782
291,1251,"4 Female",0.0428571428571429,0.0317581067442798
292,1252,"4 Female",0.271428571428571,0.231943296928882
293,1253,"4 Female",0.0428571428571429,0.0317581067442798
294,1254,"4 Female",0,0
295,1255,"4 Female",0.114285714285714,0.0802244706472039
296,1256,"4 Female",0.0857142857142857,0.0635162134885596
297,1257,"4 Female",0.0428571428571429,0.0317581067442798
298,1258,"4 Female",0.0428571428571429,0.0317581067442798
299,1259,"4 Female",0.114285714285714,0.0827649948080245
300,1260,"4 Female",0.114285714285714,0.0660724777489302
301,1261,"4 Female",0.157142857142857,0.106973641392058
302,1262,"4 Female",0.0857142857142857,0.0635162134885596
303,1263,"4 Female",0.157142857142857,0.110776880722347
304,1264,"4 Female",0.1,0.0648297659314349
305,1265,"4 Female",0.0857142857142857,0.0601683529854029
306,1266,"4 Female",0.1,0.058092522761782
307,1267,"4 Female",0.0285714285714286,0.0285714285714286
308,1268,"4 Female",0.114285714285714,0.0594761714133181
309,1269,"4 Female",0.1,0.0504636884396263
310,1270,"4 Female",0.0857142857142857,0.0601683529854029
311,1271,"4 Female",0.157142857142857,0.072333808336442
312,1272,"4 Female",0.0285714285714286,0.020056117661801
313,1273,"4 Female",0.0857142857142857,0.048764686773641
314,1274,"4 Female",0.214285714285714,0.114918023068741
315,1275,"4 Female",0.0142857142857143,0.0142857142857143
316,1276,"4 Female",0.0285714285714286,0.020056117661801
317,1277,"4 Female",0.128571428571429,0.0702595854410431
318,1278,"4 Female",0.0857142857142857,0.0443160918988022
319,1279,"4 Female",0.0857142857142857,0.0528400733447595
320,1280,"4 Female",0.228571428571429,0.148381786914574
321,1281,"4 Female",0.1,0.0504636884396263
322,1282,"4 Female",0.3,0.117513930278601
323,1283,"4 Female",0.2,0.0967376764959249
324,1284,"4 Female",0.285714285714286,0.13052348359318
325,1285,"4 Female",0.114285714285714,0.0520505294506205
326,1286,"4 Female",0.0428571428571429,0.0317581067442798
327,1287,"4 Female",0.128571428571429,0.0759247436363384
328,1288,"4 Female",0.1,0.0648297659314349
329,1289,"4 Female",0.171428571428571,0.0953829126708608
330,1290,"4 Female",0.171428571428571,0.0996296009199752
331,1291,"4 Female",0.0714285714285714,0.042301435161713
332,1292,"4 Female",0.157142857142857,0.0694125432000937
333,1293,"4 Female",0.157142857142857,0.09243813730295
334,1294,"4 Female",0.1,0.061553390449076
335,1295,"4 Female",0.185714285714286,0.104342280243043
336,1296,"4 Female",0.1,0.0866921446863011
337,1297,"4 Female",0.128571428571429,0.0885153098112689
338,1298,"4 Female",0.0857142857142857,0.0635162134885596
339,1299,"4 Female",0.0571428571428571,0.0401122353236019
340,1300,"4 Female",0.228571428571429,0.139759374062253
341,1301,"4 Female",0.0857142857142857,0.0443160918988022
342,1302,"4 Female",0.0285714285714286,0.020056117661801
343,1303,"4 Female",0.128571428571429,0.0759247436363384
344,1304,"4 Female",0.128571428571429,0.0640956472504238
345,1305,"4 Female",0.171428571428571,0.130251275823286
346,1306,"4 Female",0.171428571428571,0.081322985556899
347,1307,"4 Female",0.0857142857142857,0.0443160918988022
348,1308,"4 Female",0.171428571428571,0.081322985556899
349,1309,"4 Female",0.214285714285714,0.095212211803662
350,1310,"4 Female",0.157142857142857,0.072333808336442
351,1311,"4 Female",0.0571428571428571,0.0401122353236019
352,1312,"4 Female",0.228571428571429,0.109905716362728
353,1313,"4 Female",0.1,0.0765454979114879
354,1314,"4 Female",0.128571428571429,0.103602658245928
355,1315,"4 Female",0.1,0.058092522761782
356,1316,"4 Female",0.0571428571428571,0.0345675100015575
357,1317,"4 Female",0.142857142857143,0.0620081951630308
358,1318,"4 Female",0.2,0.0900885232922902
359,1319,"4 Female",0.185714285714286,0.0870326493146781
360,1320,"4 Female",0.157142857142857,0.0878444755129346
361,1321,"4 Female",0.228571428571429,0.102092858660199
362,1322,"4 Female",0.185714285714286,0.0795766675721409
363,1323,"4 Female",0.0714285714285714,0.0469413473569821
364,1324,"4 Female",0.114285714285714,0.0660724777489302
365,1325,"4 Female",0.314285714285714,0.194694491413317
366,1326,"4 Female",0.0714285714285714,0.0469413473569821
367,1327,"4 Female",0.114285714285714,0.0558868167910658
368,1328,"4 Female",0.185714285714286,0.0821372308812225
369,1329,"4 Female",0.1,0.0504636884396263
370,1330,"4 Female",0.171428571428571,0.0732884162405143
371,1331,"4 Female",0.2,0.0803718068055742
372,1332,"4 Female",0.214285714285714,0.0907590652587879
373,1333,"4 Female",0.428571428571429,0.223441395850173
374,1334,"4 Female",0.328571428571429,0.217001425009326
375,1335,"4 Female",0.214285714285714,0.0785290681971187
376,1336,"4 Female",0.157142857142857,0.0751415897050452
377,1337,"4 Female",0.1,0.0648297659314349
378,1338,"4 Female",0.2,0.112564681198927
379,1339,"4 Female",0.2,0.100927376879253
380,1340,"4 Female",0.1,0.0504636884396263
381,1341,"4 Female",0.185714285714286,0.0821372308812225
382,1342,"4 Female",0.257142857142857,0.103130531543901
383,1343,"4 Female",0.342857142857143,0.145157463277722
384,1344,"4 Female",0.214285714285714,0.0930122927445462
385,1345,"4 Female",0.171428571428571,0.0931870235313308
386,1346,"4 Female",0.185714285714286,0.0870326493146781
387,1347,"4 Female",0.0571428571428571,0.0345675100015575
388,1348,"4 Female",0.228571428571429,0.127357972811626
389,1349,"4 Female",0.242857142857143,0.214809573607275
390,1350,"4 Female",0.171428571428571,0.0975293735472821
391,1351,"4 Female",0.0428571428571429,0.0428571428571429
392,1352,"4 Female",0.114285714285714,0.069135020003115
393,1353,"4 Female",0.0571428571428571,0.0401122353236019
394,1354,"4 Female",0.0142857142857143,0.0142857142857143
395,1355,"4 Female",0.314285714285714,0.221553761444695
396,1356,"4 Female",0.0428571428571429,0.0428571428571429
397,1357,"4 Female",0.0857142857142857,0.048764686773641
398,1358,"4 Female",0.0285714285714286,0.020056117661801
399,1359,"4 Female",0.0571428571428571,0.0279434083955329
400,1360,"4 Female",0.214285714285714,0.150764589840709
401,1361,"4 Female",0.0857142857142857,0.048764686773641
402,1362,"4 Female",0.185714285714286,0.145737017672325
403,1363,"4 Female",0.342857142857143,0.202352330213266
404,1364,"4 Female",0.557142857142857,0.313687554250734
405,1365,"4 Female",0.385714285714286,0.216592142440151
406,1366,"4 Female",0.328571428571429,0.174718263092753
407,1367,"4 Female",0.485714285714286,0.301646864918326
408,1368,"4 Female",0.6,0.29092555948115
409,1369,"4 Female",0.314285714285714,0.15028317941009
410,1370,"4 Female",0.357142857142857,0.176268797991089
411,1371,"4 Female",0.185714285714286,0.106307996506688
412,1372,"4 Female",0.242857142857143,0.13564616357202
413,1373,"4 Female",0.242857142857143,0.104625358029203
414,1374,"4 Female",0.457142857142857,0.207205316491856
415,1375,"4 Female",0.342857142857143,0.152121933066749
416,1376,"4 Female",0.171428571428571,0.0886321837976044
417,1377,"4 Female",0.2,0.0900885232922902
418,1378,"4 Female",0.328571428571429,0.157255747140997
419,1379,"4 Female",0.428571428571429,0.162245409511098
420,1380,"4 Female",0.242857142857143,0.0985100478017045
421,1381,"4 Female",0.371428571428571,0.13827004000623
422,1382,"4 Female",0.357142857142857,0.152325947629439
423,1383,"4 Female",0.171428571428571,0.0642569523880347
424,1384,"4 Female",0.485714285714286,0.182849378717154
425,1385,"4 Female",0.557142857142857,0.295329912924859
426,1386,"4 Female",0.471428571428571,0.225424769115136
427,1387,"4 Female",0.5,0.225451008757771
428,1388,"4 Female",0.285714285714286,0.111720697925086
429,1389,"4 Female",0.242857142857143,0.0799474835020352
430,1390,"4 Female",0.314285714285714,0.114285714285714
431,1391,"4 Female",0.214285714285714,0.0758467921336129
432,1392,"4 Female",0.571428571428571,0.180373925586952
433,1393,"4 Female",0.4,0.112196219715401
434,1394,"4 Female",0.428571428571429,0.12136461596723
435,1395,"4 Female",0.542857142857143,0.183913872053277
436,1396,"4 Female",0.857142857142857,0.342494632371362
437,1397,"4 Female",0.557142857142857,0.147632404391389
438,1398,"4 Female",0.6,0.223282494754444
439,1399,"4 Female",0.457142857142857,0.13138175419631
440,1400,"4 Female",0.914285714285714,0.300959718966021
441,1401,"4 Female",0.614285714285714,0.232274608256982
442,1402,"4 Female",0.414285714285714,0.146020868559988
443,1403,"4 Female",0.4,0.126097664998256
444,1404,"4 Female",0.171428571428571,0.0642569523880347
445,1405,"4 Female",0.328571428571429,0.121620236022281
446,1406,"4 Female",0.442857142857143,0.220704419298795
447,1407,"4 Female",0.457142857142857,0.204185717320398
448,1408,"4 Female",0.414285714285714,0.183696636614448
449,1409,"4 Female",0.185714285714286,0.058599447926148
450,1410,"4 Female",0.542857142857143,0.161111196102607
451,1411,"4 Female",0.371428571428571,0.10004435573516
452,1412,"4 Female",0.414285714285714,0.146020868559988
453,1413,"4 Female",0.428571428571429,0.163516517766164
454,1414,"4 Female",0.714285714285714,0.283532038818155
455,1415,"4 Female",0.6,0.30346515007244
456,1416,"4 Female",0.357142857142857,0.131932152532775
457,1417,"4 Female",0.3,0.100413224900855
458,1418,"4 Female",0.257142857142857,0.0855761481777588
459,1419,"4 Female",0.657142857142857,0.284801855704485
460,1420,"4 Female",0.357142857142857,0.131932152532775
461,1421,"4 Female",0.414285714285714,0.192502165450279
462,1422,"4 Female",0.414285714285714,0.163417002877119
463,1423,"4 Female",0.357142857142857,0.150960642706165
464,1424,"4 Female",0.542857142857143,0.237904685653272
465,1425,"4 Female",0.257142857142857,0.0969209498079901
466,1426,"4 Female",0.328571428571429,0.119905809430432
467,1427,"4 Female",0.328571428571429,0.124978554800461
468,1428,"4 Female",0.585714285714286,0.2793758624558
469,1429,"4 Female",0.442857142857143,0.197956134469758
470,1430,"4 Female",0.442857142857143,0.132870388262021
471,1431,"4 Female",0.271428571428571,0.111309593007142
472,1432,"4 Female",0.428571428571429,0.141818168029347
473,1433,"4 Female",0.342857142857143,0.109366166140914
474,1434,"4 Female",0.485714285714286,0.139123040324057
475,1435,"4 Female",0.371428571428571,0.113610843844683
476,1436,"4 Female",0.314285714285714,0.0876253485897135
477,1437,"4 Female",0.971428571428571,0.150872450443641
478,1438,"4 Female",0.857142857142857,0.12257707979463
479,1439,"4 Female",1.12857142857143,0.146627270124888
480,0,"4 Female",1.41428571428571,0.150214280545686
481,1,"4 Female",1.4,0.15683199065218
482,2,"4 Female",1.7,0.189091759687673
483,3,"4 Female",1.65714285714286,0.157471893427867
484,4,"4 Female",1.48571428571429,0.134584487680284
485,5,"4 Female",1.7,0.142950280198031
486,6,"4 Female",1.64285714285714,0.161560344905068
487,7,"4 Female",2.2,0.15840823116828
488,8,"4 Female",1.97142857142857,0.13646138484343
489,9,"4 Female",1.74285714285714,0.126565908959936
490,10,"4 Female",1.9,0.17164410191605
491,11,"4 Female",2.08571428571429,0.151927378781915
492,12,"4 Female",1.8,0.135896684664091
493,13,"4 Female",2.05714285714286,0.134804074198763
494,14,"4 Female",1.61428571428571,0.148551121402432
495,15,"4 Female",1.7,0.129259717368411
496,16,"4 Female",1.92857142857143,0.206841002310027
497,17,"4 Female",1.88571428571429,0.141776450667648
498,18,"4 Female",1.9,0.1565016090115
499,19,"4 Female",1.8,0.137411744685961
500,20,"4 Female",1.67142857142857,0.154600170307075
501,21,"4 Female",1.58571428571429,0.11599396204543
502,22,"4 Female",1.74285714285714,0.119844126310228
503,23,"4 Female",1.64285714285714,0.133492215304412
504,24,"4 Female",1.85714285714286,0.232268241342017
505,25,"4 Female",1.67142857142857,0.151898174146631
506,26,"4 Female",1.6,0.192402270101921
507,27,"4 Female",1.68571428571429,0.129568254462002
508,28,"4 Female",1.74285714285714,0.144871920710101
509,29,"4 Female",1.67142857142857,0.166216487550155
510,30,"4 Female",1.74285714285714,0.141984914904145
511,31,"4 Female",1.64285714285714,0.120447258778661
512,32,"4 Female",1.41428571428571,0.138750497946033
513,33,"4 Female",1.35714285714286,0.122154086391909
514,34,"4 Female",1.35714285714286,0.120447258778661
515,35,"4 Female",1.41428571428571,0.141703415732185
516,36,"4 Female",1.22857142857143,0.122383892787581
517,37,"4 Female",1.55714285714286,0.13595108468415
518,38,"4 Female",1.4,0.135591641216197
519,39,"4 Female",1.6,0.126097664998256
520,40,"4 Female",1.4,0.12276996280897
521,41,"4 Female",1.45714285714286,0.128191294500848
522,42,"4 Female",1.1,0.111733934190511
523,43,"4 Female",1.28571428571429,0.115367550441035
524,44,"4 Female",1.5,0.158604159791304
525,45,"4 Female",1.5,0.13763756528972
526,46,"4 Female",1.34285714285714,0.130114958385809
527,47,"4 Female",1.51428571428571,0.189521416591737
528,48,"4 Female",1.47142857142857,0.143487223331524
529,49,"4 Female",1.45714285714286,0.126565908959936
530,50,"4 Female",1.41428571428571,0.127879435233482
531,51,"4 Female",1.37142857142857,0.122383892787581
532,52,"4 Female",1.34285714285714,0.134804074198763
533,53,"4 Female",1.25714285714286,0.110870290142674
534,54,"4 Female",1.28571428571429,0.13052348359318
535,55,"4 Female",1.2,0.13124661091947
536,56,"4 Female",1.21428571428571,0.120201447790251
537,57,"4 Female",1.28571428571429,0.124016390326062
538,58,"4 Female",1.15714285714286,0.128110514994108
539,59,"4 Female",1.21428571428571,0.165181194372325
540,60,"4 Female",1.24285714285714,0.121132875873039
541,61,"4 Female",1.08571428571429,0.110976947493113
542,62,"4 Female",1.55714285714286,0.291803639616547
543,63,"4 Female",1.42857142857143,0.288188048633757
544,64,"4 Female",1.71428571428571,0.241752450378736
545,65,"4 Female",1.35714285714286,0.141033914083177
546,66,"4 Female",1.64285714285714,0.23820908251369
547,67,"4 Female",1.22857142857143,0.10004435573516
548,68,"4 Female",1.32857142857143,0.200125662976936
549,69,"4 Female",1.25714285714286,0.141984914904145
550,70,"4 Female",1.25714285714286,0.12155942285981
551,71,"4 Female",1.4,0.170737045530125
552,72,"4 Female",1.05714285714286,0.113088972257504
553,73,"4 Female",1.17142857142857,0.188676800975277
554,74,"4 Female",1.57142857142857,0.261046967186359
555,75,"4 Female",1.1,0.093582925660375
556,76,"4 Female",1.07142857142857,0.127601587137187
557,77,"4 Female",1.02857142857143,0.0996296009199752
558,78,"4 Female",1.15714285714286,0.20311825262381
559,79,"4 Female",1.34285714285714,0.321671175985544
560,80,"4 Female",1.14285714285714,0.1191510937469
561,81,"4 Female",1.18571428571429,0.145737017672325
562,82,"4 Female",1.32857142857143,0.4723061034002
563,83,"4 Female",1.11428571428571,0.108715171273154
564,84,"4 Female",1.07142857142857,0.136991375968046
565,85,"4 Female",1.15714285714286,0.149028203711012
566,86,"4 Female",1.14285714285714,0.1191510937469
567,87,"4 Female",1.34285714285714,0.19925920183995
568,88,"4 Female",1.34285714285714,0.165172241219422
569,89,"4 Female",1.22857142857143,0.133702535273194
570,90,"4 Female",0.971428571428571,0.116845048906694
571,91,"4 Female",0.971428571428571,0.157584547712046
572,92,"4 Female",1.02857142857143,0.127032426977119
573,93,"4 Female",1.44285714285714,0.457572908483375
574,94,"4 Female",1.07142857142857,0.18685744676785
575,95,"4 Female",0.985714285714286,0.11599396204543
576,96,"4 Female",0.857142857142857,0.10432810619146
577,97,"4 Female",1.04285714285714,0.13564616357202
578,98,"4 Female",1.07142857142857,0.115687572000156
579,99,"4 Female",1.01428571428571,0.11951048732598
580,100,"4 Female",1.2,0.166065167183106
581,101,"4 Female",1.01428571428571,0.112367441374716
582,102,"4 Female",1.04285714285714,0.112262105104669
583,103,"4 Female",0.971428571428571,0.123729867670667
584,104,"4 Female",0.942857142857143,0.101511790431304
585,105,"4 Female",0.9,0.109865342008939
586,106,"4 Female",0.885714285714286,0.100810087616063
587,107,"4 Female",1.22857142857143,0.117198895852296
588,108,"4 Female",0.942857142857143,0.113088972257504
589,109,"4 Female",1.08571428571429,0.121656709328251
590,110,"4 Female",1.17142857142857,0.123729867670667
591,111,"4 Female",0.914285714285714,0.119942804076069
592,112,"4 Female",1.24285714285714,0.130987196576469
593,113,"4 Female",0.871428571428571,0.107525197723692
594,114,"4 Female",0.957142857142857,0.110402452724491
595,115,"4 Female",1.17142857142857,0.133392474313546
596,116,"4 Female",1.01428571428571,0.117765351041573
597,117,"4 Female",0.8,0.100927376879253
598,118,"4 Female",0.928571428571429,0.122637388324623
599,119,"4 Female",1.04285714285714,0.115891922032678
600,120,"4 Female",1.18571428571429,0.149938368488084
601,121,"4 Female",0.871428571428571,0.105582145605073
602,122,"4 Female",0.828571428571429,0.115059492346609
603,123,"4 Female",0.942857142857143,0.146576832481029
604,124,"4 Female",0.957142857142857,0.121132875873039
605,125,"4 Female",0.9,0.104058432382467
606,126,"4 Female",0.971428571428571,0.140939510351893
607,127,"4 Female",0.985714285714286,0.122926457407629
608,128,"4 Female",0.914285714285714,0.110976947493113
609,129,"4 Female",0.985714285714286,0.114195098651599
610,130,"4 Female",0.842857142857143,0.10502038505799
611,131,"4 Female",0.842857142857143,0.0968140825393471
612,132,"4 Female",0.914285714285714,0.0970429397238738
613,133,"4 Female",0.742857142857143,0.107070368853498
614,134,"4 Female",1.07142857142857,0.120937381897146
615,135,"4 Female",0.8,0.10494995356656
616,136,"4 Female",0.9,0.146949661103899
617,137,"4 Female",0.942857142857143,0.134804074198763
618,138,"4 Female",1.22857142857143,0.364678268579429
619,139,"4 Female",0.742857142857143,0.0947607082958686
620,140,"4 Female",0.842857142857143,0.112630351049446
621,141,"4 Female",1.07142857142857,0.160642380970087
622,142,"4 Female",1.18571428571429,0.306785144866752
623,143,"4 Female",0.914285714285714,0.112827131266541
624,144,"4 Female",0.942857142857143,0.123586357240385
625,145,"4 Female",1.01428571428571,0.14459604206224
626,146,"4 Female",1.14285714285714,0.129156707881441
627,147,"4 Female",1.05714285714286,0.131696549198106
628,148,"4 Female",0.885714285714286,0.140308528924537
629,149,"4 Female",1.01428571428571,0.150214280545686
630,150,"4 Female",1.04285714285714,0.288808299151324
631,151,"4 Female",0.757142857142857,0.104625358029203
632,152,"4 Female",1.04285714285714,0.190276810764164
633,153,"4 Female",0.9,0.125686520555211
634,154,"4 Female",1.04285714285714,0.15286865535873
635,155,"4 Female",1.08571428571429,0.162464020087924
636,156,"4 Female",1,0.125439187051069
637,157,"4 Female",0.771428571428571,0.111773633582132
638,158,"4 Female",1.01428571428571,0.209003211703118
639,159,"4 Female",0.728571428571429,0.103602658245928
640,160,"4 Female",0.842857142857143,0.119757716566885
641,161,"4 Female",0.685714285714286,0.114285714285714
642,162,"4 Female",0.657142857142857,0.0994513193558578
643,163,"4 Female",0.871428571428571,0.131752683444378
644,164,"4 Female",0.928571428571429,0.125968592772091
645,165,"4 Female",0.6,0.0848820884763056
646,166,"4 Female",1.11428571428571,0.196809812602387
647,167,"4 Female",1.17142857142857,0.320436702903833
648,168,"4 Female",0.714285714285714,0.102034900745417
649,169,"4 Female",0.742857142857143,0.105118909866284
650,170,"4 Female",0.7,0.106419226457602
651,171,"4 Female",0.871428571428571,0.173767685483205
652,172,"4 Female",0.942857142857143,0.163913973152073
653,173,"4 Female",0.8,0.190455485417107
654,174,"4 Female",0.871428571428571,0.111309593007142
655,175,"4 Female",0.6,0.0984349581896026
656,176,"4 Female",0.628571428571429,0.127357972811626
657,177,"4 Female",0.885714285714286,0.110603196788788
658,178,"4 Female",0.771428571428571,0.166776065840508
659,179,"4 Female",0.728571428571429,0.120250650186004
660,180,"4 Female",1.31428571428571,0.283823974509482
661,181,"4 Female",0.671428571428571,0.103202204727578
662,182,"4 Female",0.871428571428571,0.166465421239669
663,183,"4 Female",1,0.205514050236767
664,184,"4 Female",0.742857142857143,0.116337686332355
665,185,"4 Female",0.814285714285714,0.181200113737752
666,186,"4 Female",0.871428571428571,0.123646173495395
667,187,"4 Female",0.742857142857143,0.103130531543901
668,188,"4 Female",0.628571428571429,0.108005499000079
669,189,"4 Female",0.871428571428571,0.150803820804121
670,190,"4 Female",0.871428571428571,0.121960229358201
671,191,"4 Female",0.828571428571429,0.139462779634148
672,192,"4 Female",0.814285714285714,0.139939142559295
673,193,"4 Female",0.7,0.106419226457602
674,194,"4 Female",0.642857142857143,0.105806014704778
675,195,"4 Female",1.12857142857143,0.210413600954002
676,196,"4 Female",0.9,0.144104287058554
677,197,"4 Female",0.614285714285714,0.100295334370155
678,198,"4 Female",0.685714285714286,0.102843339308418
679,199,"4 Female",0.842857142857143,0.167351447411148
680,200,"4 Female",0.671428571428571,0.112787802688829
681,201,"4 Female",0.771428571428571,0.133702535273194
682,202,"4 Female",0.642857142857143,0.101817264733498
683,203,"4 Female",0.657142857142857,0.130114958385809
684,204,"4 Female",0.742857142857143,0.108986891695159
685,205,"4 Female",0.814285714285714,0.147150796786738
686,206,"4 Female",0.842857142857143,0.124836479853283
687,207,"4 Female",0.557142857142857,0.106973641392058
688,208,"4 Female",0.585714285714286,0.0986300722724189
689,209,"4 Female",0.757142857142857,0.134111159180953
690,210,"4 Female",0.785714285714286,0.109379687333541
691,211,"4 Female",0.7,0.106419226457602
692,212,"4 Female",0.785714285714286,0.146586921398168
693,213,"4 Female",0.885714285714286,0.12301064126545
694,214,"4 Female",0.828571428571429,0.12539202059441
695,215,"4 Female",0.5,0.0970581776826274
696,216,"4 Female",0.742857142857143,0.13138175419631
697,217,"4 Female",0.8,0.124777234213833
698,218,"4 Female",0.557142857142857,0.0854550946590917
699,219,"4 Female",0.585714285714286,0.0943384004876387
700,220,"4 Female",0.642857142857143,0.101817264733498
701,221,"4 Female",0.742857142857143,0.114544221094812
702,222,"4 Female",0.528571428571429,0.0948387070812334
703,223,"4 Female",0.728571428571429,0.111309593007142
704,224,"4 Female",0.657142857142857,0.114905153588543
705,225,"4 Female",0.485714285714286,0.0948854755761026
706,226,"4 Female",0.685714285714286,0.124682382634779
707,227,"4 Female",0.542857142857143,0.105118909866284
708,228,"4 Female",0.6,0.102555342833444
709,229,"4 Female",0.814285714285714,0.352038051504645
710,230,"4 Female",0.657142857142857,0.140813540259375
711,231,"4 Female",0.557142857142857,0.101000613502256
712,232,"4 Female",0.457142857142857,0.0947607082958686
713,233,"4 Female",0.642857142857143,0.103830795396932
714,234,"4 Female",0.514285714285714,0.0970429397238738
715,235,"4 Female",0.642857142857143,0.113363254397096
716,236,"4 Female",0.557142857142857,0.101000613502256
717,237,"4 Female",0.614285714285714,0.0960780763052878
718,238,"4 Female",0.771428571428571,0.256728444533276
719,239,"4 Female",0.614285714285714,0.164427430100026
720,240,"4 Female",0.757142857142857,0.124504341157927
721,241,"4 Female",0.614285714285714,0.0870326493146781
722,242,"4 Female",0.628571428571429,0.0913923323625687
723,243,"4 Female",0.628571428571429,0.115418813518634
724,244,"4 Female",0.514285714285714,0.0857142857142857
725,245,"4 Female",0.557142857142857,0.0989294963743562
726,246,"4 Female",0.585714285714286,0.122926457407629
727,247,"4 Female",0.428571428571429,0.0966765081834568
728,248,"4 Female",0.442857142857143,0.0901705636729127
729,249,"4 Female",0.414285714285714,0.122926457407629
730,250,"4 Female",0.485714285714286,0.0904162381732766
731,251,"4 Female",0.528571428571429,0.0948387070812334
732,252,"4 Female",0.471428571428571,0.0856625102425036
733,253,"4 Female",0.871428571428571,0.373513023473781
734,254,"4 Female",0.528571428571429,0.114608756691286
735,255,"4 Female",0.5,0.116452035639378
736,256,"4 Female",0.557142857142857,0.172228980286127
737,257,"4 Female",0.485714285714286,0.0926778010116496
738,258,"4 Female",0.414285714285714,0.0898419526539223
739,259,"4 Female",0.471428571428571,0.103202204727578
740,260,"4 Female",0.457142857142857,0.126565908959936
741,261,"4 Female",0.4,0.112196219715401
742,262,"4 Female",0.385714285714286,0.0846203484499059
743,263,"4 Female",0.485714285714286,0.112827131266541
744,264,"4 Female",0.557142857142857,0.124836479853283
745,265,"4 Female",0.342857142857143,0.0860586594825377
746,266,"4 Female",1.04285714285714,0.346192370011423
747,267,"4 Female",0.628571428571429,0.20059066874031
748,268,"4 Female",0.428571428571429,0.0900228371564753
749,269,"4 Female",0.514285714285714,0.0991534710698503
750,270,"4 Female",0.385714285714286,0.0870326493146781
751,271,"4 Female",0.457142857142857,0.0902852949645634
752,272,"4 Female",0.428571428571429,0.0945106796060517
753,273,"4 Female",0.442857142857143,0.184980234281476
754,274,"4 Female",0.4,0.0772187342505344
755,275,"4 Female",0.585714285714286,0.102742632370205
756,276,"4 Female",0.6,0.106516457383739
757,277,"4 Female",0.6,0.144463023702923
758,278,"4 Female",0.357142857142857,0.0762357525927347
759,279,"4 Female",0.685714285714286,0.191477698340683
760,280,"4 Female",0.657142857142857,0.163913973152073
761,281,"4 Female",0.514285714285714,0.105231396693403
762,282,"4 Female",0.671428571428571,0.226341346654915
763,283,"4 Female",0.585714285714286,0.108619908539843
764,284,"4 Female",0.485714285714286,0.0926778010116496
765,285,"4 Female",0.428571428571429,0.0802981725191072
766,286,"4 Female",0.442857142857143,0.103030105322572
767,287,"4 Female",0.414285714285714,0.0965080954195778
768,288,"4 Female",0.828571428571429,0.165279647044939
769,289,"4 Female",0.442857142857143,0.124836479853283
770,290,"4 Female",0.442857142857143,0.0968140825393471
771,291,"4 Female",0.557142857142857,0.141911987254741
772,292,"4 Female",0.485714285714286,0.0880966369985736
773,293,"4 Female",0.342857142857143,0.0785102340277155
774,294,"4 Female",0.414285714285714,0.0965080954195778
775,295,"4 Female",0.442857142857143,0.0968140825393471
776,296,"4 Female",0.328571428571429,0.0725787316388612
777,297,"4 Female",0.357142857142857,0.0789048075108792
778,298,"4 Female",0.742857142857143,0.178196293336556
779,299,"4 Female",0.585714285714286,0.12625003477499
780,300,"4 Female",0.642857142857143,0.118715893933144
781,301,"4 Female",0.542857142857143,0.112722224566715
782,302,"4 Female",0.657142857142857,0.146576832481029
783,303,"4 Female",0.485714285714286,0.107180807633609
784,304,"4 Female",0.642857142857143,0.176268797991089
785,305,"4 Female",0.485714285714286,0.0948854755761026
786,306,"4 Female",0.328571428571429,0.0666296850991309
787,307,"4 Female",0.6,0.159450401823959
788,308,"4 Female",0.614285714285714,0.122589143874162
789,309,"4 Female",0.485714285714286,0.0991534710698503
790,310,"4 Female",0.414285714285714,0.0826398235224695
791,311,"4 Female",0.414285714285714,0.0965080954195778
792,312,"4 Female",0.542857142857143,0.0990340809349548
793,313,"4 Female",0.514285714285714,0.126659350027636
794,314,"4 Female",0.6,0.18583369309865
795,315,"4 Female",0.557142857142857,0.0946514020127926
796,316,"4 Female",0.485714285714286,0.10324518475501
797,317,"4 Female",0.471428571428571,0.0991087166233953
798,318,"4 Female",0.614285714285714,0.152675052627353
799,319,"4 Female",0.457142857142857,0.193780856660722
800,320,"4 Female",0.471428571428571,0.101176165106633
801,321,"4 Female",0.514285714285714,0.11643933570634
802,322,"4 Female",0.828571428571429,0.262154971766937
803,323,"4 Female",0.914285714285714,0.298888802759926
804,324,"4 Female",0.828571428571429,0.239885608152138
805,325,"4 Female",0.442857142857143,0.106973641392058
806,326,"4 Female",0.657142857142857,0.103531262290756
807,327,"4 Female",0.357142857142857,0.0734697985462899
808,328,"4 Female",0.557142857142857,0.159756173279523
809,329,"4 Female",0.557142857142857,0.131302937522175
810,330,"4 Female",0.728571428571429,0.220033338873709
811,331,"4 Female",0.314285714285714,0.0776008183956576
812,332,"4 Female",0.471428571428571,0.109054716016675
813,333,"4 Female",0.457142857142857,0.0831215884231858
814,334,"4 Female",0.4,0.0919086773321437
815,335,"4 Female",0.342857142857143,0.0836182647331499
816,336,"4 Female",0.414285714285714,0.124599328271616
817,337,"4 Female",0.314285714285714,0.0852298248298127
818,338,"4 Female",0.385714285714286,0.110134224794849
819,339,"4 Female",0.285714285714286,0.0765261755590631
820,340,"4 Female",0.414285714285714,0.179131626475247
821,341,"4 Female",0.385714285714286,0.0821372308812225
822,342,"4 Female",0.328571428571429,0.107139406431665
823,343,"4 Female",0.285714285714286,0.0765261755590631
824,344,"4 Female",0.214285714285714,0.0640032903620315
825,345,"4 Female",0.328571428571429,0.0780757941759308
826,346,"4 Female",0.685714285714286,0.390117494189128
827,347,"4 Female",0.271428571428571,0.0786043597467211
828,348,"4 Female",0.271428571428571,0.0837066468154617
829,349,"4 Female",0.4,0.108442770015018
830,350,"4 Female",0.342857142857143,0.140813540259375
831,351,"4 Female",0.342857142857143,0.128513904776069
832,352,"4 Female",0.5,0.114660359015689
833,353,"4 Female",0.285714285714286,0.0737711113563318
834,354,"4 Female",0.5,0.105245449093371
835,355,"4 Female",0.628571428571429,0.214554696604293
836,356,"4 Female",0.542857142857143,0.116337686332355
837,357,"4 Female",0.9,0.382402777262366
838,358,"4 Female",0.471428571428571,0.0991087166233953
839,359,"4 Female",0.728571428571429,0.224688815010124
840,360,"4 Female",0.8,0.275726031996431
841,361,"4 Female",0.585714285714286,0.148829605270288
842,362,"4 Female",0.428571428571429,0.0876928305778359
843,363,"4 Female",0.357142857142857,0.0814864855253749
844,364,"4 Female",0.514285714285714,0.144953561697539
845,365,"4 Female",0.457142857142857,0.112722224566715
846,366,"4 Female",0.614285714285714,0.238432473387272
847,367,"4 Female",0.7,0.267918902472889
848,368,"4 Female",0.328571428571429,0.0880462624760147
849,369,"4 Female",0.3,0.0895121352680655
850,370,"4 Female",0.4,0.0963086824686154
851,371,"4 Female",0.9,0.52204011332194
852,372,"4 Female",0.371428571428571,0.089098146668278
853,373,"4 Female",0.357142857142857,0.0814864855253749
854,374,"4 Female",0.442857142857143,0.123166830060739
855,375,"4 Female",0.7,0.362502231020478
856,376,"4 Female",0.385714285714286,0.0960780763052878
857,377,"4 Female",0.528571428571429,0.13608155600466
858,378,"4 Female",0.285714285714286,0.0765261755590631
859,379,"4 Female",0.371428571428571,0.102092858660199
860,380,"4 Female",0.371428571428571,0.109905716362728
861,381,"4 Female",0.271428571428571,0.0811955912974356
862,382,"4 Female",0.328571428571429,0.0856625102425036
863,383,"4 Female",0.271428571428571,0.0702595854410431
864,384,"4 Female",0.242857142857143,0.0745884895168934
865,385,"4 Female",0.442857142857143,0.221640518346638
866,386,"4 Female",0.171428571428571,0.0609497929057181
867,387,"4 Female",0.342857142857143,0.0836182647331499
868,388,"4 Female",0.442857142857143,0.25950718886129
869,389,"4 Female",0.242857142857143,0.0745884895168934
870,390,"4 Female",0.342857142857143,0.111243143479993
871,391,"4 Female",0.2,0.0560981098577004
872,392,"4 Female",0.414285714285714,0.152946027832548
873,393,"4 Female",0.271428571428571,0.0731470301604616
874,394,"4 Female",0.771428571428571,0.43699113728638
875,395,"4 Female",1.27142857142857,0.765163192805156
876,396,"4 Female",0.742857142857143,0.28683011923885
877,397,"4 Female",0.528571428571429,0.119905809430432
878,398,"4 Female",0.285714285714286,0.0679265744819494
879,399,"4 Female",0.357142857142857,0.0887822242800993
880,400,"4 Female",0.385714285714286,0.233164260374275
881,401,"4 Female",0.214285714285714,0.0671602550033482
882,402,"4 Female",0.242857142857143,0.0688134101648453
883,403,"4 Female",0.3,0.0715113392100216
884,404,"4 Female",0.371428571428571,0.117198895852296
885,405,"4 Female",0.285714285714286,0.0913275839786971
886,406,"4 Female",0.285714285714286,0.0817582588830818
887,407,"4 Female",0.328571428571429,0.0832104980522217
888,408,"4 Female",0.6,0.377635665227973
889,409,"4 Female",0.271428571428571,0.0731470301604616
890,410,"4 Female",0.3,0.0895121352680655
891,411,"4 Female",0.357142857142857,0.122154086391909
892,412,"4 Female",0.271428571428571,0.0759247436363384
893,413,"4 Female",0.328571428571429,0.134551518793737
894,414,"4 Female",0.228571428571429,0.0792601100171392
895,415,"4 Female",0.114285714285714,0.0520505294506205
896,416,"4 Female",0.228571428571429,0.0709924574520723
897,417,"4 Female",0.2,0.0662512939832223
898,418,"4 Female",0.257142857142857,0.0831215884231858
899,419,"4 Female",0.2,0.0750431207992849
900,420,"4 Female",0.271428571428571,0.0861445378189278
901,421,"4 Female",0.371428571428571,0.0936303214221678
902,422,"4 Female",0.342857142857143,0.111243143479993
903,423,"4 Female",0.257142857142857,0.0805923060040179
904,424,"4 Female",0.414285714285714,0.137250216776965
905,425,"4 Female",0.3,0.0822811420399822
906,426,"4 Female",0.257142857142857,0.0855761481777588
907,427,"4 Female",0.214285714285714,0.070175341303502
908,428,"4 Female",0.328571428571429,0.0780757941759308
909,429,"4 Female",0.385714285714286,0.119163504672796
910,430,"4 Female",0.328571428571429,0.0856625102425036
911,431,"4 Female",0.342857142857143,0.0951966783649742
912,432,"4 Female",0.257142857142857,0.0724767808487693
913,433,"4 Female",0.4,0.121071817914689
914,434,"4 Female",0.328571428571429,0.101176165106633
915,435,"4 Female",0.257142857142857,0.0779810304631646
916,436,"4 Female",0.185714285714286,0.0549528581813639
917,437,"4 Female",0.328571428571429,0.0903671567049861
918,438,"4 Female",0.228571428571429,0.0738512538148983
919,439,"4 Female",0.142857142857143,0.0510174503727087
920,440,"4 Female",0.171428571428571,0.0674020370993815
921,441,"4 Female",0.214285714285714,0.0758467921336129
922,442,"4 Female",0.171428571428571,0.0732884162405143
923,443,"4 Female",0.285714285714286,0.0817582588830818
924,444,"4 Female",0.228571428571429,0.0792601100171392
925,445,"4 Female",0.128571428571429,0.0451426474822817
926,446,"4 Female",0.171428571428571,0.0574525767942717
927,447,"4 Female",0.4,0.159450401823959
928,448,"4 Female",0.457142857142857,0.158520220034278
929,449,"4 Female",0.328571428571429,0.105189228229801
930,450,"4 Female",0.442857142857143,0.153139287990299
931,451,"4 Female",0.257142857142857,0.0879622408303129
932,452,"4 Female",0.285714285714286,0.0791854419741709
933,453,"4 Female",0.457142857142857,0.149097650669212
934,454,"4 Female",0.528571428571429,0.143487223331524
935,455,"4 Female",0.342857142857143,0.0929963918481578
936,456,"4 Female",0.228571428571429,0.0680136040813605
937,457,"4 Female",0.4,0.15683199065218
938,458,"4 Female",0.714285714285714,0.418586231975595
939,459,"4 Female",0.214285714285714,0.105526104122566
940,460,"4 Female",0.171428571428571,0.0574525767942717
941,461,"4 Female",0.457142857142857,0.162391182594871
942,462,"4 Female",0.657142857142857,0.273680318781776
943,463,"4 Female",0.257142857142857,0.12155942285981
944,464,"4 Female",0.242857142857143,0.0657358862689703
945,465,"4 Female",0.6,0.214775148444214
946,466,"4 Female",0.342857142857143,0.0907427695291909
947,467,"4 Female",0.314285714285714,0.0827649948080245
948,468,"4 Female",0.542857142857143,0.179354391175226
949,469,"4 Female",0.285714285714286,0.0890317298519901
950,470,"4 Female",0.271428571428571,0.0786043597467211
951,471,"4 Female",0.314285714285714,0.0852298248298127
952,472,"4 Female",0.271428571428571,0.0731470301604616
953,473,"4 Female",0.328571428571429,0.110936963003437
954,474,"4 Female",0.328571428571429,0.0856625102425036
955,475,"4 Female",0.285714285714286,0.0913275839786971
956,476,"4 Female",0.457142857142857,0.175857219382633
957,477,"4 Female",0.528571428571429,0.149147235841579
958,478,"4 Female",0.357142857142857,0.131932152532775
959,479,"4 Female",0.342857142857143,0.109366166140914
960,480,"4 Female",0.3,0.0822811420399822
961,481,"4 Female",0.285714285714286,0.0765261755590631
962,482,"4 Female",0.371428571428571,0.130568796381767
963,483,"4 Female",0.757142857142857,0.359108462588933
964,484,"4 Female",0.6,0.265629452830781
965,485,"4 Female",0.4,0.132502587966445
966,486,"4 Female",0.414285714285714,0.102742632370205
967,487,"4 Female",0.314285714285714,0.0802244706472039
968,488,"4 Female",0.357142857142857,0.101817264733498
969,489,"4 Female",0.414285714285714,0.160863170052825
970,490,"4 Female",0.485714285714286,0.12501404830848
971,491,"4 Female",0.414285714285714,0.0875071298907774
972,492,"4 Female",0.485714285714286,0.10324518475501
973,493,"4 Female",0.471428571428571,0.1233108287421
974,494,"4 Female",0.414285714285714,0.0965080954195778
975,495,"4 Female",0.371428571428571,0.102092858660199
976,496,"4 Female",0.442857142857143,0.172228980286127
977,497,"4 Female",0.385714285714286,0.0916670027688711
978,498,"4 Female",0.342857142857143,0.0884317338226477
979,499,"4 Female",0.442857142857143,0.0989294963743562
980,500,"4 Female",0.328571428571429,0.0926299178769567
981,501,"4 Female",0.485714285714286,0.136114154293786
982,502,"4 Female",0.485714285714286,0.133037234070828
983,503,"4 Female",0.414285714285714,0.0898419526539223
984,504,"4 Female",0.328571428571429,0.0753773902523433
985,505,"4 Female",0.757142857142857,0.23061329187074
986,506,"4 Female",0.614285714285714,0.36017758280668
987,507,"4 Female",0.642857142857143,0.291377619059005
988,508,"4 Female",0.285714285714286,0.0737711113563318
989,509,"4 Female",0.428571428571429,0.128006580724063
990,510,"4 Female",0.3,0.0847600437137214
991,511,"4 Female",0.457142857142857,0.161111196102607
992,512,"4 Female",0.314285714285714,0.0802244706472039
993,513,"4 Female",0.757142857142857,0.316839800737784
994,514,"4 Female",0.4,0.0963086824686154
995,515,"4 Female",1.11428571428571,0.57250416369705
996,516,"4 Female",0.471428571428571,0.133003881652954
997,517,"4 Female",0.6,0.182460750480312
998,518,"4 Female",0.985714285714286,0.465582676471733
999,519,"4 Female",0.671428571428571,0.207240999096693
1000,520,"4 Female",0.471428571428571,0.112787802688829
1001,521,"4 Female",0.657142857142857,0.277437038376702
1002,522,"4 Female",0.442857142857143,0.0968140825393471
1003,523,"4 Female",0.542857142857143,0.147702507629797
1004,524,"4 Female",0.314285714285714,0.0776008183956576
1005,525,"4 Female",0.342857142857143,0.0730458725541025
1006,526,"4 Female",0.4,0.0824068581439138
1007,527,"4 Female",0.628571428571429,0.226752597800526
1008,528,"4 Female",0.671428571428571,0.346960435672306
1009,529,"4 Female",0.414285714285714,0.0965080954195778
1010,530,"4 Female",0.385714285714286,0.0960780763052878
1011,531,"4 Female",0.442857142857143,0.0989294963743562
1012,532,"4 Female",0.328571428571429,0.0725787316388612
1013,533,"4 Female",0.471428571428571,0.105189228229801
1014,534,"4 Female",0.614285714285714,0.199681793593443
1015,535,"4 Female",0.5,0.119955133089215
1016,536,"4 Female",0.585714285714286,0.112367441374716
1017,537,"4 Female",0.514285714285714,0.109095390369808
1018,538,"4 Female",0.371428571428571,0.0818305793385166
1019,539,"4 Female",0.314285714285714,0.069135020003115
1020,540,"4 Female",0.471428571428571,0.0926299178769567
1021,541,"4 Female",0.442857142857143,0.123166830060739
1022,542,"4 Female",0.514285714285714,0.11643933570634
1023,543,"4 Female",0.642857142857143,0.122154086391909
1024,544,"4 Female",0.542857142857143,0.114544221094812
1025,545,"4 Female",0.671428571428571,0.1449229517169
1026,546,"4 Female",0.457142857142857,0.0879622408303129
1027,547,"4 Female",0.657142857142857,0.101511790431304
1028,548,"4 Female",0.642857142857143,0.107745029688873
1029,549,"4 Female",1.14285714285714,0.462814199372796
1030,550,"4 Female",0.771428571428571,0.168012900731419
1031,551,"4 Female",0.914285714285714,0.420363077385896
1032,552,"4 Female",0.785714285714286,0.387107368515438
1033,553,"4 Female",0.514285714285714,0.0991534710698503
1034,554,"4 Female",0.514285714285714,0.101220005434439
1035,555,"4 Female",0.571428571428571,0.129613901197419
1036,556,"4 Female",0.557142857142857,0.09243813730295
1037,557,"4 Female",0.614285714285714,0.115636428066622
1038,558,"4 Female",0.557142857142857,0.112630351049446
1039,559,"4 Female",0.6,0.104554660434787
1040,560,"4 Female",0.471428571428571,0.103202204727578
1041,561,"4 Female",0.557142857142857,0.101000613502256
1042,562,"4 Female",0.571428571428571,0.0966765081834568
1043,563,"4 Female",0.671428571428571,0.189498005879945
1044,564,"4 Female",0.428571428571429,0.0922940403528284
1045,565,"4 Female",0.871428571428571,0.266035559020063
1046,566,"4 Female",0.6,0.126097664998256
1047,567,"4 Female",0.885714285714286,0.417794097277127
1048,568,"4 Female",0.471428571428571,0.0903671567049861
1049,569,"4 Female",0.485714285714286,0.0904162381732766
1050,570,"4 Female",0.771428571428571,0.32569176486742
1051,571,"4 Female",0.857142857142857,0.155354019387463
1052,572,"4 Female",0.557142857142857,0.149028203711012
1053,573,"4 Female",0.528571428571429,0.146344595422199
1054,574,"4 Female",0.5,0.0991683847303197
1055,575,"4 Female",0.542857142857143,0.107070368853498
1056,576,"4 Female",0.428571428571429,0.0966765081834568
1057,577,"4 Female",0.614285714285714,0.117413211228359
1058,578,"4 Female",0.828571428571429,0.257372798042905
1059,579,"4 Female",0.528571428571429,0.105189228229801
1060,580,"4 Female",0.785714285714286,0.147992581570634
1061,581,"4 Female",0.757142857142857,0.204944788086589
1062,582,"4 Female",0.842857142857143,0.229893948262021
1063,583,"4 Female",0.471428571428571,0.0948387070812334
1064,584,"4 Female",0.628571428571429,0.13214495549786
1065,585,"4 Female",0.628571428571429,0.125721814192043
1066,586,"4 Female",0.728571428571429,0.255718391768739
1067,587,"4 Female",0.585714285714286,0.194641313838925
1068,588,"4 Female",0.557142857142857,0.123166830060739
1069,589,"4 Female",0.771428571428571,0.108005499000079
1070,590,"4 Female",1,0.17025130615175
1071,591,"4 Female",0.728571428571429,0.107525197723692
1072,592,"4 Female",0.785714285714286,0.126904305485139
1073,593,"4 Female",0.714285714285714,0.141191113367438
1074,594,"4 Female",0.871428571428571,0.145208393935504
1075,595,"4 Female",0.585714285714286,0.112367441374716
1076,596,"4 Female",0.657142857142857,0.153476907692697
1077,597,"4 Female",0.6,0.110335456873474
1078,598,"4 Female",0.614285714285714,0.111998330996987
1079,599,"4 Female",1.14285714285714,0.283636336058695
1080,600,"4 Female",0.885714285714286,0.314943786855734
1081,601,"4 Female",0.628571428571429,0.104101058901241
1082,602,"4 Female",1.27142857142857,0.529823373268748
1083,603,"4 Female",1.18571428571429,0.368137192641192
1084,604,"4 Female",0.885714285714286,0.224339709447832
1085,605,"4 Female",0.828571428571429,0.171428571428571
1086,606,"4 Female",0.771428571428571,0.125721814192043
1087,607,"4 Female",0.842857142857143,0.101000613502256
1088,608,"4 Female",0.528571428571429,0.0780757941759308
1089,609,"4 Female",0.785714285714286,0.109379687333541
1090,610,"4 Female",0.6,0.112196219715401
1091,611,"4 Female",0.785714285714286,0.109379687333541
1092,612,"4 Female",0.728571428571429,0.145208393935504
1093,613,"4 Female",0.728571428571429,0.183051462484668
1094,614,"4 Female",0.785714285714286,0.14938501556344
1095,615,"4 Female",0.671428571428571,0.121620236022281
1096,616,"4 Female",1.05714285714286,0.177264367595209
1097,617,"4 Female",0.9,0.106029411131274
1098,618,"4 Female",0.842857142857143,0.128110514994108
1099,619,"4 Female",0.7,0.0940243570046875
1100,620,"4 Female",1.04285714285714,0.13564616357202
1101,621,"4 Female",0.885714285714286,0.134276463273259
1102,622,"4 Female",0.9,0.118915040047432
1103,623,"4 Female",0.628571428571429,0.0936303214221678
1104,624,"4 Female",0.728571428571429,0.105582145605073
1105,625,"4 Female",1.24285714285714,0.374904108808557
1106,626,"4 Female",1.01428571428571,0.259393189914978
1107,627,"4 Female",0.814285714285714,0.127555220279865
1108,628,"4 Female",0.842857142857143,0.116248670217848
1109,629,"4 Female",0.657142857142857,0.0973472457066587
1110,630,"4 Female",0.814285714285714,0.158006285933686
1111,631,"4 Female",0.914285714285714,0.178262673034644
1112,632,"4 Female",1.01428571428571,0.282324613207413
1113,633,"4 Female",0.857142857142857,0.102324362038316
1114,634,"4 Female",0.871428571428571,0.114969486583667
1115,635,"4 Female",0.757142857142857,0.13564616357202
1116,636,"4 Female",0.985714285714286,0.124599328271616
1117,637,"4 Female",1.08571428571429,0.24311884571962
1118,638,"4 Female",1.2,0.262650922797497
1119,639,"4 Female",0.728571428571429,0.0908242189392959
1120,640,"4 Female",1.07142857142857,0.120937381897146
1121,641,"4 Female",1.14285714285714,0.110120796248217
1122,642,"4 Female",0.857142857142857,0.110120796248217
1123,643,"4 Female",0.7,0.0917959750490003
1124,644,"4 Female",0.857142857142857,0.115623638548465
1125,645,"4 Female",1.01428571428571,0.122926457407629
1126,646,"4 Female",0.914285714285714,0.11643933570634
1127,647,"4 Female",1.01428571428571,0.106696794029884
1128,648,"4 Female",0.971428571428571,0.12204507969948
1129,649,"4 Female",1.01428571428571,0.124599328271616
1130,650,"4 Female",0.985714285714286,0.121230504642361
1131,651,"4 Female",0.8,0.10494995356656
1132,652,"4 Female",0.957142857142857,0.13564616357202
1133,653,"4 Female",0.842857142857143,0.10502038505799
1134,654,"4 Female",1.05714285714286,0.111243143479993
1135,655,"4 Female",1.05714285714286,0.139335474468745
1136,656,"4 Female",1.24285714285714,0.129396935790668
1137,657,"4 Female",1.2,0.241287093931115
1138,658,"4 Female",1.08571428571429,0.110976947493113
1139,659,"4 Female",1.04285714285714,0.0942129087121167
1140,660,"4 Female",1.08571428571429,0.110976947493113
1141,661,"4 Female",1.12857142857143,0.153525078469343
1142,662,"4 Female",1,0.111455642515071
1143,663,"4 Female",0.885714285714286,0.0966153011446001
1144,664,"4 Female",1.04285714285714,0.115891922032678
1145,665,"4 Female",1.01428571428571,0.117765351041573
1146,666,"4 Female",1.08571428571429,0.121656709328251
1147,667,"4 Female",1.08571428571429,0.107180807633609
1148,668,"4 Female",1.15714285714286,0.0989294963743562
1149,669,"4 Female",1.21428571428571,0.145167650838761
1150,670,"4 Female",1.14285714285714,0.12257707979463
1151,671,"4 Female",1.5,0.182857466355822
1152,672,"4 Female",1.01428571428571,0.112367441374716
1153,673,"4 Female",1.02857142857143,0.0953829126708608
1154,674,"4 Female",1.18571428571429,0.117413211228359
1155,675,"4 Female",1.12857142857143,0.109433755397808
1156,676,"4 Female",1.07142857142857,0.159348347618638
1157,677,"4 Female",0.857142857142857,0.100280588309005
1158,678,"4 Female",1.04285714285714,0.087371826941829
1159,679,"4 Female",0.957142857142857,0.0942129087121167
1160,680,"4 Female",1.27142857142857,0.118516413189096
1161,681,"4 Female",1.31428571428571,0.291027207071506
1162,682,"4 Female",1.2,0.119695957129759
1163,683,"4 Female",1.1,0.10796441404367
1164,684,"4 Female",0.971428571428571,0.0996296009199752
1165,685,"4 Female",1.25714285714286,0.124919376543059
1166,686,"4 Female",1.27142857142857,0.113154337832731
1167,687,"4 Female",1.08571428571429,0.15989496700407
1168,688,"4 Female",1.2,0.114389187112963
1169,689,"4 Female",1.07142857142857,0.100354296946894
1170,690,"4 Female",1.1,0.109865342008939
1171,691,"4 Female",1.18571428571429,0.147150796786738
1172,692,"4 Female",1.14285714285714,0.144299140469562
1173,693,"4 Female",1.22857142857143,0.106071245581957
1174,694,"4 Female",0.942857142857143,0.0951966783649742
1175,695,"4 Female",1,0.0996889572558454
1176,696,"4 Female",1.08571428571429,0.10324518475501
1177,697,"4 Female",1.24285714285714,0.127786886326673
1178,698,"4 Female",1.18571428571429,0.106307996506688
1179,699,"4 Female",1.42857142857143,0.189334049846385
1180,700,"4 Female",1.21428571428571,0.107470169471509
1181,701,"4 Female",1.34285714285714,0.150754780504687
1182,702,"4 Female",1.12857142857143,0.107525197723692
1183,703,"4 Female",1.38571428571429,0.152675052627353
1184,704,"4 Female",1.32857142857143,0.0903671567049861
1185,705,"4 Female",1.07142857142857,0.0871005905032565
1186,706,"4 Female",1.34285714285714,0.180734313409972
1187,707,"4 Female",1.17142857142857,0.103702530004673
1188,708,"4 Female",1.2,0.128052784147594
1189,709,"4 Female",1.18571428571429,0.108238019180943
1190,710,"4 Female",1.01428571428571,0.0943384004876387
1191,711,"4 Female",1.18571428571429,0.142867494448972
1192,712,"4 Female",1.22857142857143,0.156529954761546
1193,713,"4 Female",1.22857142857143,0.124064079768442
1194,714,"4 Female",1.21428571428571,0.128525411594804
1195,715,"4 Female",1.28571428571429,0.0999852103822307
1196,716,"4 Female",1.18571428571429,0.119163504672796
1197,717,"4 Female",1.77142857142857,0.160448941294408
1198,718,"4 Female",2.3,0.135515273065269
1199,719,"4 Female",2.28571428571429,0.172837550007788
1200,720,"4 Female",2.1,0.141201587097163
1201,721,"4 Female",2.12857142857143,0.161413821492174
1202,722,"4 Female",1.94285714285714,0.146576832481029
1203,723,"4 Female",1.85714285714286,0.139928574334943
1204,724,"4 Female",1.85714285714286,0.157996926203445
1205,725,"4 Female",1.61428571428571,0.122589143874162
1206,726,"4 Female",2.18571428571429,0.144309388624148
1207,727,"4 Female",2.18571428571429,0.231381535490597
1208,728,"4 Female",2.04285714285714,0.211898364525294
1209,729,"4 Female",1.58571428571429,0.141703415732185
1210,730,"4 Female",1.6,0.168294329573101
1211,731,"4 Female",1.35714285714286,0.177439476498809
1212,732,"4 Female",1.41428571428571,0.156954526709488
1213,733,"4 Female",1.42857142857143,0.312322117370066
1214,734,"4 Female",1.81428571428571,0.5006384566145
1215,735,"4 Female",0.942857142857143,0.142276251691302
1216,736,"4 Female",1.17142857142857,0.152238546294351
1217,737,"4 Female",1.02857142857143,0.140939510351893
1218,738,"4 Female",1.27142857142857,0.257332573217397
1219,739,"4 Female",0.971428571428571,0.186469241099887
1220,740,"4 Female",0.928571428571429,0.216619452003043
1221,741,"4 Female",1.27142857142857,0.493402195086862
1222,742,"4 Female",0.671428571428571,0.128248962997399
1223,743,"4 Female",0.528571428571429,0.119905809430432
1224,744,"4 Female",0.5,0.125025877238658
1225,745,"4 Female",0.5,0.133048349685508
1226,746,"4 Female",0.971428571428571,0.177364450995068
1227,747,"4 Female",0.514285714285714,0.119942804076069
1228,748,"4 Female",0.571428571428571,0.157058136394237
1229,749,"4 Female",0.5,0.107194604480886
1230,750,"4 Female",0.414285714285714,0.110509561605103
1231,751,"4 Female",0.271428571428571,0.0861445378189278
1232,752,"4 Female",0.428571428571429,0.114337462404411
1233,753,"4 Female",0.485714285714286,0.134584487680284
1234,754,"4 Female",0.528571428571429,0.387015671314795
1235,755,"4 Female",0.271428571428571,0.0811955912974356
1236,756,"4 Female",0.157142857142857,0.0524185823803323
1237,757,"4 Female",0.271428571428571,0.0995256421517898
1238,758,"4 Female",0.342857142857143,0.232802455186973
1239,759,"4 Female",0.485714285714286,0.242265751746077
1240,760,"4 Female",0.242857142857143,0.0985100478017045
1241,761,"4 Female",0.242857142857143,0.087371826941829
1242,762,"4 Female",0.185714285714286,0.0870326493146781
1243,763,"4 Female",0.1,0.0544119704282056
1244,764,"4 Female",0.214285714285714,0.107470169471509
1245,765,"4 Female",0.114285714285714,0.0628609070960214
1246,766,"4 Female",0.0714285714285714,0.0469413473569821
1247,767,"4 Female",0.157142857142857,0.0804637549042912
1248,768,"4 Female",0.128571428571429,0.0786043597467211
1249,769,"4 Female",0.128571428571429,0.0607797114299049
1250,770,"4 Female",0.142857142857143,0.0620081951630308
1251,771,"4 Female",0.1,0.0461790555986525
1252,772,"4 Female",0.157142857142857,0.09243813730295
1253,773,"4 Female",0.0714285714285714,0.051162181019158
1254,774,"4 Female",0.214285714285714,0.125262221262906
1255,775,"4 Female",0.0857142857142857,0.0601683529854029
1256,776,"4 Female",0.0142857142857143,0.0142857142857143
1257,777,"4 Female",0.0285714285714286,0.020056117661801
1258,778,"4 Female",0.157142857142857,0.0901705636729127
1259,779,"4 Female",0.114285714285714,0.0827649948080245
1260,780,"4 Female",0.0142857142857143,0.0142857142857143
1261,781,"4 Female",0.0857142857142857,0.0601683529854029
1262,782,"4 Female",0.142857142857143,0.129156707881441
1263,783,"4 Female",0,0
1264,784,"4 Female",0,0
1265,785,"4 Female",0.0285714285714286,0.0285714285714286
1266,786,"4 Female",0.0285714285714286,0.020056117661801
1267,787,"4 Female",0.0142857142857143,0.0142857142857143
1268,788,"4 Female",0.128571428571429,0.128571428571429
1269,789,"4 Female",0,0
1270,790,"4 Female",0.0857142857142857,0.0601683529854029
1271,791,"4 Female",0.0714285714285714,0.051162181019158
1272,792,"4 Female",0,0
1273,793,"4 Female",0.0571428571428571,0.0571428571428571
1274,794,"4 Female",0,0
1275,795,"4 Female",0,0
1276,796,"4 Female",0,0
1277,797,"4 Female",0,0
1278,798,"4 Female",0,0
1279,799,"4 Female",0,0
1280,800,"4 Female",0,0
1281,801,"4 Female",0,0
1282,802,"4 Female",0,0
1283,803,"4 Female",0,0
1284,804,"4 Female",0,0
1285,805,"4 Female",0.0142857142857143,0.0142857142857143
1286,806,"4 Female",0,0
1287,807,"4 Female",0,0
1288,808,"4 Female",0.0142857142857143,0.0142857142857143
1289,809,"4 Female",0,0
1290,810,"4 Female",0,0
1291,811,"4 Female",0,0
1292,812,"4 Female",0,0
1293,813,"4 Female",0.1,0.1
1294,814,"4 Female",0.0571428571428571,0.0571428571428571
1295,815,"4 Female",0,0
1296,816,"4 Female",0.0714285714285714,0.0714285714285714
1297,817,"4 Female",0,0
1298,818,"4 Female",0,0
1299,819,"4 Female",0.0285714285714286,0.0285714285714286
1300,820,"4 Female",0,0
1301,821,"4 Female",0,0
1302,822,"4 Female",0,0
1303,823,"4 Female",0,0
1304,824,"4 Female",0,0
1305,825,"4 Female",0,0
1306,826,"4 Female",0,0
1307,827,"4 Female",0,0
1308,828,"4 Female",0.0142857142857143,0.0142857142857143
1309,829,"4 Female",0.0142857142857143,0.0142857142857143
1310,830,"4 Female",0,0
1311,831,"4 Female",0,0
1312,832,"4 Female",0,0
1313,833,"4 Female",0,0
1314,834,"4 Female",0,0
1315,835,"4 Female",0,0
1316,836,"4 Female",0,0
1317,837,"4 Female",0.0571428571428571,0.0571428571428571
1318,838,"4 Female",0.0714285714285714,0.058700307635766
1319,839,"4 Female",0,0
1320,840,"4 Female",0,0
1321,841,"4 Female",0,0
1322,842,"4 Female",0,0
1323,843,"4 Female",0,0
1324,844,"4 Female",0.0142857142857143,0.0142857142857143
1325,845,"4 Female",0,0
1326,846,"4 Female",0,0
1327,847,"4 Female",0,0
1328,848,"4 Female",0.0285714285714286,0.0285714285714286
1329,849,"4 Female",0,0
1330,850,"4 Female",0,0
1331,851,"4 Female",0,0
1332,852,"4 Female",0,0
1333,853,"4 Female",0.0714285714285714,0.058700307635766
1334,854,"4 Female",0.0714285714285714,0.0714285714285714
1335,855,"4 Female",0.0571428571428571,0.0571428571428571
1336,856,"4 Female",0.0714285714285714,0.051162181019158
1337,857,"4 Female",0.242857142857143,0.177905590946858
1338,858,"4 Female",0.0571428571428571,0.0571428571428571
1339,859,"4 Female",0.171428571428571,0.127032426977119
1340,860,"4 Female",0.0142857142857143,0.0142857142857143
1341,861,"4 Female",0,0
1342,862,"4 Female",0,0
1343,863,"4 Female",0,0
1344,864,"4 Female",0.0142857142857143,0.0142857142857143
1345,865,"4 Female",0.0285714285714286,0.020056117661801
1346,866,"4 Female",0.0428571428571429,0.0317581067442798
1347,867,"4 Female",0,0
1348,868,"4 Female",0,0
1349,869,"4 Female",0.0285714285714286,0.0285714285714286
1350,870,"4 Female",0,0
1351,871,"4 Female",0.0857142857142857,0.0857142857142857
1352,872,"4 Female",0,0
1353,873,"4 Female",0,0
1354,874,"4 Female",0,0
1355,875,"4 Female",0.0571428571428571,0.0571428571428571
1356,876,"4 Female",0.1,0.1
1357,877,"4 Female",0.128571428571429,0.0908242189392959
1358,878,"4 Female",0.0142857142857143,0.0142857142857143
1359,879,"4 Female",0,0
1360,880,"4 Female",0.0142857142857143,0.0142857142857143
1361,881,"4 Female",0.0571428571428571,0.0571428571428571
1362,882,"4 Female",0.1,0.0866921446863011
1363,883,"4 Female",0.0285714285714286,0.0285714285714286
1364,884,"4 Female",0.0142857142857143,0.0142857142857143
1365,885,"4 Female",0,0
1366,886,"4 Female",0.0571428571428571,0.0571428571428571
1367,887,"4 Female",0,0
1368,888,"4 Female",0,0
1369,889,"4 Female",0.142857142857143,0.142857142857143
1370,890,"4 Female",0,0
1371,891,"4 Female",0,0
1372,892,"4 Female",0,0
1373,893,"4 Female",0,0
1374,894,"4 Female",0.0142857142857143,0.0142857142857143
1375,895,"4 Female",0.1,0.1
1376,896,"4 Female",0,0
1377,897,"4 Female",0.0571428571428571,0.0571428571428571
1378,898,"4 Female",0.0428571428571429,0.0428571428571429
1379,899,"4 Female",0.171428571428571,0.171428571428571
1380,900,"4 Female",0,0
1381,901,"4 Female",0.0142857142857143,0.0142857142857143
1382,902,"4 Female",0.0142857142857143,0.0142857142857143
1383,903,"4 Female",0,0
1384,904,"4 Female",0,0
1385,905,"4 Female",0,0
1386,906,"4 Female",0,0
1387,907,"4 Female",0,0
1388,908,"4 Female",0,0
1389,909,"4 Female",0,0
1390,910,"4 Female",0.0571428571428571,0.0571428571428571
1391,911,"4 Female",0,0
1392,912,"4 Female",0,0
1393,913,"4 Female",0,0
1394,914,"4 Female",0.0142857142857143,0.0142857142857143
1395,915,"4 Female",0.0571428571428571,0.0571428571428571
1396,916,"4 Female",0,0
1397,917,"4 Female",0,0
1398,918,"4 Female",0.0285714285714286,0.0285714285714286
1399,919,"4 Female",0.0285714285714286,0.020056117661801
1400,920,"4 Female",0.0571428571428571,0.0571428571428571
1401,921,"4 Female",0.0142857142857143,0.0142857142857143
1402,922,"4 Female",0.0285714285714286,0.0285714285714286
1403,923,"4 Female",0,0
1404,924,"4 Female",0.0571428571428571,0.0401122353236019
1405,925,"4 Female",0.0428571428571429,0.0428571428571429
1406,926,"4 Female",0.0285714285714286,0.0285714285714286
1407,927,"4 Female",0.0714285714285714,0.0714285714285714
1408,928,"4 Female",0.0857142857142857,0.0857142857142857
1409,929,"4 Female",0.0428571428571429,0.0317581067442798
1410,930,"4 Female",0.0714285714285714,0.058700307635766
1411,931,"4 Female",0.171428571428571,0.111402555756872
1412,932,"4 Female",0.1,0.0765454979114879
1413,933,"4 Female",0,0
1414,934,"4 Female",0,0
1415,935,"4 Female",0.0285714285714286,0.0285714285714286
1416,936,"4 Female",0,0
1417,937,"4 Female",0.0571428571428571,0.0571428571428571
1418,938,"4 Female",0.0714285714285714,0.051162181019158
1419,939,"4 Female",0.0285714285714286,0.0285714285714286
1420,940,"4 Female",0.0571428571428571,0.0449785515285259
1421,941,"4 Female",0.114285714285714,0.114285714285714
1422,942,"4 Female",0.0714285714285714,0.051162181019158
1423,943,"4 Female",0.0142857142857143,0.0142857142857143
1424,944,"4 Female",0.0142857142857143,0.0142857142857143
1425,945,"4 Female",0.0142857142857143,0.0142857142857143
1426,946,"4 Female",0.0285714285714286,0.0285714285714286
1427,947,"4 Female",0.0571428571428571,0.0571428571428571
1428,948,"4 Female",0.0285714285714286,0.020056117661801
1429,949,"4 Female",0,0
1430,950,"4 Female",0,0
1431,951,"4 Female",0.157142857142857,0.121474233285346
1432,952,"4 Female",0,0
1433,953,"4 Female",0,0
1434,954,"4 Female",0.0571428571428571,0.0571428571428571
1435,955,"4 Female",0,0
1436,956,"4 Female",0,0
1437,957,"4 Female",0,0
1438,958,"4 Female",0,0
1439,959,"4 Female",0,0
