"Dec_time","Dec_ZT_time","Condition","mean","SEM"
0,960,"1 Female",0.125,0.125
1,961,"1 Female",0.1,0.1
2,962,"1 Female",0,0
3,963,"1 Female",0.075,0.075
4,964,"1 Female",0.025,0.025
5,965,"1 Female",0,0
6,966,"1 Female",0.025,0.025
7,967,"1 Female",0.1,0.0784464540552736
8,968,"1 Female",0.15,0.15
9,969,"1 Female",0.225,0.200919361295993
10,970,"1 Female",0.25,0.25
11,971,"1 Female",0.05,0.05
12,972,"1 Female",0.2,0.125064086135971
13,973,"1 Female",0.1,0.0697982440452113
14,974,"1 Female",0.225,0.165976133594794
15,975,"1 Female",0.075,0.0553253778649314
16,976,"1 Female",0.05,0.05
17,977,"1 Female",0.35,0.222313015640283
18,978,"1 Female",0.25,0.12785207798919
19,979,"1 Female",0.175,0.112588996137642
20,980,"1 Female",0.125,0.073270660864972
21,981,"1 Female",0.15,0.0843527392286973
22,982,"1 Female",0.325,0.206892453171901
23,983,"1 Female",0.325,0.194103791954928
24,984,"1 Female",0.5,0.36162028533979
25,985,"1 Female",0.275,0.164033689472777
26,986,"1 Female",0.225,0.180765821026216
27,987,"1 Female",0.15,0.0916375245051714
28,988,"1 Female",0.075,0.0553253778649314
29,989,"1 Female",0.3,0.168705478457395
30,990,"1 Female",0.05,0.05
31,991,"1 Female",0.1,0.0784464540552736
32,992,"1 Female",0.125,0.0890656628993031
33,993,"1 Female",0.175,0.123451952659262
34,994,"1 Female",0.125,0.0890656628993031
35,995,"1 Female",0.075,0.0553253778649314
36,996,"1 Female",0.15,0.110650755729863
37,997,"1 Female",0.225,0.121357175735776
38,998,"1 Female",0.2,0.156892908110547
39,999,"1 Female",0.125,0.073270660864972
40,1000,"1 Female",0.075,0.0553253778649314
41,1001,"1 Female",0.075,0.0553253778649314
42,1002,"1 Female",0.075,0.0553253778649314
43,1003,"1 Female",0.05,0.05
44,1004,"1 Female",0.175,0.106743762202907
45,1005,"1 Female",0.15,0.15
46,1006,"1 Female",0.225,0.14091050078248
47,1007,"1 Female",0.25,0.142099640014701
48,1008,"1 Female",0.025,0.025
49,1009,"1 Female",0,0
50,1010,"1 Female",0.1,0.0784464540552736
51,1011,"1 Female",0,0
52,1012,"1 Female",0,0
53,1013,"1 Female",0,0
54,1014,"1 Female",0.2,0.125064086135971
55,1015,"1 Female",0.05,0.0348991220226056
56,1016,"1 Female",0.25,0.201755119402528
57,1017,"1 Female",0.025,0.025
58,1018,"1 Female",0.025,0.025
59,1019,"1 Female",0.2,0.156892908110547
60,1020,"1 Female",0.05,0.05
61,1021,"1 Female",0.075,0.0553253778649314
62,1022,"1 Female",0.225,0.14091050078248
63,1023,"1 Female",0.075,0.0421763696143487
64,1024,"1 Female",0.125,0.102453867041683
65,1025,"1 Female",0.125,0.0815514624371692
66,1026,"1 Female",0.275,0.229233673187595
67,1027,"1 Female",0,0
68,1028,"1 Female",0.05,0.05
69,1029,"1 Female",0.175,0.133433455997689
70,1030,"1 Female",0,0
71,1031,"1 Female",0.025,0.025
72,1032,"1 Female",0,0
73,1033,"1 Female",0,0
74,1034,"1 Female",0.025,0.025
75,1035,"1 Female",0,0
76,1036,"1 Female",0,0
77,1037,"1 Female",0.075,0.075
78,1038,"1 Female",0.05,0.0348991220226056
79,1039,"1 Female",0.075,0.075
80,1040,"1 Female",0.075,0.0553253778649314
81,1041,"1 Female",0,0
82,1042,"1 Female",0,0
83,1043,"1 Female",0.1,0.0784464540552736
84,1044,"1 Female",0,0
85,1045,"1 Female",0,0
86,1046,"1 Female",0,0
87,1047,"1 Female",0,0
88,1048,"1 Female",0.05,0.05
89,1049,"1 Female",0.125,0.102453867041683
90,1050,"1 Female",0.1,0.0697982440452113
91,1051,"1 Female",0.15,0.0916375245051714
92,1052,"1 Female",0.025,0.025
93,1053,"1 Female",0.025,0.025
94,1054,"1 Female",0.125,0.125
95,1055,"1 Female",0,0
96,1056,"1 Female",0,0
97,1057,"1 Female",0,0
98,1058,"1 Female",0.025,0.025
99,1059,"1 Female",0.2,0.102532046272473
100,1060,"1 Female",0.25,0.15085227958639
101,1061,"1 Female",0.1,0.0697982440452113
102,1062,"1 Female",0.25,0.178131325798606
103,1063,"1 Female",0.15,0.0916375245051714
104,1064,"1 Female",0.1,0.0599144689515278
105,1065,"1 Female",0.25,0.181694305119397
106,1066,"1 Female",0.1,0.0784464540552736
107,1067,"1 Female",0.175,0.100559333167934
108,1068,"1 Female",0.175,0.106743762202907
109,1069,"1 Female",0.15,0.0916375245051714
110,1070,"1 Female",0.275,0.189423890405646
111,1071,"1 Female",0.075,0.0553253778649314
112,1072,"1 Female",0.15,0.0916375245051714
113,1073,"1 Female",0.1,0.0697982440452113
114,1074,"1 Female",0.15,0.110650755729863
115,1075,"1 Female",0.075,0.075
116,1076,"1 Female",0.15,0.0916375245051714
117,1077,"1 Female",0.125,0.0815514624371692
118,1078,"1 Female",0.275,0.178983955734184
119,1079,"1 Female",0.225,0.200919361295993
120,1080,"1 Female",0.15,0.0763762615825973
121,1081,"1 Female",0.325,0.215987594610526
122,1082,"1 Female",0.15,0.0843527392286973
123,1083,"1 Female",0.25,0.201755119402528
124,1084,"1 Female",0.05,0.0348991220226056
125,1085,"1 Female",0.1,0.1
126,1086,"1 Female",0.025,0.025
127,1087,"1 Female",0.025,0.025
128,1088,"1 Female",0.05,0.05
129,1089,"1 Female",0.025,0.025
130,1090,"1 Female",0.025,0.025
131,1091,"1 Female",0.175,0.123451952659262
132,1092,"1 Female",0.075,0.0553253778649314
133,1093,"1 Female",0.175,0.151435439404693
134,1094,"1 Female",0.3,0.221301511459725
135,1095,"1 Female",0.025,0.025
136,1096,"1 Female",0.05,0.05
137,1097,"1 Female",0.05,0.05
138,1098,"1 Female",0,0
139,1099,"1 Female",0,0
140,1100,"1 Female",0.075,0.075
141,1101,"1 Female",0.05,0.05
142,1102,"1 Female",0.025,0.025
143,1103,"1 Female",0.025,0.025
144,1104,"1 Female",0.025,0.025
145,1105,"1 Female",0.15,0.15
146,1106,"1 Female",0.125,0.125
147,1107,"1 Female",0,0
148,1108,"1 Female",0,0
149,1109,"1 Female",0,0
150,1110,"1 Female",0,0
151,1111,"1 Female",0,0
152,1112,"1 Female",0,0
153,1113,"1 Female",0.05,0.05
154,1114,"1 Female",0,0
155,1115,"1 Female",0,0
156,1116,"1 Female",0,0
157,1117,"1 Female",0,0
158,1118,"1 Female",0,0
159,1119,"1 Female",0,0
160,1120,"1 Female",0,0
161,1121,"1 Female",0,0
162,1122,"1 Female",0,0
163,1123,"1 Female",0,0
164,1124,"1 Female",0,0
165,1125,"1 Female",0,0
166,1126,"1 Female",0,0
167,1127,"1 Female",0,0
168,1128,"1 Female",0,0
169,1129,"1 Female",0,0
170,1130,"1 Female",0,0
171,1131,"1 Female",0,0
172,1132,"1 Female",0,0
173,1133,"1 Female",0,0
174,1134,"1 Female",0,0
175,1135,"1 Female",0,0
176,1136,"1 Female",0,0
177,1137,"1 Female",0,0
178,1138,"1 Female",0.025,0.025
179,1139,"1 Female",0.175,0.175
180,1140,"1 Female",0.175,0.175
181,1141,"1 Female",0.05,0.05
182,1142,"1 Female",0.05,0.05
183,1143,"1 Female",0.05,0.05
184,1144,"1 Female",0,0
185,1145,"1 Female",0,0
186,1146,"1 Female",0.075,0.075
187,1147,"1 Female",0.1,0.1
188,1148,"1 Female",0.1,0.0784464540552736
189,1149,"1 Female",0.15,0.110650755729863
190,1150,"1 Female",0.075,0.075
191,1151,"1 Female",0.075,0.075
192,1152,"1 Female",0,0
193,1153,"1 Female",0,0
194,1154,"1 Female",0,0
195,1155,"1 Female",0.05,0.05
196,1156,"1 Female",0,0
197,1157,"1 Female",0.025,0.025
198,1158,"1 Female",0.05,0.05
199,1159,"1 Female",0.05,0.05
200,1160,"1 Female",0.025,0.025
201,1161,"1 Female",0.025,0.025
202,1162,"1 Female",0.05,0.05
203,1163,"1 Female",0.075,0.0553253778649314
204,1164,"1 Female",0.025,0.025
205,1165,"1 Female",0.05,0.05
206,1166,"1 Female",0.075,0.075
207,1167,"1 Female",0.025,0.025
208,1168,"1 Female",0.025,0.025
209,1169,"1 Female",0,0
210,1170,"1 Female",0.025,0.025
211,1171,"1 Female",0,0
212,1172,"1 Female",0,0
213,1173,"1 Female",0,0
214,1174,"1 Female",0.075,0.075
215,1175,"1 Female",0,0
216,1176,"1 Female",0,0
217,1177,"1 Female",0.05,0.05
218,1178,"1 Female",0.025,0.025
219,1179,"1 Female",0.025,0.025
220,1180,"1 Female",0.1,0.1
221,1181,"1 Female",0.025,0.025
222,1182,"1 Female",0.075,0.075
223,1183,"1 Female",0.175,0.175
224,1184,"1 Female",0.125,0.125
225,1185,"1 Female",0,0
226,1186,"1 Female",0.125,0.125
227,1187,"1 Female",0,0
228,1188,"1 Female",0,0
229,1189,"1 Female",0,0
230,1190,"1 Female",0,0
231,1191,"1 Female",0.1,0.1
232,1192,"1 Female",0.275,0.2117918063353
233,1193,"1 Female",0.075,0.0553253778649314
234,1194,"1 Female",0.225,0.158063197357811
235,1195,"1 Female",0.1,0.0599144689515278
236,1196,"1 Female",0.075,0.075
237,1197,"1 Female",0,0
238,1198,"1 Female",0,0
239,1199,"1 Female",0,0
240,1200,"1 Female",0.025,0.025
241,1201,"1 Female",0.05,0.0348991220226056
242,1202,"1 Female",0.1,0.0784464540552736
243,1203,"1 Female",0.3,0.235339362165821
244,1204,"1 Female",0.025,0.025
245,1205,"1 Female",0.05,0.05
246,1206,"1 Female",0.125,0.0890656628993031
247,1207,"1 Female",0.125,0.125
248,1208,"1 Female",0.075,0.0553253778649314
249,1209,"1 Female",0.1,0.1
250,1210,"1 Female",0.25,0.25
251,1211,"1 Female",0.25,0.159124205639849
252,1212,"1 Female",0.2,0.134926380686388
253,1213,"1 Female",0.575,0.356060172097142
254,1214,"1 Female",0.275,0.164033689472777
255,1215,"1 Female",0.2,0.139596488090423
256,1216,"1 Female",0.075,0.0553253778649314
257,1217,"1 Female",0.825,0.564877454375317
258,1218,"1 Female",0.125,0.0890656628993031
259,1219,"1 Female",0.5,0.405095746833467
260,1220,"1 Female",0.125,0.0890656628993031
261,1221,"1 Female",0.175,0.133433455997689
262,1222,"1 Female",0.3,0.172463299700515
263,1223,"1 Female",0.15,0.0916375245051714
264,1224,"1 Female",0.1,0.0697982440452113
265,1225,"1 Female",0.075,0.075
266,1226,"1 Female",0.125,0.102453867041683
267,1227,"1 Female",0.1,0.0784464540552736
268,1228,"1 Female",0.225,0.158063197357811
269,1229,"1 Female",0.075,0.0553253778649314
270,1230,"1 Female",0.125,0.0890656628993031
271,1231,"1 Female",0.075,0.075
272,1232,"1 Female",0.2,0.119828937903056
273,1233,"1 Female",0.075,0.0421763696143487
274,1234,"1 Female",0.15,0.110650755729863
275,1235,"1 Female",0.1,0.0599144689515278
276,1236,"1 Female",0.175,0.106743762202907
277,1237,"1 Female",0.125,0.0890656628993031
278,1238,"1 Female",0.1,0.0784464540552736
279,1239,"1 Female",0.075,0.0553253778649314
280,1240,"1 Female",0.15,0.110650755729863
281,1241,"1 Female",0.25,0.204907734083366
282,1242,"1 Female",0,0
283,1243,"1 Female",0.4,0.313785816221094
284,1244,"1 Female",0.15,0.15
285,1245,"1 Female",0.125,0.0890656628993031
286,1246,"1 Female",0.15,0.110650755729863
287,1247,"1 Female",0.325,0.169416419147977
288,1248,"1 Female",0.625,0.531914177577259
289,1249,"1 Female",0.475,0.425150802807904
290,1250,"1 Female",0.125,0.0639260389945948
291,1251,"1 Female",0.325,0.300400373860261
292,1252,"1 Female",0.15,0.110650755729863
293,1253,"1 Female",0.175,0.175
294,1254,"1 Female",0.375,0.375
295,1255,"1 Female",0.075,0.075
296,1256,"1 Female",0.225,0.225
297,1257,"1 Female",0.25,0.225746624474295
298,1258,"1 Female",0.1,0.1
299,1259,"1 Female",0.025,0.025
300,1260,"1 Female",0.15,0.110650755729863
301,1261,"1 Female",0.25,0.178131325798606
302,1262,"1 Female",0.275,0.2117918063353
303,1263,"1 Female",0,0
304,1264,"1 Female",0.075,0.075
305,1265,"1 Female",0.075,0.0553253778649314
306,1266,"1 Female",0.15,0.110650755729863
307,1267,"1 Female",0.175,0.0939687618580143
308,1268,"1 Female",0.125,0.0815514624371692
309,1269,"1 Female",0.225,0.200919361295993
310,1270,"1 Female",0.2,0.114354374979373
311,1271,"1 Female",0.075,0.0553253778649314
312,1272,"1 Female",0.025,0.025
313,1273,"1 Female",0.35,0.254573549898045
314,1274,"1 Female",0.075,0.075
315,1275,"1 Female",0,0
316,1276,"1 Female",0.1,0.1
317,1277,"1 Female",0.15,0.0763762615825973
318,1278,"1 Female",0.325,0.325
319,1279,"1 Female",0.2,0.144115338424578
320,1280,"1 Female",0.15,0.0916375245051714
321,1281,"1 Female",0.025,0.025
322,1282,"1 Female",0.075,0.0553253778649314
323,1283,"1 Female",0.05,0.05
324,1284,"1 Female",0.15,0.15
325,1285,"1 Female",0.05,0.05
326,1286,"1 Female",0.05,0.05
327,1287,"1 Female",0.075,0.0553253778649314
328,1288,"1 Female",0.05,0.05
329,1289,"1 Female",0.575,0.575
330,1290,"1 Female",0.75,0.724789978421689
331,1291,"1 Female",0.275,0.160078105935821
332,1292,"1 Female",0.05,0.05
333,1293,"1 Female",0.05,0.05
334,1294,"1 Female",0.275,0.275
335,1295,"1 Female",0.15,0.0843527392286973
336,1296,"1 Female",0.975,0.785679111766799
337,1297,"1 Female",1.025,0.927836952409425
338,1298,"1 Female",0.025,0.025
339,1299,"1 Female",0.675,0.422731502347439
340,1300,"1 Female",0.45,0.253058217686092
341,1301,"1 Female",0.15,0.104697366067817
342,1302,"1 Female",0.225,0.126529108843046
343,1303,"1 Female",0.1,0.0784464540552736
344,1304,"1 Female",0.225,0.136285428233241
345,1305,"1 Female",0.125,0.0815514624371692
346,1306,"1 Female",0.1,0.0697982440452113
347,1307,"1 Female",0.225,0.115954787829192
348,1308,"1 Female",0.125,0.0890656628993031
349,1309,"1 Female",0.025,0.025
350,1310,"1 Female",0.125,0.0890656628993031
351,1311,"1 Female",0.625,0.599879795651403
352,1312,"1 Female",0.4,0.350457576349139
353,1313,"1 Female",0.85,0.679884982731336
354,1314,"1 Female",0.125,0.073270660864972
355,1315,"1 Female",0.15,0.0763762615825973
356,1316,"1 Female",0.225,0.145388515752863
357,1317,"1 Female",0.05,0.05
358,1318,"1 Female",0.125,0.0639260389945948
359,1319,"1 Female",0.125,0.102453867041683
360,1320,"1 Female",0.225,0.126529108843046
361,1321,"1 Female",0.1,0.0599144689515278
362,1322,"1 Female",0.075,0.0553253778649314
363,1323,"1 Female",0.4,0.352281938371192
364,1324,"1 Female",0.025,0.025
365,1325,"1 Female",0.1,0.0599144689515278
366,1326,"1 Female",0.15,0.104697366067817
367,1327,"1 Female",0.175,0.100559333167934
368,1328,"1 Female",0.125,0.0890656628993031
369,1329,"1 Female",0.225,0.14091050078248
370,1330,"1 Female",0.125,0.0890656628993031
371,1331,"1 Female",0.225,0.158063197357811
372,1332,"1 Female",0.425,0.234486618720503
373,1333,"1 Female",0.275,0.143167017402036
374,1334,"1 Female",0.2,0.152752523165195
375,1335,"1 Female",0.275,0.250608234460656
376,1336,"1 Female",0.475,0.352622955460856
377,1337,"1 Female",0.05,0.05
378,1338,"1 Female",0.225,0.158063197357811
379,1339,"1 Female",0.25,0.132771251135949
380,1340,"1 Female",0.25,0.122735905765601
381,1341,"1 Female",0.25,0.10591481821704
382,1342,"1 Female",0.2,0.144115338424578
383,1343,"1 Female",0.275,0.171671645434399
384,1344,"1 Female",0.35,0.154214303104645
385,1345,"1 Female",0.225,0.115954787829192
386,1346,"1 Female",0.35,0.170030163236575
387,1347,"1 Female",0.275,0.133913002758105
388,1348,"1 Female",0.3,0.164862024673626
389,1349,"1 Female",0.25,0.122735905765601
390,1350,"1 Female",0.4,0.174679193130781
391,1351,"1 Female",0.6,0.380283295209485
392,1352,"1 Female",0.275,0.123970116332888
393,1353,"1 Female",0.35,0.16231498343084
394,1354,"1 Female",0.2,0.130088727117598
395,1355,"1 Female",0.175,0.128539627731824
396,1356,"1 Female",0.25,0.142099640014701
397,1357,"1 Female",0.125,0.0890656628993031
398,1358,"1 Female",0.1,0.0784464540552736
399,1359,"1 Female",0.4,0.205064092544946
400,1360,"1 Female",0.25,0.12785207798919
401,1361,"1 Female",0.45,0.195952636872883
402,1362,"1 Female",0.275,0.123970116332888
403,1363,"1 Female",0.425,0.171297836290914
404,1364,"1 Female",0.275,0.113156913971207
405,1365,"1 Female",0.5,0.189466186686268
406,1366,"1 Female",0.175,0.112588996137642
407,1367,"1 Female",0.4,0.142325016270543
408,1368,"1 Female",0.875,0.458799296939081
409,1369,"1 Female",0.575,0.281678804168771
410,1370,"1 Female",0.3,0.164862024673626
411,1371,"1 Female",0.3,0.130088727117598
412,1372,"1 Female",0.55,0.195952636872883
413,1373,"1 Female",0.325,0.13581425853169
414,1374,"1 Female",0.475,0.253153191687441
415,1375,"1 Female",0.25,0.111803398874989
416,1376,"1 Female",0.5,0.234793963142593
417,1377,"1 Female",0.7,0.551454952015633
418,1378,"1 Female",0.25,0.137514567992836
419,1379,"1 Female",0.325,0.149303940559741
420,1380,"1 Female",0.5,0.192819830877136
421,1381,"1 Female",0.35,0.15831646333879
422,1382,"1 Female",0.3,0.139596488090423
423,1383,"1 Female",0.15,0.0843527392286973
424,1384,"1 Female",0.125,0.073270660864972
425,1385,"1 Female",0.25,0.10591481821704
426,1386,"1 Female",0.275,0.138617255743084
427,1387,"1 Female",0.1,0.0697982440452113
428,1388,"1 Female",0.025,0.025
429,1389,"1 Female",0.2,0.0891555828241729
430,1390,"1 Female",0.075,0.0553253778649314
431,1391,"1 Female",0.25,0.142099640014701
432,1392,"1 Female",0.05,0.0348991220226056
433,1393,"1 Female",0.2,0.125064086135971
434,1394,"1 Female",0.275,0.133913002758105
435,1395,"1 Female",0.375,0.219811982594916
436,1396,"1 Female",0.05,0.05
437,1397,"1 Female",0.2,0.114354374979373
438,1398,"1 Female",0.65,0.478445667145452
439,1399,"1 Female",0.15,0.0843527392286973
440,1400,"1 Female",0.175,0.106743762202907
441,1401,"1 Female",0.4,0.242317867104241
442,1402,"1 Female",0.375,0.278934557162585
443,1403,"1 Female",0.1,0.0697982440452113
444,1404,"1 Female",0.2,0.102532046272473
445,1405,"1 Female",0.125,0.0815514624371692
446,1406,"1 Female",0.125,0.073270660864972
447,1407,"1 Female",0.05,0.0348991220226056
448,1408,"1 Female",0.125,0.073270660864972
449,1409,"1 Female",0.225,0.104313998372271
450,1410,"1 Female",0.325,0.16558946764475
451,1411,"1 Female",0.275,0.147576577253459
452,1412,"1 Female",0.15,0.0843527392286973
453,1413,"1 Female",0.25,0.137514567992836
454,1414,"1 Female",0.225,0.104313998372271
455,1415,"1 Female",0.35,0.173759338431946
456,1416,"1 Female",0.475,0.290859689497116
457,1417,"1 Female",0.175,0.0705972687784333
458,1418,"1 Female",0.2,0.102532046272473
459,1419,"1 Female",0.2,0.102532046272473
460,1420,"1 Female",0.475,0.400300367993067
461,1421,"1 Female",0.95,0.778682318950516
462,1422,"1 Female",1.125,0.901698895106286
463,1423,"1 Female",0.8,0.578681082178945
464,1424,"1 Female",0.125,0.0639260389945948
465,1425,"1 Female",0.2,0.0816496580927726
466,1426,"1 Female",0.875,0.558371602209359
467,1427,"1 Female",1.125,0.596127997785366
468,1428,"1 Female",0.425,0.178625449704266
469,1429,"1 Female",0.725,0.380599223896698
470,1430,"1 Female",0.35,0.180987320706204
471,1431,"1 Female",0.2,0.108604197869474
472,1432,"1 Female",0.375,0.154784796841723
473,1433,"1 Female",0.45,0.189296944860009
474,1434,"1 Female",0.325,0.126021467442695
475,1435,"1 Female",0.5,0.253184841770917
476,1436,"1 Female",0.35,0.136579083881267
477,1437,"1 Female",1,0.240192230707631
478,1438,"1 Female",1.75,0.211071746217446
479,1439,"1 Female",1.55,0.202389571029583
480,0,"1 Female",1.125,0.125
481,1,"1 Female",1.3,0.193483584409369
482,2,"1 Female",1.6,0.198713813025616
483,3,"1 Female",1.375,0.184972277895212
484,4,"1 Female",1.425,0.211488921938158
485,5,"1 Female",1.4,0.163299316185545
486,6,"1 Female",1.3,0.2
487,7,"1 Female",1.325,0.190772720191412
488,8,"1 Female",1.775,0.204084886813407
489,9,"1 Female",1.2,0.160926802918084
490,10,"1 Female",1.325,0.173158812536279
491,11,"1 Female",1.45,0.18239854925199
492,12,"1 Female",1.15,0.170030163236575
493,13,"1 Female",1.45,0.18239854925199
494,14,"1 Female",1.3,0.172463299700515
495,15,"1 Female",0.975,0.187724224902873
496,16,"1 Female",1.15,0.15
497,17,"1 Female",1.475,0.175365917806754
498,18,"1 Female",1.35,0.244293854158239
499,19,"1 Female",1.4,0.159325501363138
500,20,"1 Female",1.125,0.172416832422371
501,21,"1 Female",1.225,0.165976133594794
502,22,"1 Female",1.275,0.164033689472777
503,23,"1 Female",1.125,0.168657975857986
504,24,"1 Female",1.125,0.172416832422371
505,25,"1 Female",1.125,0.156841827885163
506,26,"1 Female",1.5,0.199357943768463
507,27,"1 Female",1.3,0.297855583660855
508,28,"1 Female",1.225,0.158063197357811
509,29,"1 Female",1.3,0.215430398064564
510,30,"1 Female",1.1,0.137747446344239
511,31,"1 Female",1.225,0.153954288920196
512,32,"1 Female",1.35,0.141194537556867
513,33,"1 Female",1.25,0.178131325798606
514,34,"1 Female",1.35,0.145663820895749
515,35,"1 Female",1,0.147630863287023
516,36,"1 Female",1.25,0.18861845900368
517,37,"1 Female",1,0.133972825411417
518,38,"1 Female",1.4,0.361265581688625
519,39,"1 Female",1.125,0.275465805965841
520,40,"1 Female",0.9,0.142325016270543
521,41,"1 Female",1.05,0.17522878817457
522,42,"1 Female",0.925,0.131009394848085
523,43,"1 Female",1.1,0.146759877141069
524,44,"1 Female",1.175,0.163642433842345
525,45,"1 Female",0.975,0.126529108843046
526,46,"1 Female",1.3,0.164862024673626
527,47,"1 Female",0.9,0.133012434352235
528,48,"1 Female",1.025,0.177184171892499
529,49,"1 Female",0.975,0.153954288920196
530,50,"1 Female",0.9,0.151064598170825
531,51,"1 Female",1.175,0.15561087233784
532,52,"1 Female",1.125,0.176095472356944
533,53,"1 Female",1.05,0.142999013803305
534,54,"1 Female",0.875,0.13953907641286
535,55,"1 Female",1.125,0.160877003503951
536,56,"1 Female",1.175,0.292836481894256
537,57,"1 Female",0.75,0.111803398874989
538,58,"1 Female",0.9,0.151064598170825
539,59,"1 Female",1.025,0.294146963094022
540,60,"1 Female",0.95,0.17522878817457
541,61,"1 Female",1.35,0.276308077779412
542,62,"1 Female",1.125,0.196728043443031
543,63,"1 Female",1.15,0.304980032973997
544,64,"1 Female",0.95,0.151699770971549
545,65,"1 Female",1.025,0.177184171892499
546,66,"1 Female",1.1,0.192153784566105
547,67,"1 Female",0.825,0.128539627731824
548,68,"1 Female",1.125,0.186696998451419
549,69,"1 Female",0.825,0.151435439404693
550,70,"1 Female",0.975,0.180765821026216
551,71,"1 Female",0.85,0.121686861688895
552,72,"1 Female",1.1,0.198713813025616
553,73,"1 Female",0.8,0.148496740877644
554,74,"1 Female",0.75,0.191986911947076
555,75,"1 Female",0.875,0.13953907641286
556,76,"1 Female",0.95,0.226313827942414
557,77,"1 Female",1,0.143222974807887
558,78,"1 Female",0.925,0.176822016844695
559,79,"1 Female",0.75,0.132771251135949
560,80,"1 Female",1.25,0.208012573584461
561,81,"1 Female",1.1,0.217208395738947
562,82,"1 Female",0.975,0.28753483623951
563,83,"1 Female",1.325,0.367576086663944
564,84,"1 Female",0.9,0.155250005161237
565,85,"1 Female",0.925,0.149303940559741
566,86,"1 Female",1.125,0.156841827885163
567,87,"1 Female",1.175,0.220394459886627
568,88,"1 Female",1.125,0.295668516746156
569,89,"1 Female",1.05,0.195952636872883
570,90,"1 Female",0.875,0.164813414315891
571,91,"1 Female",0.675,0.140454847202096
572,92,"1 Female",1.375,0.489226888792867
573,93,"1 Female",1.1,0.188788309068718
574,94,"1 Female",1.5,0.767112467935138
575,95,"1 Female",1.05,0.217650625709633
576,96,"1 Female",0.525,0.107342609887388
577,97,"1 Female",0.95,0.167752870738553
578,98,"1 Female",1.1,0.167178700643108
579,99,"1 Female",0.8,0.125064086135971
580,100,"1 Female",0.75,0.137514567992836
581,101,"1 Female",1.15,0.292096752499087
582,102,"1 Female",1,0.253184841770917
583,103,"1 Female",0.625,0.132469154609958
584,104,"1 Female",0.875,0.164813414315891
585,105,"1 Female",0.775,0.207202056716849
586,106,"1 Female",0.8,0.179743406854583
587,107,"1 Female",0.75,0.166986871893019
588,108,"1 Female",0.775,0.153954288920196
589,109,"1 Female",0.725,0.156022269942303
590,110,"1 Female",0.75,0.255076660171217
591,111,"1 Female",0.75,0.166986871893019
592,112,"1 Female",1.45,0.473597795386414
593,113,"1 Female",0.525,0.118686724032381
594,114,"1 Female",0.675,0.120827807123853
595,115,"1 Female",0.7,0.160926802918084
596,116,"1 Female",0.85,0.191317965969127
597,117,"1 Female",0.85,0.173759338431946
598,118,"1 Female",0.75,0.12785207798919
599,119,"1 Female",0.8,0.139596488090423
600,120,"1 Female",0.7,0.102532046272473
601,121,"1 Female",0.75,0.132771251135949
602,122,"1 Female",0.875,0.164813414315891
603,123,"1 Female",1.05,0.185879751590328
604,124,"1 Female",0.85,0.177410143380696
605,125,"1 Female",1.075,0.230349511473103
606,126,"1 Female",0.975,0.329115948705479
607,127,"1 Female",0.8,0.2
608,128,"1 Female",0.7,0.179743406854583
609,129,"1 Female",0.625,0.105535873108723
610,130,"1 Female",0.725,0.164033689472777
611,131,"1 Female",0.725,0.151858149059895
612,132,"1 Female",0.65,0.180987320706204
613,133,"1 Female",0.875,0.13953907641286
614,134,"1 Female",0.725,0.129037362905637
615,135,"1 Female",0.525,0.123970116332888
616,136,"1 Female",0.775,0.131497781983829
617,137,"1 Female",0.575,0.128539627731824
618,138,"1 Female",0.625,0.154784796841723
619,139,"1 Female",0.75,0.137514567992836
620,140,"1 Female",0.725,0.143167017402036
621,141,"1 Female",0.625,0.127538330085609
622,142,"1 Female",0.5,0.101273936708367
623,143,"1 Female",1.05,0.365060585066686
624,144,"1 Female",0.725,0.138617255743084
625,145,"1 Female",0.55,0.133733374236259
626,146,"1 Female",0.875,0.297828680749392
627,147,"1 Female",0.6,0.163299316185545
628,148,"1 Female",0.7,0.125064086135971
629,149,"1 Female",0.725,0.175365917806754
630,150,"1 Female",0.75,0.132771251135949
631,151,"1 Female",1.025,0.219227957696772
632,152,"1 Female",1.575,0.493401978938586
633,153,"1 Female",1,0.229268625337403
634,154,"1 Female",0.65,0.16231498343084
635,155,"1 Female",0.725,0.138617255743084
636,156,"1 Female",0.6,0.137747446344239
637,157,"1 Female",0.55,0.142999013803305
638,158,"1 Female",0.775,0.191108440152276
639,159,"1 Female",0.725,0.147576577253459
640,160,"1 Female",0.6,0.133012434352235
641,161,"1 Female",1.3,0.484635734208482
642,162,"1 Female",1.7,0.687059882434771
643,163,"1 Female",0.675,0.144946939893933
644,164,"1 Female",0.6,0.151064598170825
645,165,"1 Female",0.85,0.230801279825808
646,166,"1 Female",0.925,0.336626362146977
647,167,"1 Female",0.85,0.173759338431946
648,168,"1 Female",0.625,0.137222914285946
649,169,"1 Female",0.8,0.134926380686388
650,170,"1 Female",0.85,0.141194537556867
651,171,"1 Female",0.75,0.146541321729944
652,172,"1 Female",0.575,0.133433455997689
653,173,"1 Female",0.65,0.145663820895749
654,174,"1 Female",1,0.192819830877136
655,175,"1 Female",0.625,0.14626766822928
656,176,"1 Female",0.7,0.164862024673626
657,177,"1 Female",0.75,0.166986871893019
658,178,"1 Female",0.475,0.156022269942303
659,179,"1 Female",0.775,0.315187164583123
660,180,"1 Female",0.55,0.123776059157306
661,181,"1 Female",0.525,0.113156913971207
662,182,"1 Female",0.675,0.13581425853169
663,183,"1 Female",1.125,0.722520073361465
664,184,"1 Female",1,0.416025147168922
665,185,"1 Female",0.725,0.143167017402036
666,186,"1 Female",0.95,0.277234511486168
667,187,"1 Female",0.6,0.112089707663561
668,188,"1 Female",0.65,0.121686861688895
669,189,"1 Female",0.875,0.193442166537887
670,190,"1 Female",0.725,0.223570960455454
671,191,"1 Female",0.525,0.138617255743084
672,192,"1 Female",0.75,0.155043418236511
673,193,"1 Female",0.625,0.154784796841723
674,194,"1 Female",0.6,0.167178700643108
675,195,"1 Female",0.75,0.163102924874338
676,196,"1 Female",0.6,0.174679193130781
677,197,"1 Female",0.775,0.294146963094022
678,198,"1 Female",0.725,0.171671645434399
679,199,"1 Female",0.4,0.112089707663561
680,200,"1 Female",0.8,0.193483584409369
681,201,"1 Female",0.65,0.131802104959651
682,202,"1 Female",1.025,0.254416123904449
683,203,"1 Female",0.875,0.209356462057249
684,204,"1 Female",0.9,0.178311165648346
685,205,"1 Female",0.475,0.133913002758105
686,206,"1 Female",0.475,0.113156913971207
687,207,"1 Female",0.575,0.128539627731824
688,208,"1 Female",0.875,0.218348991413476
689,209,"1 Female",0.925,0.19737865470545
690,210,"1 Female",1.225,0.4661455423649
691,211,"1 Female",0.8,0.130088727117598
692,212,"1 Female",0.575,0.138154038889706
693,213,"1 Female",0.45,0.0943941545343588
694,214,"1 Female",0.725,0.214797161323935
695,215,"1 Female",0.6,0.146759877141069
696,216,"1 Female",0.975,0.434840819681799
697,217,"1 Female",0.775,0.149732667761153
698,218,"1 Female",0.675,0.153537350337688
699,219,"1 Female",0.925,0.190772720191412
700,220,"1 Female",0.7,0.203179849596487
701,221,"1 Female",0.55,0.118484013851918
702,222,"1 Female",0.675,0.126021467442695
703,223,"1 Female",0.75,0.201755119402528
704,224,"1 Female",0.75,0.15085227958639
705,225,"1 Female",0.45,0.123776059157306
706,226,"1 Female",0.625,0.141817416022079
707,227,"1 Female",0.625,0.174265859374663
708,228,"1 Female",0.75,0.137514567992836
709,229,"1 Female",0.425,0.100559333167934
710,230,"1 Female",0.75,0.217060785531115
711,231,"1 Female",0.475,0.147576577253459
712,232,"1 Female",0.575,0.15561087233784
713,233,"1 Female",0.35,0.110650755729863
714,234,"1 Female",0.675,0.161671953389636
715,235,"1 Female",0.425,0.106743762202907
716,236,"1 Female",0.55,0.178849600187363
717,237,"1 Female",0.675,0.282814381457122
718,238,"1 Female",0.6,0.1
719,239,"1 Female",0.55,0.138443731048635
720,240,"1 Female",0.6,0.155250005161237
721,241,"1 Female",0.575,0.163642433842345
722,242,"1 Female",0.4,0.1
723,243,"1 Female",0.525,0.118686724032381
724,244,"1 Female",0.525,0.118686724032381
725,245,"1 Female",0.525,0.156022269942303
726,246,"1 Female",0.525,0.113156913971207
727,247,"1 Female",0.65,0.141194537556867
728,248,"1 Female",0.75,0.15085227958639
729,249,"1 Female",0.55,0.107118434334894
730,250,"1 Female",0.575,0.138154038889706
731,251,"1 Female",0.5,0.118754217199071
732,252,"1 Female",0.375,0.117055213796409
733,253,"1 Female",0.575,0.138154038889706
734,254,"1 Female",0.475,0.118686724032381
735,255,"1 Female",0.625,0.21389998861198
736,256,"1 Female",0.5,0.138675049056307
737,257,"1 Female",0.775,0.344345346924738
738,258,"1 Female",0.625,0.231182855810099
739,259,"1 Female",0.375,0.111444478530216
740,260,"1 Female",0.65,0.166217343042792
741,261,"1 Female",0.575,0.128539627731824
742,262,"1 Female",0.425,0.112588996137642
743,263,"1 Female",0.675,0.194103791954928
744,264,"1 Female",0.55,0.100956959603128
745,265,"1 Female",0.725,0.267915744505332
746,266,"1 Female",0.675,0.13581425853169
747,267,"1 Female",0.45,0.123776059157306
748,268,"1 Female",0.5,0.189466186686268
749,269,"1 Female",0.8,0.275494892688478
750,270,"1 Female",0.5,0.133972825411417
751,271,"1 Female",0.475,0.107342609887388
752,272,"1 Female",0.575,0.163642433842345
753,273,"1 Female",0.75,0.155043418236511
754,274,"1 Female",0.5,0.164082530828473
755,275,"1 Female",0.375,0.0992762269164639
756,276,"1 Female",0.525,0.118686724032381
757,277,"1 Female",0.45,0.0943941545343588
758,278,"1 Female",0.525,0.133913002758105
759,279,"1 Female",0.575,0.128539627731824
760,280,"1 Female",0.425,0.106743762202907
761,281,"1 Female",0.45,0.112944279431985
762,282,"1 Female",0.575,0.151435439404693
763,283,"1 Female",0.475,0.118686724032381
764,284,"1 Female",0.55,0.151699770971549
765,285,"1 Female",0.45,0.118484013851918
766,286,"1 Female",0.45,0.107118434334894
767,287,"1 Female",0.425,0.100559333167934
768,288,"1 Female",0.425,0.0939687618580143
769,289,"1 Female",0.55,0.128850937530792
770,290,"1 Female",1.775,0.847687276033277
771,291,"1 Female",0.85,0.300746933398693
772,292,"1 Female",0.15,0.0674631903431942
773,293,"1 Female",0.7,0.30842860620929
774,294,"1 Female",0.575,0.288425211387809
775,295,"1 Female",0.525,0.234759833632543
776,296,"1 Female",0.5,0.133972825411417
777,297,"1 Female",0.8,0.36019937499056
778,298,"1 Female",0.725,0.186009029281804
779,299,"1 Female",0.525,0.147576577253459
780,300,"1 Female",0.325,0.126021467442695
781,301,"1 Female",0.5,0.118754217199071
782,302,"1 Female",0.6,0.288230676849157
783,303,"1 Female",0.85,0.501983246221604
784,304,"1 Female",0.475,0.151858149059895
785,305,"1 Female",0.6,0.155250005161237
786,306,"1 Female",0.4,0.0933699561847852
787,307,"1 Female",0.5,0.11322770341446
788,308,"1 Female",0.85,0.244293854158239
789,309,"1 Female",0.8,0.176140969185596
790,310,"1 Female",0.625,0.177906270338178
791,311,"1 Female",0.575,0.142718568320978
792,312,"1 Female",0.675,0.206892453171901
793,313,"1 Female",0.425,0.133433455997689
794,314,"1 Female",0.5,0.133972825411417
795,315,"1 Female",0.5,0.133972825411417
796,316,"1 Female",0.45,0.100956959603128
797,317,"1 Female",0.675,0.144946939893933
798,318,"1 Female",0.4,0.106217000908759
799,319,"1 Female",0.475,0.113156913971207
800,320,"1 Female",0.6,0.133012434352235
801,321,"1 Female",0.65,0.222313015640283
802,322,"1 Female",0.875,0.426956281914983
803,323,"1 Female",0.85,0.344461675885498
804,324,"1 Female",0.7,0.377576618137435
805,325,"1 Female",0.65,0.197905701450632
806,326,"1 Female",0.425,0.142718568320978
807,327,"1 Female",0.425,0.133433455997689
808,328,"1 Female",0.375,0.105535873108723
809,329,"1 Female",0.725,0.156022269942303
810,330,"1 Female",0.525,0.138617255743084
811,331,"1 Female",0.55,0.128850937530792
812,332,"1 Female",0.75,0.18861845900368
813,333,"1 Female",0.55,0.133733374236259
814,334,"1 Female",0.675,0.131009394848085
815,335,"1 Female",0.525,0.113156913971207
816,336,"1 Female",0.825,0.15561087233784
817,337,"1 Female",0.825,0.182178765403937
818,338,"1 Female",0.575,0.112588996137642
819,339,"1 Female",0.625,0.127538330085609
820,340,"1 Female",0.55,0.178849600187363
821,341,"1 Female",1.325,0.821496055517474
822,342,"1 Female",0.4,0.1
823,343,"1 Female",1,0.248069469178417
824,344,"1 Female",0.525,0.118686724032381
825,345,"1 Female",0.525,0.107342609887388
826,346,"1 Female",0.5,0.118754217199071
827,347,"1 Female",0.45,0.128850937530792
828,348,"1 Female",0.675,0.153537350337688
829,349,"1 Female",0.275,0.0946484724300046
830,350,"1 Female",0.525,0.118686724032381
831,351,"1 Female",0.45,0.133733374236259
832,352,"1 Female",0.425,0.123451952659262
833,353,"1 Female",0.35,0.0983843848356393
834,354,"1 Female",0.625,0.137222914285946
835,355,"1 Female",0.625,0.174265859374663
836,356,"1 Female",0.8,0.160926802918084
837,357,"1 Female",0.35,0.0916375245051714
838,358,"1 Female",0.55,0.163887078071989
839,359,"1 Female",0.8,0.266024868704471
840,360,"1 Female",0.575,0.138154038889706
841,361,"1 Female",0.575,0.182178765403937
842,362,"1 Female",0.65,0.184495153157099
843,363,"1 Female",0.525,0.156022269942303
844,364,"1 Female",0.775,0.177184171892499
845,365,"1 Female",0.6,0.201913919206257
846,366,"1 Female",0.725,0.26063900764792
847,367,"1 Female",0.5,0.124034734589208
848,368,"1 Female",0.575,0.163642433842345
849,369,"1 Female",0.525,0.129037362905637
850,370,"1 Female",0.4,0.11766968108291
851,371,"1 Female",0.35,0.121686861688895
852,372,"1 Female",0.55,0.189296944860009
853,373,"1 Female",0.275,0.101194785514791
854,374,"1 Female",0.85,0.383221834397486
855,375,"1 Female",0.425,0.118145390656315
856,376,"1 Female",0.475,0.143167017402036
857,377,"1 Female",0.35,0.104697366067817
858,378,"1 Female",0.225,0.0838764353692765
859,379,"1 Female",0.4,0.112089707663561
860,380,"1 Female",0.375,0.0925943732022521
861,381,"1 Female",0.375,0.141817416022079
862,382,"1 Female",0.425,0.133433455997689
863,383,"1 Female",0.4,0.1
864,384,"1 Female",0.325,0.10970531623516
865,385,"1 Female",0.5,0.217797836159815
866,386,"1 Female",0.6,0.12810252304407
867,387,"1 Female",0.725,0.143167017402036
868,388,"1 Female",0.775,0.230627627495282
869,389,"1 Female",0.55,0.128850937530792
870,390,"1 Female",0.5,0.138675049056307
871,391,"1 Female",0.55,0.217650625709633
872,392,"1 Female",0.7,0.183275049010343
873,393,"1 Female",0.775,0.194433760390235
874,394,"1 Female",0.925,0.30463828908968
875,395,"1 Female",0.6,0.167178700643108
876,396,"1 Female",0.5,0.11322770341446
877,397,"1 Female",0.4,0.106217000908759
878,398,"1 Female",0.525,0.129037362905637
879,399,"1 Female",0.775,0.204084886813407
880,400,"1 Female",0.55,0.142999013803305
881,401,"1 Female",0.525,0.133913002758105
882,402,"1 Female",0.35,0.104697366067817
883,403,"1 Female",0.55,0.147413599205668
884,404,"1 Female",0.475,0.129037362905637
885,405,"1 Female",0.65,0.228006972452992
886,406,"1 Female",0.725,0.192778270400119
887,407,"1 Female",0.375,0.0992762269164639
888,408,"1 Female",0.35,0.0916375245051715
889,409,"1 Female",0.35,0.0916375245051714
890,410,"1 Female",0.4,0.11766968108291
891,411,"1 Female",0.55,0.100956959603128
892,412,"1 Female",0.4,0.106217000908759
893,413,"1 Female",0.575,0.138154038889706
894,414,"1 Female",0.675,0.183929682773413
895,415,"1 Female",0.55,0.163887078071989
896,416,"1 Female",0.675,0.212999036954606
897,417,"1 Female",0.5,0.11322770341446
898,418,"1 Female",0.275,0.0876143940872848
899,419,"1 Female",0.375,0.132469154609958
900,420,"1 Female",0.35,0.116299789447965
901,421,"1 Female",0.325,0.103697662115426
902,422,"1 Female",0.3,0.102532046272473
903,423,"1 Female",0.4,0.11766968108291
904,424,"1 Female",0.675,0.246481652721263
905,425,"1 Female",0.325,0.126021467442695
906,426,"1 Female",0.35,0.154214303104645
907,427,"1 Female",0.3,0.102532046272473
908,428,"1 Female",1.225,0.849198339914075
909,429,"1 Female",0.525,0.270297793990068
910,430,"1 Female",0.3,0.102532046272473
911,431,"1 Female",0.35,0.0983843848356393
912,432,"1 Female",0.175,0.0868796692159732
913,433,"1 Female",0.35,0.116299789447965
914,434,"1 Female",0.275,0.123970116332888
915,435,"1 Female",0.325,0.115400639912904
916,436,"1 Female",0.375,0.127538330085609
917,437,"1 Female",0.25,0.0930260509419063
918,438,"1 Female",0.65,0.336935663036196
919,439,"1 Female",0.95,0.674584392469988
920,440,"1 Female",0.35,0.121686861688895
921,441,"1 Female",0.45,0.128850937530792
922,442,"1 Female",0.4,0.137747446344239
923,443,"1 Female",0.9,0.350457576349139
924,444,"1 Female",1.175,0.481567286349531
925,445,"1 Female",0.475,0.138617255743084
926,446,"1 Female",0.6,0.142325016270543
927,447,"1 Female",0.45,0.118484013851918
928,448,"1 Female",0.45,0.107118434334894
929,449,"1 Female",0.45,0.178849600187363
930,450,"1 Female",0.45,0.128850937530792
931,451,"1 Female",0.575,0.123451952659262
932,452,"1 Female",0.275,0.0799639341780453
933,453,"1 Female",0.55,0.138443731048635
934,454,"1 Female",0.65,0.154214303104645
935,455,"1 Female",0.35,0.0843527392286973
936,456,"1 Female",0.6,0.159325501363138
937,457,"1 Female",1,0.293082643459888
938,458,"1 Female",0.55,0.133733374236259
939,459,"1 Female",0.425,0.112588996137642
940,460,"1 Female",0.375,0.111444478530216
941,461,"1 Female",0.65,0.271628517063381
942,462,"1 Female",0.525,0.133913002758105
943,463,"1 Female",0.35,0.0916375245051714
944,464,"1 Female",0.6,0.333589645046202
945,465,"1 Female",0.425,0.133433455997689
946,466,"1 Female",0.575,0.138154038889706
947,467,"1 Female",0.325,0.103697662115426
948,468,"1 Female",0.275,0.0799639341780453
949,469,"1 Female",0.15,0.0571771874896866
950,470,"1 Female",0.325,0.120827807123853
951,471,"1 Female",0.35,0.0983843848356393
952,472,"1 Female",0.25,0.0930260509419063
953,473,"1 Female",0.225,0.0758498854857746
954,474,"1 Female",0.45,0.142999013803305
955,475,"1 Female",0.325,0.0973198532990769
956,476,"1 Female",0.55,0.17153156246906
957,477,"1 Female",1.325,0.945561493749369
958,478,"1 Female",1.6,1.07941104549111
959,479,"1 Female",0.425,0.138154038889706
960,480,"1 Female",0.4,0.112089707663561
961,481,"1 Female",0.3,0.119828937903056
962,482,"1 Female",0.625,0.219811982594916
963,483,"1 Female",0.575,0.159677158265654
964,484,"1 Female",0.675,0.238551988635709
965,485,"1 Female",0.65,0.191317965969127
966,486,"1 Female",0.75,0.214087209644419
967,487,"1 Female",0.475,0.118686724032381
968,488,"1 Female",0.725,0.286417975012492
969,489,"1 Female",0.375,0.111444478530216
970,490,"1 Female",0.65,0.177410143380696
971,491,"1 Female",0.525,0.143167017402036
972,492,"1 Female",0.225,0.0758498854857746
973,493,"1 Female",0.475,0.133913002758105
974,494,"1 Female",0.35,0.0916375245051715
975,495,"1 Female",0.95,0.551164268872766
976,496,"1 Female",0.925,0.336626362146977
977,497,"1 Female",0.575,0.147141567973299
978,498,"1 Female",0.5,0.160128153805087
979,499,"1 Female",0.675,0.157657125531227
980,500,"1 Female",0.35,0.104697366067817
981,501,"1 Female",0.475,0.123970116332888
982,502,"1 Female",0.5,0.138675049056307
983,503,"1 Female",0.375,0.117055213796409
984,504,"1 Female",0.35,0.141194537556867
985,505,"1 Female",0.925,0.397729936721015
986,506,"1 Female",0.775,0.251883927277055
987,507,"1 Female",0.7,0.196768769671279
988,508,"1 Female",0.425,0.128539627731824
989,509,"1 Female",0.625,0.313555908399615
990,510,"1 Female",0.625,0.311504825661267
991,511,"1 Female",0.65,0.207395324230853
992,512,"1 Female",0.525,0.129037362905637
993,513,"1 Female",0.5,0.129099444873581
994,514,"1 Female",1.275,0.75190996119455
995,515,"1 Female",0.9,0.357699200374725
996,516,"1 Female",0.975,0.364247555999051
997,517,"1 Female",0.5,0.107417231105915
998,518,"1 Female",0.625,0.158872227325561
999,519,"1 Female",0.425,0.106743762202907
1000,520,"1 Female",0.5,0.11322770341446
1001,521,"1 Female",0.675,0.13581425853169
1002,522,"1 Female",0.6,0.192153784566105
1003,523,"1 Female",0.475,0.113156913971207
1004,524,"1 Female",0.55,0.112944279431985
1005,525,"1 Female",0.8,0.148496740877644
1006,526,"1 Female",0.6,0.133012434352235
1007,527,"1 Female",0.425,0.100559333167934
1008,528,"1 Female",0.575,0.151435439404693
1009,529,"1 Female",0.6,0.133012434352235
1010,530,"1 Female",0.475,0.118686724032381
1011,531,"1 Female",0.325,0.0831086715213959
1012,532,"1 Female",0.5,0.107417231105915
1013,533,"1 Female",0.55,0.123776059157306
1014,534,"1 Female",0.775,0.16206796611615
1015,535,"1 Female",0.6,0.142325016270543
1016,536,"1 Female",0.425,0.118145390656315
1017,537,"1 Female",0.475,0.101194785514791
1018,538,"1 Female",0.575,0.142718568320978
1019,539,"1 Female",0.5,0.11322770341446
1020,540,"1 Female",0.825,0.138154038889706
1021,541,"1 Female",0.725,0.151858149059895
1022,542,"1 Female",0.675,0.169416419147977
1023,543,"1 Female",0.65,0.16231498343084
1024,544,"1 Female",0.7,0.218385685639668
1025,545,"1 Female",0.625,0.181473668359055
1026,546,"1 Female",0.575,0.239891802534136
1027,547,"1 Female",0.4,0.0862316498502576
1028,548,"1 Female",0.55,0.155868123087666
1029,549,"1 Female",0.35,0.0983843848356393
1030,550,"1 Female",0.8,0.193483584409369
1031,551,"1 Female",0.575,0.128539627731824
1032,552,"1 Female",0.925,0.30463828908968
1033,553,"1 Female",0.475,0.167896106459032
1034,554,"1 Female",0.55,0.155868123087666
1035,555,"1 Female",0.425,0.118145390656315
1036,556,"1 Female",0.625,0.137222914285946
1037,557,"1 Female",0.8,0.293519754282137
1038,558,"1 Female",0.525,0.156022269942303
1039,559,"1 Female",0.4,0.1229967687714
1040,560,"1 Female",0.425,0.100559333167934
1041,561,"1 Female",0.35,0.0983843848356393
1042,562,"1 Female",0.525,0.107342609887388
1043,563,"1 Female",0.625,0.162857102692624
1044,564,"1 Female",0.75,0.211071746217446
1045,565,"1 Female",1.175,0.745832438045588
1046,566,"1 Female",0.625,0.154784796841723
1047,567,"1 Female",0.325,0.0973198532990769
1048,568,"1 Female",0.7,0.196768769671279
1049,569,"1 Female",0.75,0.236832733357835
1050,570,"1 Female",0.475,0.123970116332888
1051,571,"1 Female",1.125,0.450338192006282
1052,572,"1 Female",0.825,0.167513872368522
1053,573,"1 Female",0.425,0.0868796692159732
1054,574,"1 Female",0.575,0.163642433842345
1055,575,"1 Female",0.625,0.188405931095056
1056,576,"1 Female",0.725,0.178983955734184
1057,577,"1 Female",0.775,0.158063197357811
1058,578,"1 Female",0.45,0.107118434334894
1059,579,"1 Female",0.625,0.19835057024861
1060,580,"1 Female",0.625,0.141817416022079
1061,581,"1 Female",0.425,0.118145390656315
1062,582,"1 Female",0.425,0.112588996137642
1063,583,"1 Female",1.075,0.374486828360337
1064,584,"1 Female",0.675,0.131009394848085
1065,585,"1 Female",0.75,0.159124205639849
1066,586,"1 Female",1.225,0.386449154117264
1067,587,"1 Female",0.675,0.140454847202096
1068,588,"1 Female",0.725,0.156022269942303
1069,589,"1 Female",0.8,0.156892908110547
1070,590,"1 Female",0.475,0.118686724032381
1071,591,"1 Female",1.025,0.437779214931044
1072,592,"1 Female",0.975,0.319228838424807
1073,593,"1 Female",0.6,0.174679193130781
1074,594,"1 Female",0.7,0.238047614284762
1075,595,"1 Female",0.85,0.16231498343084
1076,596,"1 Female",0.625,0.132469154609958
1077,597,"1 Female",0.475,0.101194785514791
1078,598,"1 Female",0.8,0.221301511459725
1079,599,"1 Female",0.35,0.0916375245051714
1080,600,"1 Female",0.475,0.143167017402036
1081,601,"1 Female",0.6,0.12810252304407
1082,602,"1 Female",0.85,0.21941063247032
1083,603,"1 Female",1.125,0.306317038711738
1084,604,"1 Female",0.625,0.132469154609958
1085,605,"1 Female",0.95,0.312044539884605
1086,606,"1 Female",1.6,0.838802565321389
1087,607,"1 Female",1.575,0.673573992280672
1088,608,"1 Female",0.775,0.180765821026216
1089,609,"1 Female",0.95,0.208627996744543
1090,610,"1 Female",0.55,0.100956959603128
1091,611,"1 Female",0.825,0.163642433842345
1092,612,"1 Female",0.575,0.128539627731824
1093,613,"1 Female",0.8,0.164862024673626
1094,614,"1 Female",0.55,0.128850937530792
1095,615,"1 Female",0.6,0.146759877141069
1096,616,"1 Female",1.15,0.302870878809385
1097,617,"1 Female",1.05,0.324135932232301
1098,618,"1 Female",0.975,0.336816734769092
1099,619,"1 Female",0.9,0.257701875061584
1100,620,"1 Female",0.625,0.122409045249828
1101,621,"1 Female",0.875,0.13953907641286
1102,622,"1 Female",0.925,0.140454847202096
1103,623,"1 Female",0.625,0.14626766822928
1104,624,"1 Female",0.85,0.180987320706204
1105,625,"1 Female",0.925,0.251629306107829
1106,626,"1 Female",0.925,0.268871096748361
1107,627,"1 Female",2.125,0.947457799614992
1108,628,"1 Female",1.25,0.355812540676357
1109,629,"1 Female",0.95,0.155868123087666
1110,630,"1 Female",0.925,0.157657125531227
1111,631,"1 Female",0.925,0.173158812536279
1112,632,"1 Female",0.825,0.281678804168771
1113,633,"1 Female",0.75,0.142099640014701
1114,634,"1 Female",0.925,0.161671953389636
1115,635,"1 Female",0.575,0.106743762202907
1116,636,"1 Female",0.825,0.133433455997689
1117,637,"1 Female",0.775,0.131497781983829
1118,638,"1 Female",1.3,0.565231969625904
1119,639,"1 Female",1.15,0.287674139012199
1120,640,"1 Female",0.675,0.115400639912904
1121,641,"1 Female",0.925,0.144946939893933
1122,642,"1 Female",1.25,0.225746624474295
1123,643,"1 Female",0.975,0.261865839598673
1124,644,"1 Female",1.125,0.172416832422371
1125,645,"1 Female",0.85,0.154214303104645
1126,646,"1 Female",0.95,0.229128784747792
1127,647,"1 Female",1.2,0.215430398064564
1128,648,"1 Female",1.1,0.231494586523624
1129,649,"1 Female",1.675,0.99188211406655
1130,650,"1 Female",0.75,0.0996789718842316
1131,651,"1 Female",1.1,0.195461321506656
1132,652,"1 Female",0.95,0.258074725811274
1133,653,"1 Female",0.575,0.118145390656315
1134,654,"1 Female",0.775,0.145388515752863
1135,655,"1 Female",0.525,0.107342609887388
1136,656,"1 Female",0.775,0.136285428233241
1137,657,"1 Female",0.975,0.191108440152276
1138,658,"1 Female",0.75,0.132771251135949
1139,659,"1 Female",0.9,0.12810252304407
1140,660,"1 Female",0.925,0.169416419147977
1141,661,"1 Female",0.875,0.232565127354766
1142,662,"1 Female",0.625,0.117055213796409
1143,663,"1 Female",1.05,0.142999013803305
1144,664,"1 Female",0.675,0.120827807123853
1145,665,"1 Female",0.75,0.122735905765601
1146,666,"1 Female",1.55,0.359754189583772
1147,667,"1 Female",1.05,0.242714351471553
1148,668,"1 Female",0.875,0.148442771498839
1149,669,"1 Female",0.95,0.142999013803305
1150,670,"1 Female",1.025,0.1842778698958
1151,671,"1 Female",0.775,0.149732667761153
1152,672,"1 Female",0.95,0.357967911468368
1153,673,"1 Female",0.725,0.123970116332888
1154,674,"1 Female",0.95,0.138443731048635
1155,675,"1 Female",0.725,0.164033689472777
1156,676,"1 Female",0.65,0.131802104959651
1157,677,"1 Female",0.95,0.17153156246906
1158,678,"1 Female",0.75,0.178131325798606
1159,679,"1 Female",0.9,0.159325501363138
1160,680,"1 Female",0.975,0.173528612877472
1161,681,"1 Female",0.65,0.126845353047495
1162,682,"1 Female",1,0.179028718509858
1163,683,"1 Female",1.05,0.163887078071989
1164,684,"1 Female",0.875,0.144059727641715
1165,685,"1 Female",0.625,0.14626766822928
1166,686,"1 Female",0.9,0.163299316185545
1167,687,"1 Female",0.775,0.110288084299536
1168,688,"1 Female",0.825,0.123451952659262
1169,689,"1 Female",0.65,0.121686861688895
1170,690,"1 Female",1.05,0.138443731048635
1171,691,"1 Female",0.9,0.112089707663561
1172,692,"1 Female",1.35,0.285437136641957
1173,693,"1 Female",0.975,0.153954288920196
1174,694,"1 Female",1.175,0.205337433358999
1175,695,"1 Female",0.975,0.153954288920196
1176,696,"1 Female",0.925,0.169416419147977
1177,697,"1 Female",0.9,0.1229967687714
1178,698,"1 Female",0.575,0.100559333167934
1179,699,"1 Female",1.1,0.151064598170825
1180,700,"1 Female",0.95,0.142999013803305
1181,701,"1 Female",1.025,0.246741585989087
1182,702,"1 Female",1.075,0.200600061354389
1183,703,"1 Female",0.95,0.128850937530792
1184,704,"1 Female",1.025,0.194433760390235
1185,705,"1 Female",0.9,0.155250005161237
1186,706,"1 Female",0.65,0.110650755729863
1187,707,"1 Female",0.9,0.155250005161237
1188,708,"1 Female",0.65,0.126845353047495
1189,709,"1 Female",0.95,0.151699770971549
1190,710,"1 Female",0.9,0.159325501363138
1191,711,"1 Female",0.825,0.123451952659262
1192,712,"1 Female",0.65,0.126845353047495
1193,713,"1 Female",0.8,0.160926802918084
1194,714,"1 Female",0.975,0.266716742093219
1195,715,"1 Female",0.875,0.144059727641715
1196,716,"1 Female",0.875,0.172416832422371
1197,717,"1 Female",1.7,0.24337372337779
1198,718,"1 Female",2.85,0.327284867684689
1199,719,"1 Female",2.1,0.247552118314611
1200,720,"1 Female",2,0.234793963142593
1201,721,"1 Female",2.025,0.227831190318734
1202,722,"1 Female",1.375,0.19835057024861
1203,723,"1 Female",1.675,0.227549656457324
1204,724,"1 Female",1.875,0.20314040868578
1205,725,"1 Female",1.825,0.301465437913553
1206,726,"1 Female",2.2,0.215430398064564
1207,727,"1 Female",2.525,0.272659033809534
1208,728,"1 Female",2.375,0.307361601125049
1209,729,"1 Female",2.3,0.25369070609499
1210,730,"1 Female",2.025,0.241489767262109
1211,731,"1 Female",1.95,0.205532454234337
1212,732,"1 Female",1.75,0.23135609139515
1213,733,"1 Female",2,0.395487365677156
1214,734,"1 Female",1.675,0.224714919112628
1215,735,"1 Female",1.775,0.207202056716849
1216,736,"1 Female",1.6,0.223032710030591
1217,737,"1 Female",1.425,0.18908517955727
1218,738,"1 Female",1.7,0.258694949550773
1219,739,"1 Female",1.425,0.239891802534136
1220,740,"1 Female",1.6,0.252677964702413
1221,741,"1 Female",1.05,0.185879751590328
1222,742,"1 Female",1.175,0.202191518754893
1223,743,"1 Female",1.425,0.247778592233532
1224,744,"1 Female",1.2,0.330500785522167
1225,745,"1 Female",1.25,0.234110427592818
1226,746,"1 Female",1.025,0.251883927277055
1227,747,"1 Female",1.2,0.284650032541085
1228,748,"1 Female",0.95,0.220576168599072
1229,749,"1 Female",1.575,0.597953239746284
1230,750,"1 Female",1.05,0.312044539884605
1231,751,"1 Female",1.8,0.80638477804111
1232,752,"1 Female",0.975,0.204084886813407
1233,753,"1 Female",0.55,0.199197106353198
1234,754,"1 Female",0.5,0.156073618395212
1235,755,"1 Female",0.6,0.163299316185545
1236,756,"1 Female",0.4,0.12810252304407
1237,757,"1 Female",0.475,0.160078105935821
1238,758,"1 Female",0.6,0.167178700643108
1239,759,"1 Female",0.375,0.150586460384996
1240,760,"1 Female",0.75,0.217060785531115
1241,761,"1 Female",0.475,0.171671645434399
1242,762,"1 Female",0.875,0.328531113150174
1243,763,"1 Female",0.525,0.186009029281804
1244,764,"1 Female",0.775,0.264302420024428
1245,765,"1 Female",0.275,0.101194785514791
1246,766,"1 Female",0.525,0.189423890405646
1247,767,"1 Female",0.25,0.0930260509419063
1248,768,"1 Female",0.45,0.178849600187363
1249,769,"1 Female",0.25,0.0996789718842316
1250,770,"1 Female",0.475,0.208743186592324
1251,771,"1 Female",0.4,0.18536173919926
1252,772,"1 Female",0.525,0.199317746582095
1253,773,"1 Female",0.5,0.179028718509858
1254,774,"1 Female",0.15,0.0763762615825973
1255,775,"1 Female",0.2,0.114354374979373
1256,776,"1 Female",0.325,0.209967946271659
1257,777,"1 Female",0.275,0.101194785514791
1258,778,"1 Female",0.7,0.277811963708346
1259,779,"1 Female",0.2,0.0891555828241729
1260,780,"1 Female",0.3,0.125064086135971
1261,781,"1 Female",0.325,0.157657125531227
1262,782,"1 Female",0.225,0.136285428233241
1263,783,"1 Female",0.15,0.0763762615825973
1264,784,"1 Female",0.65,0.204281103459838
1265,785,"1 Female",0.5,0.354458778479283
1266,786,"1 Female",0.175,0.112588996137642
1267,787,"1 Female",0,0
1268,788,"1 Female",0.2,0.125064086135971
1269,789,"1 Female",0.325,0.140454847202096
1270,790,"1 Female",0.075,0.0553253778649314
1271,791,"1 Female",0.075,0.0421763696143487
1272,792,"1 Female",0.225,0.0911992746259952
1273,793,"1 Female",0.25,0.10591481821704
1274,794,"1 Female",0.3,0.172463299700515
1275,795,"1 Female",0.05,0.0348991220226056
1276,796,"1 Female",0.15,0.104697366067817
1277,797,"1 Female",0.225,0.115954787829192
1278,798,"1 Female",0.075,0.0553253778649314
1279,799,"1 Female",0.1,0.0599144689515278
1280,800,"1 Female",0.1,0.1
1281,801,"1 Female",0,0
1282,802,"1 Female",0.275,0.199317746582095
1283,803,"1 Female",0.05,0.0348991220226056
1284,804,"1 Female",0.025,0.025
1285,805,"1 Female",0.3,0.229827136823554
1286,806,"1 Female",0,0
1287,807,"1 Female",0.275,0.160078105935821
1288,808,"1 Female",0.2,0.0960768922830523
1289,809,"1 Female",0.025,0.025
1290,810,"1 Female",0.325,0.140454847202096
1291,811,"1 Female",0.25,0.166986871893019
1292,812,"1 Female",0.175,0.0868796692159732
1293,813,"1 Female",0.05,0.05
1294,814,"1 Female",0.075,0.0553253778649314
1295,815,"1 Female",0.05,0.0348991220226056
1296,816,"1 Female",0.025,0.025
1297,817,"1 Female",0.125,0.102453867041683
1298,818,"1 Female",0.225,0.158063197357811
1299,819,"1 Female",0.075,0.0553253778649314
1300,820,"1 Female",0.1,0.1
1301,821,"1 Female",0.075,0.075
1302,822,"1 Female",0.125,0.0890656628993031
1303,823,"1 Female",0.2,0.119828937903056
1304,824,"1 Female",0.05,0.05
1305,825,"1 Female",0,0
1306,826,"1 Female",0.025,0.025
1307,827,"1 Female",0.075,0.075
1308,828,"1 Female",0.125,0.0890656628993031
1309,829,"1 Female",0.075,0.0553253778649314
1310,830,"1 Female",0.125,0.125
1311,831,"1 Female",0,0
1312,832,"1 Female",0,0
1313,833,"1 Female",0.025,0.025
1314,834,"1 Female",0.05,0.05
1315,835,"1 Female",0,0
1316,836,"1 Female",0.025,0.025
1317,837,"1 Female",0,0
1318,838,"1 Female",0.125,0.125
1319,839,"1 Female",0.325,0.190772720191412
1320,840,"1 Female",0.05,0.05
1321,841,"1 Female",0,0
1322,842,"1 Female",0,0
1323,843,"1 Female",0.125,0.125
1324,844,"1 Female",0,0
1325,845,"1 Female",0,0
1326,846,"1 Female",0,0
1327,847,"1 Female",0,0
1328,848,"1 Female",0.075,0.075
1329,849,"1 Female",0.175,0.100559333167934
1330,850,"1 Female",0,0
1331,851,"1 Female",0,0
1332,852,"1 Female",0.05,0.05
1333,853,"1 Female",0,0
1334,854,"1 Female",0.025,0.025
1335,855,"1 Female",0.025,0.025
1336,856,"1 Female",0,0
1337,857,"1 Female",0,0
1338,858,"1 Female",0.05,0.05
1339,859,"1 Female",0.05,0.05
1340,860,"1 Female",0,0
1341,861,"1 Female",0,0
1342,862,"1 Female",0,0
1343,863,"1 Female",0,0
1344,864,"1 Female",0.025,0.025
1345,865,"1 Female",0.2,0.134926380686388
1346,866,"1 Female",0.075,0.0553253778649314
1347,867,"1 Female",0,0
1348,868,"1 Female",0.15,0.15
1349,869,"1 Female",0.05,0.05
1350,870,"1 Female",0.025,0.025
1351,871,"1 Female",0.1,0.0697982440452113
1352,872,"1 Female",0.35,0.300746933398693
1353,873,"1 Female",0.35,0.35
1354,874,"1 Female",0.075,0.075
1355,875,"1 Female",0.175,0.151435439404693
1356,876,"1 Female",0.05,0.0348991220226056
1357,877,"1 Female",0.05,0.0348991220226056
1358,878,"1 Female",0,0
1359,879,"1 Female",0.1,0.1
1360,880,"1 Female",0.6,0.455451311817078
1361,881,"1 Female",0.025,0.025
1362,882,"1 Female",0.075,0.0553253778649314
1363,883,"1 Female",0.025,0.025
1364,884,"1 Female",0.125,0.073270660864972
1365,885,"1 Female",0.025,0.025
1366,886,"1 Female",0.175,0.175
1367,887,"1 Female",0.025,0.025
1368,888,"1 Female",0.1,0.0784464540552736
1369,889,"1 Female",0.025,0.025
1370,890,"1 Female",0,0
1371,891,"1 Female",0.05,0.05
1372,892,"1 Female",0.025,0.025
1373,893,"1 Female",0,0
1374,894,"1 Female",0,0
1375,895,"1 Female",0,0
1376,896,"1 Female",0,0
1377,897,"1 Female",0.2,0.156892908110547
1378,898,"1 Female",0.2,0.176140969185596
1379,899,"1 Female",0.15,0.126845353047495
1380,900,"1 Female",0.4,0.4
1381,901,"1 Female",0.025,0.025
1382,902,"1 Female",0,0
1383,903,"1 Female",0,0
1384,904,"1 Female",0,0
1385,905,"1 Female",0,0
1386,906,"1 Female",0,0
1387,907,"1 Female",0,0
1388,908,"1 Female",0,0
1389,909,"1 Female",0.1,0.1
1390,910,"1 Female",0.225,0.126529108843046
1391,911,"1 Female",0.05,0.05
1392,912,"1 Female",0.05,0.05
1393,913,"1 Female",0.075,0.0553253778649314
1394,914,"1 Female",0.075,0.075
1395,915,"1 Female",0.025,0.025
1396,916,"1 Female",0.025,0.025
1397,917,"1 Female",0,0
1398,918,"1 Female",0.15,0.15
1399,919,"1 Female",0,0
1400,920,"1 Female",0.05,0.05
1401,921,"1 Female",0.025,0.025
1402,922,"1 Female",0.05,0.05
1403,923,"1 Female",0.075,0.075
1404,924,"1 Female",0.1,0.0697982440452113
1405,925,"1 Female",0.075,0.075
1406,926,"1 Female",0.075,0.0421763696143487
1407,927,"1 Female",0.1,0.0784464540552736
1408,928,"1 Female",0.075,0.0553253778649314
1409,929,"1 Female",0.025,0.025
1410,930,"1 Female",0.075,0.075
1411,931,"1 Female",0.025,0.025
1412,932,"1 Female",0.05,0.05
1413,933,"1 Female",0.125,0.0890656628993031
1414,934,"1 Female",0.375,0.327554066783892
1415,935,"1 Female",0.075,0.0553253778649314
1416,936,"1 Female",0.175,0.112588996137642
1417,937,"1 Female",0.1,0.0697982440452113
1418,938,"1 Female",0.175,0.100559333167934
1419,939,"1 Female",0.05,0.0348991220226056
1420,940,"1 Female",0.1,0.0697982440452113
1421,941,"1 Female",0.075,0.0553253778649314
1422,942,"1 Female",0.075,0.075
1423,943,"1 Female",0.125,0.102453867041683
1424,944,"1 Female",0.025,0.025
1425,945,"1 Female",0.125,0.125
1426,946,"1 Female",0.2,0.176140969185596
1427,947,"1 Female",0.025,0.025
1428,948,"1 Female",0,0
1429,949,"1 Female",0,0
1430,950,"1 Female",0,0
1431,951,"1 Female",0,0
1432,952,"1 Female",0.05,0.05
1433,953,"1 Female",0,0
1434,954,"1 Female",0,0
1435,955,"1 Female",0,0
1436,956,"1 Female",0,0
1437,957,"1 Female",0,0
1438,958,"1 Female",0,0
1439,959,"1 Female",0,0
0,960,"5 Female",0,0
1,961,"5 Female",0,0
2,962,"5 Female",0,0
3,963,"5 Female",0,0
4,964,"5 Female",0,0
5,965,"5 Female",0,0
6,966,"5 Female",0.0285714285714286,0.0285714285714286
7,967,"5 Female",0,0
8,968,"5 Female",0,0
9,969,"5 Female",0.0285714285714286,0.0285714285714286
10,970,"5 Female",0.228571428571429,0.228571428571429
11,971,"5 Female",0,0
12,972,"5 Female",0,0
13,973,"5 Female",0,0
14,974,"5 Female",0.0285714285714286,0.0285714285714286
15,975,"5 Female",0,0
16,976,"5 Female",0.0285714285714286,0.0285714285714286
17,977,"5 Female",0.0571428571428571,0.0571428571428571
18,978,"5 Female",0,0
19,979,"5 Female",0,0
20,980,"5 Female",0.0285714285714286,0.0285714285714286
21,981,"5 Female",0.0571428571428571,0.0571428571428571
22,982,"5 Female",0,0
23,983,"5 Female",0,0
24,984,"5 Female",0,0
25,985,"5 Female",0,0
26,986,"5 Female",0,0
27,987,"5 Female",0,0
28,988,"5 Female",0,0
29,989,"5 Female",0.0571428571428571,0.0571428571428571
30,990,"5 Female",0.0285714285714286,0.0285714285714286
31,991,"5 Female",0.0285714285714286,0.0285714285714286
32,992,"5 Female",0,0
33,993,"5 Female",0,0
34,994,"5 Female",0,0
35,995,"5 Female",0,0
36,996,"5 Female",0,0
37,997,"5 Female",0,0
38,998,"5 Female",0,0
39,999,"5 Female",0,0
40,1000,"5 Female",0,0
41,1001,"5 Female",0,0
42,1002,"5 Female",0,0
43,1003,"5 Female",0,0
44,1004,"5 Female",0,0
45,1005,"5 Female",0,0
46,1006,"5 Female",0,0
47,1007,"5 Female",0.0857142857142857,0.0857142857142857
48,1008,"5 Female",0.0285714285714286,0.0285714285714286
49,1009,"5 Female",0.0857142857142857,0.0857142857142857
50,1010,"5 Female",0.142857142857143,0.116984931464167
51,1011,"5 Female",0.342857142857143,0.314743745688743
52,1012,"5 Female",0.0285714285714286,0.0285714285714286
53,1013,"5 Female",0,0
54,1014,"5 Female",0,0
55,1015,"5 Female",0.142857142857143,0.142857142857143
56,1016,"5 Female",0,0
57,1017,"5 Female",0.0571428571428571,0.0571428571428571
58,1018,"5 Female",0.285714285714286,0.285714285714286
59,1019,"5 Female",0.114285714285714,0.114285714285714
60,1020,"5 Female",0,0
61,1021,"5 Female",0,0
62,1022,"5 Female",0,0
63,1023,"5 Female",0,0
64,1024,"5 Female",0,0
65,1025,"5 Female",0,0
66,1026,"5 Female",0,0
67,1027,"5 Female",0,0
68,1028,"5 Female",0,0
69,1029,"5 Female",0.0571428571428571,0.0571428571428571
70,1030,"5 Female",0,0
71,1031,"5 Female",0,0
72,1032,"5 Female",0,0
73,1033,"5 Female",0,0
74,1034,"5 Female",0,0
75,1035,"5 Female",0.114285714285714,0.114285714285714
76,1036,"5 Female",0.114285714285714,0.114285714285714
77,1037,"5 Female",0,0
78,1038,"5 Female",0,0
79,1039,"5 Female",0.0571428571428571,0.0571428571428571
80,1040,"5 Female",0.0285714285714286,0.0285714285714286
81,1041,"5 Female",0.0571428571428571,0.0398074597725278
82,1042,"5 Female",0.171428571428571,0.126263125855415
83,1043,"5 Female",0.114285714285714,0.114285714285714
84,1044,"5 Female",0.0285714285714286,0.0285714285714286
85,1045,"5 Female",0.114285714285714,0.114285714285714
86,1046,"5 Female",0.0285714285714286,0.0285714285714286
87,1047,"5 Female",0,0
88,1048,"5 Female",0,0
89,1049,"5 Female",0,0
90,1050,"5 Female",0,0
91,1051,"5 Female",0.0857142857142857,0.0857142857142857
92,1052,"5 Female",0,0
93,1053,"5 Female",0,0
94,1054,"5 Female",0,0
95,1055,"5 Female",0,0
96,1056,"5 Female",0,0
97,1057,"5 Female",0.0571428571428571,0.0571428571428571
98,1058,"5 Female",0.0285714285714286,0.0285714285714286
99,1059,"5 Female",0,0
100,1060,"5 Female",0,0
101,1061,"5 Female",0,0
102,1062,"5 Female",0,0
103,1063,"5 Female",0.114285714285714,0.114285714285714
104,1064,"5 Female",0.0285714285714286,0.0285714285714286
105,1065,"5 Female",0,0
106,1066,"5 Female",0,0
107,1067,"5 Female",0.0285714285714286,0.0285714285714286
108,1068,"5 Female",0.171428571428571,0.171428571428571
109,1069,"5 Female",0.114285714285714,0.114285714285714
110,1070,"5 Female",0,0
111,1071,"5 Female",0.0285714285714286,0.0285714285714286
112,1072,"5 Female",0.228571428571429,0.228571428571429
113,1073,"5 Female",0.314285714285714,0.314285714285714
114,1074,"5 Female",0.371428571428571,0.371428571428571
115,1075,"5 Female",0.0857142857142857,0.0857142857142857
116,1076,"5 Female",0,0
117,1077,"5 Female",0,0
118,1078,"5 Female",0,0
119,1079,"5 Female",0,0
120,1080,"5 Female",0,0
121,1081,"5 Female",0,0
122,1082,"5 Female",0,0
123,1083,"5 Female",0,0
124,1084,"5 Female",0,0
125,1085,"5 Female",0.0857142857142857,0.0857142857142857
126,1086,"5 Female",0,0
127,1087,"5 Female",0,0
128,1088,"5 Female",0,0
129,1089,"5 Female",0,0
130,1090,"5 Female",0,0
131,1091,"5 Female",0.0285714285714286,0.0285714285714286
132,1092,"5 Female",0,0
133,1093,"5 Female",0,0
134,1094,"5 Female",0,0
135,1095,"5 Female",0,0
136,1096,"5 Female",0,0
137,1097,"5 Female",0,0
138,1098,"5 Female",0,0
139,1099,"5 Female",0,0
140,1100,"5 Female",0,0
141,1101,"5 Female",0.0285714285714286,0.0285714285714286
142,1102,"5 Female",0,0
143,1103,"5 Female",0.0857142857142857,0.0857142857142857
144,1104,"5 Female",0.0571428571428571,0.0571428571428571
145,1105,"5 Female",0.0285714285714286,0.0285714285714286
146,1106,"5 Female",0,0
147,1107,"5 Female",0,0
148,1108,"5 Female",0,0
149,1109,"5 Female",0,0
150,1110,"5 Female",0,0
151,1111,"5 Female",0,0
152,1112,"5 Female",0,0
153,1113,"5 Female",0,0
154,1114,"5 Female",0,0
155,1115,"5 Female",0,0
156,1116,"5 Female",0,0
157,1117,"5 Female",0,0
158,1118,"5 Female",0,0
159,1119,"5 Female",0,0
160,1120,"5 Female",0,0
161,1121,"5 Female",0,0
162,1122,"5 Female",0.0285714285714286,0.0285714285714286
163,1123,"5 Female",0,0
164,1124,"5 Female",0,0
165,1125,"5 Female",0,0
166,1126,"5 Female",0.0285714285714286,0.0285714285714286
167,1127,"5 Female",0,0
168,1128,"5 Female",0,0
169,1129,"5 Female",0,0
170,1130,"5 Female",0.314285714285714,0.314285714285714
171,1131,"5 Female",0.342857142857143,0.342857142857143
172,1132,"5 Female",0,0
173,1133,"5 Female",0,0
174,1134,"5 Female",0,0
175,1135,"5 Female",0.0857142857142857,0.0857142857142857
176,1136,"5 Female",0.0857142857142857,0.0857142857142857
177,1137,"5 Female",0,0
178,1138,"5 Female",0,0
179,1139,"5 Female",0,0
180,1140,"5 Female",0,0
181,1141,"5 Female",0,0
182,1142,"5 Female",0.0285714285714286,0.0285714285714286
183,1143,"5 Female",0,0
184,1144,"5 Female",0,0
185,1145,"5 Female",0,0
186,1146,"5 Female",0,0
187,1147,"5 Female",0,0
188,1148,"5 Female",0,0
189,1149,"5 Female",0,0
190,1150,"5 Female",0,0
191,1151,"5 Female",0,0
192,1152,"5 Female",0.0571428571428571,0.0571428571428571
193,1153,"5 Female",0.0285714285714286,0.0285714285714286
194,1154,"5 Female",0.0285714285714286,0.0285714285714286
195,1155,"5 Female",0.0571428571428571,0.0571428571428571
196,1156,"5 Female",0.0857142857142857,0.0857142857142857
197,1157,"5 Female",0.0285714285714286,0.0285714285714286
198,1158,"5 Female",0.0857142857142857,0.0857142857142857
199,1159,"5 Female",0.114285714285714,0.114285714285714
200,1160,"5 Female",0.0857142857142857,0.0857142857142857
201,1161,"5 Female",0.0571428571428571,0.0571428571428571
202,1162,"5 Female",0.371428571428571,0.25955914235363
203,1163,"5 Female",0.114285714285714,0.0895500289395443
204,1164,"5 Female",0.171428571428571,0.126263125855415
205,1165,"5 Female",0.114285714285714,0.0895500289395443
206,1166,"5 Female",0.514285714285714,0.459029719422746
207,1167,"5 Female",0.0857142857142857,0.0631315629277074
208,1168,"5 Female",0.0857142857142857,0.0631315629277074
209,1169,"5 Female",0.0857142857142857,0.0857142857142857
210,1170,"5 Female",0.0571428571428571,0.0398074597725278
211,1171,"5 Female",0.0571428571428571,0.0571428571428571
212,1172,"5 Female",0.0857142857142857,0.0631315629277074
213,1173,"5 Female",0.0857142857142857,0.0857142857142857
214,1174,"5 Female",0.4,0.371687046457368
215,1175,"5 Female",0.285714285714286,0.171848225842137
216,1176,"5 Female",0.257142857142857,0.144028808642881
217,1177,"5 Female",0.114285714285714,0.0682485395100738
218,1178,"5 Female",0.285714285714286,0.181364707875885
219,1179,"5 Female",0.0571428571428571,0.0571428571428571
220,1180,"5 Female",0.114285714285714,0.0895500289395443
221,1181,"5 Female",0.0285714285714286,0.0285714285714286
222,1182,"5 Female",0.0857142857142857,0.0857142857142857
223,1183,"5 Female",0,0
224,1184,"5 Female",0.285714285714286,0.207309408557235
225,1185,"5 Female",0.514285714285714,0.459029719422746
226,1186,"5 Female",0.114285714285714,0.0895500289395443
227,1187,"5 Female",0,0
228,1188,"5 Female",0.0285714285714286,0.0285714285714286
229,1189,"5 Female",0.0285714285714286,0.0285714285714286
230,1190,"5 Female",0.0571428571428571,0.0398074597725278
231,1191,"5 Female",0,0
232,1192,"5 Female",0,0
233,1193,"5 Female",0,0
234,1194,"5 Female",0,0
235,1195,"5 Female",0,0
236,1196,"5 Female",0,0
237,1197,"5 Female",0.114285714285714,0.114285714285714
238,1198,"5 Female",0,0
239,1199,"5 Female",0,0
240,1200,"5 Female",0,0
241,1201,"5 Female",0,0
242,1202,"5 Female",0.0285714285714286,0.0285714285714286
243,1203,"5 Female",0,0
244,1204,"5 Female",0.2,0.2
245,1205,"5 Female",0,0
246,1206,"5 Female",0.0285714285714286,0.0285714285714286
247,1207,"5 Female",0,0
248,1208,"5 Female",0,0
249,1209,"5 Female",0.0285714285714286,0.0285714285714286
250,1210,"5 Female",0.0857142857142857,0.0631315629277074
251,1211,"5 Female",0.171428571428571,0.171428571428571
252,1212,"5 Female",0,0
253,1213,"5 Female",0,0
254,1214,"5 Female",0,0
255,1215,"5 Female",0,0
256,1216,"5 Female",0,0
257,1217,"5 Female",0,0
258,1218,"5 Female",0.114285714285714,0.114285714285714
259,1219,"5 Female",0,0
260,1220,"5 Female",0,0
261,1221,"5 Female",0,0
262,1222,"5 Female",0,0
263,1223,"5 Female",0,0
264,1224,"5 Female",0,0
265,1225,"5 Female",0,0
266,1226,"5 Female",0,0
267,1227,"5 Female",0.0285714285714286,0.0285714285714286
268,1228,"5 Female",0,0
269,1229,"5 Female",0,0
270,1230,"5 Female",0,0
271,1231,"5 Female",0,0
272,1232,"5 Female",0,0
273,1233,"5 Female",0,0
274,1234,"5 Female",0,0
275,1235,"5 Female",0,0
276,1236,"5 Female",0,0
277,1237,"5 Female",0.0285714285714286,0.0285714285714286
278,1238,"5 Female",0,0
279,1239,"5 Female",0,0
280,1240,"5 Female",0,0
281,1241,"5 Female",0,0
282,1242,"5 Female",0.257142857142857,0.206380806314168
283,1243,"5 Female",0.114285714285714,0.114285714285714
284,1244,"5 Female",0.0285714285714286,0.0285714285714286
285,1245,"5 Female",0,0
286,1246,"5 Female",0,0
287,1247,"5 Female",0,0
288,1248,"5 Female",0,0
289,1249,"5 Female",0,0
290,1250,"5 Female",0.0285714285714286,0.0285714285714286
291,1251,"5 Female",0.0285714285714286,0.0285714285714286
292,1252,"5 Female",0.142857142857143,0.142857142857143
293,1253,"5 Female",0,0
294,1254,"5 Female",0.114285714285714,0.114285714285714
295,1255,"5 Female",0.0285714285714286,0.0285714285714286
296,1256,"5 Female",0,0
297,1257,"5 Female",0.0857142857142857,0.0857142857142857
298,1258,"5 Female",0.114285714285714,0.114285714285714
299,1259,"5 Female",0.314285714285714,0.314285714285714
300,1260,"5 Female",0.8,0.771117273013318
301,1261,"5 Female",0.114285714285714,0.114285714285714
302,1262,"5 Female",0,0
303,1263,"5 Female",0.0571428571428571,0.0571428571428571
304,1264,"5 Female",0,0
305,1265,"5 Female",0.114285714285714,0.114285714285714
306,1266,"5 Female",0.0285714285714286,0.0285714285714286
307,1267,"5 Female",0,0
308,1268,"5 Female",0,0
309,1269,"5 Female",0.0285714285714286,0.0285714285714286
310,1270,"5 Female",0.228571428571429,0.228571428571429
311,1271,"5 Female",0.257142857142857,0.257142857142857
312,1272,"5 Female",0,0
313,1273,"5 Female",0.0857142857142857,0.0857142857142857
314,1274,"5 Female",0.0571428571428571,0.0571428571428571
315,1275,"5 Female",0,0
316,1276,"5 Female",0.0285714285714286,0.0285714285714286
317,1277,"5 Female",0.171428571428571,0.171428571428571
318,1278,"5 Female",0,0
319,1279,"5 Female",0.0285714285714286,0.0285714285714286
320,1280,"5 Female",0.114285714285714,0.114285714285714
321,1281,"5 Female",0.0571428571428571,0.0571428571428571
322,1282,"5 Female",0,0
323,1283,"5 Female",0.0285714285714286,0.0285714285714286
324,1284,"5 Female",0.314285714285714,0.314285714285714
325,1285,"5 Female",0.0857142857142857,0.0631315629277074
326,1286,"5 Female",0.114285714285714,0.0895500289395443
327,1287,"5 Female",0.142857142857143,0.0834433047886145
328,1288,"5 Female",0.285714285714286,0.181364707875885
329,1289,"5 Female",0.228571428571429,0.130195162399088
330,1290,"5 Female",0.4,0.201673669346206
331,1291,"5 Female",0.2,0.10690449676497
332,1292,"5 Female",0.228571428571429,0.136497079020148
333,1293,"5 Female",0.2,0.10690449676497
334,1294,"5 Female",0.342857142857143,0.183077598200285
335,1295,"5 Female",0.2,0.11449560558152
336,1296,"5 Female",0.142857142857143,0.101607724371038
337,1297,"5 Female",0.685714285714286,0.337493052705163
338,1298,"5 Female",0.2,0.0987314496989884
339,1299,"5 Female",0.6,0.299018000638561
340,1300,"5 Female",0.228571428571429,0.123572278619508
341,1301,"5 Female",0.314285714285714,0.212117886089409
342,1302,"5 Female",0.114285714285714,0.0682485395100738
343,1303,"5 Female",0.371428571428571,0.228571428571429
344,1304,"5 Female",1.17142857142857,0.70470890859868
345,1305,"5 Female",0.4,0.253380505706869
346,1306,"5 Female",0.2,0.11449560558152
347,1307,"5 Female",0.0571428571428571,0.0571428571428571
348,1308,"5 Female",0.0857142857142857,0.0631315629277074
349,1309,"5 Female",0.457142857142857,0.34868988206362
350,1310,"5 Female",0.342857142857143,0.204745618530221
351,1311,"5 Female",0.285714285714286,0.151026897105978
352,1312,"5 Female",0.0857142857142857,0.0480096028809603
353,1313,"5 Female",0.0571428571428571,0.0398074597725278
354,1314,"5 Female",0.171428571428571,0.144859910801792
355,1315,"5 Female",0.457142857142857,0.457142857142857
356,1316,"5 Female",0.0285714285714286,0.0285714285714286
357,1317,"5 Female",0.0285714285714286,0.0285714285714286
358,1318,"5 Female",0.0285714285714286,0.0285714285714286
359,1319,"5 Female",0.0571428571428571,0.0571428571428571
360,1320,"5 Female",0.171428571428571,0.104404789852083
361,1321,"5 Female",0.342857142857143,0.220552618172973
362,1322,"5 Female",0.114285714285714,0.0895500289395443
363,1323,"5 Female",0.171428571428571,0.126263125855415
364,1324,"5 Female",0.142857142857143,0.116984931464167
365,1325,"5 Female",0.171428571428571,0.126263125855415
366,1326,"5 Female",0.114285714285714,0.0682485395100738
367,1327,"5 Female",0.257142857142857,0.189394688783122
368,1328,"5 Female",0.342857142857143,0.212795941796685
369,1329,"5 Female",0.171428571428571,0.104404789852083
370,1330,"5 Female",0.0857142857142857,0.0631315629277074
371,1331,"5 Female",0.257142857142857,0.131844427949279
372,1332,"5 Female",0.0571428571428571,0.0398074597725278
373,1333,"5 Female",0.0857142857142857,0.0857142857142857
374,1334,"5 Female",0.314285714285714,0.195630540875931
375,1335,"5 Female",0.228571428571429,0.153861851632414
376,1336,"5 Female",0.114285714285714,0.0682485395100738
377,1337,"5 Female",0.228571428571429,0.123572278619508
378,1338,"5 Female",0.257142857142857,0.18030253354138
379,1339,"5 Female",0.171428571428571,0.104404789852083
380,1340,"5 Female",0.714285714285714,0.472026613285162
381,1341,"5 Female",0.2,0.121613798421012
382,1342,"5 Female",0.142857142857143,0.142857142857143
383,1343,"5 Female",0.114285714285714,0.0895500289395443
384,1344,"5 Female",0.0571428571428571,0.0571428571428571
385,1345,"5 Female",0.2,0.10690449676497
386,1346,"5 Female",0.314285714285714,0.216043212964322
387,1347,"5 Female",0.542857142857143,0.487392060263771
388,1348,"5 Female",0.8,0.618754509363078
389,1349,"5 Female",0.0857142857142857,0.0857142857142857
390,1350,"5 Female",0,0
391,1351,"5 Female",0,0
392,1352,"5 Female",0.0857142857142857,0.0857142857142857
393,1353,"5 Female",0.114285714285714,0.0895500289395443
394,1354,"5 Female",0.0571428571428571,0.0571428571428571
395,1355,"5 Female",0.0285714285714286,0.0285714285714286
396,1356,"5 Female",0,0
397,1357,"5 Female",0.0571428571428571,0.0571428571428571
398,1358,"5 Female",0,0
399,1359,"5 Female",0.142857142857143,0.142857142857143
400,1360,"5 Female",0,0
401,1361,"5 Female",0.114285714285714,0.0895500289395443
402,1362,"5 Female",0.2,0.172962326494976
403,1363,"5 Female",0.171428571428571,0.144859910801792
404,1364,"5 Female",0.171428571428571,0.104404789852083
405,1365,"5 Female",0,0
406,1366,"5 Female",0.285714285714286,0.181364707875885
407,1367,"5 Female",0.371428571428571,0.371428571428571
408,1368,"5 Female",0.0571428571428571,0.0571428571428571
409,1369,"5 Female",0.0571428571428571,0.0571428571428571
410,1370,"5 Female",0.2,0.172962326494976
411,1371,"5 Female",0,0
412,1372,"5 Female",0.542857142857143,0.304980663783973
413,1373,"5 Female",0.0857142857142857,0.0857142857142857
414,1374,"5 Female",0.0857142857142857,0.0857142857142857
415,1375,"5 Female",0.114285714285714,0.0895500289395443
416,1376,"5 Female",0.228571428571429,0.179100057879089
417,1377,"5 Female",0.114285714285714,0.0895500289395443
418,1378,"5 Female",0.171428571428571,0.171428571428571
419,1379,"5 Female",0.285714285714286,0.215263873917956
420,1380,"5 Female",0.142857142857143,0.142857142857143
421,1381,"5 Female",0.285714285714286,0.285714285714286
422,1382,"5 Female",0.0285714285714286,0.0285714285714286
423,1383,"5 Female",0.171428571428571,0.171428571428571
424,1384,"5 Female",0.2,0.140825895250516
425,1385,"5 Female",0.0285714285714286,0.0285714285714286
426,1386,"5 Female",0.428571428571429,0.315657814638537
427,1387,"5 Female",0.114285714285714,0.0895500289395443
428,1388,"5 Female",0.142857142857143,0.0834433047886145
429,1389,"5 Female",0.114285714285714,0.0895500289395443
430,1390,"5 Female",0.0571428571428571,0.0571428571428571
431,1391,"5 Female",0.0285714285714286,0.0285714285714286
432,1392,"5 Female",0.171428571428571,0.0960192057619207
433,1393,"5 Female",0.114285714285714,0.0895500289395443
434,1394,"5 Female",0.114285714285714,0.0796149195450555
435,1395,"5 Female",0.0571428571428571,0.0571428571428571
436,1396,"5 Female",0.228571428571429,0.164422668527093
437,1397,"5 Female",0.0571428571428571,0.0398074597725278
438,1398,"5 Female",0.0857142857142857,0.0631315629277074
439,1399,"5 Female",0.0285714285714286,0.0285714285714286
440,1400,"5 Female",0.0857142857142857,0.0857142857142857
441,1401,"5 Female",0.228571428571429,0.179100057879089
442,1402,"5 Female",0.342857142857143,0.342857142857143
443,1403,"5 Female",0.114285714285714,0.114285714285714
444,1404,"5 Female",0.0285714285714286,0.0285714285714286
445,1405,"5 Female",0.257142857142857,0.138071088393552
446,1406,"5 Female",0.171428571428571,0.171428571428571
447,1407,"5 Female",0.0285714285714286,0.0285714285714286
448,1408,"5 Female",0,0
449,1409,"5 Female",0.457142857142857,0.321087587576285
450,1410,"5 Female",0.285714285714286,0.285714285714286
451,1411,"5 Female",0.428571428571429,0.278910588623986
452,1412,"5 Female",0,0
453,1413,"5 Female",0,0
454,1414,"5 Female",0,0
455,1415,"5 Female",0.0571428571428571,0.0571428571428571
456,1416,"5 Female",0.0571428571428571,0.0571428571428571
457,1417,"5 Female",0.0571428571428571,0.0398074597725278
458,1418,"5 Female",0.171428571428571,0.171428571428571
459,1419,"5 Female",0.114285714285714,0.0682485395100738
460,1420,"5 Female",0.0571428571428571,0.0571428571428571
461,1421,"5 Female",0.228571428571429,0.164422668527093
462,1422,"5 Female",0.571428571428571,0.336281480449991
463,1423,"5 Female",0.228571428571429,0.0924522523662189
464,1424,"5 Female",0.2,0.11449560558152
465,1425,"5 Female",0.342857142857143,0.238844758635167
466,1426,"5 Female",0.428571428571429,0.29925878822339
467,1427,"5 Female",0.114285714285714,0.114285714285714
468,1428,"5 Female",0.114285714285714,0.0682485395100738
469,1429,"5 Female",0.114285714285714,0.0895500289395443
470,1430,"5 Female",0,0
471,1431,"5 Female",0.0857142857142857,0.0631315629277074
472,1432,"5 Female",0.4,0.21770383088773
473,1433,"5 Female",0.0857142857142857,0.0631315629277074
474,1434,"5 Female",0.2,0.12833778958395
475,1435,"5 Female",0.342857142857143,0.314743745688743
476,1436,"5 Female",0.428571428571429,0.197827334465449
477,1437,"5 Female",0.171428571428571,0.0960192057619207
478,1438,"5 Female",1.05714285714286,0.352524764355348
479,1439,"5 Female",0.914285714285714,0.202386719311474
480,0,"5 Female",0.914285714285714,0.165876478146846
481,1,"5 Female",1.37142857142857,0.256301143404481
482,2,"5 Female",1.08571428571429,0.229619446119039
483,3,"5 Female",1,0.216930457818656
484,4,"5 Female",1.37142857142857,0.209383706659916
485,5,"5 Female",1.37142857142857,0.213359342152045
486,6,"5 Female",1.28571428571429,0.211324071381511
487,7,"5 Female",1.57142857142857,0.225611081607393
488,8,"5 Female",1.31428571428571,0.219898481433717
489,9,"5 Female",1.65714285714286,0.238844758635167
490,10,"5 Female",1.34285714285714,0.262319508633735
491,11,"5 Female",1.62857142857143,0.228571428571429
492,12,"5 Female",1.45714285714286,0.222071444113187
493,13,"5 Female",1.51428571428571,0.222179534381993
494,14,"5 Female",1.17142857142857,0.156031209363121
495,15,"5 Female",1.42857142857143,0.202030508910442
496,16,"5 Female",1.62857142857143,0.242832425830683
497,17,"5 Female",1,0.173931310695735
498,18,"5 Female",1.34285714285714,0.208809579704166
499,19,"5 Female",1.37142857142857,0.232218798179844
500,20,"5 Female",1.11428571428571,0.167890663558055
501,21,"5 Female",1.17142857142857,0.218803907780515
502,22,"5 Female",1.31428571428571,0.177619310458573
503,23,"5 Female",1.4,0.23621667876704
504,24,"5 Female",1.37142857142857,0.192662522403854
505,25,"5 Female",1.22857142857143,0.164422668527093
506,26,"5 Female",1.31428571428571,0.223687313913334
507,27,"5 Female",1.54285714285714,0.233147470707359
508,28,"5 Female",1.4,0.225291594430437
509,29,"5 Female",1.28571428571429,0.166886609577229
510,30,"5 Female",1.37142857142857,0.232218798179844
511,31,"5 Female",1.54285714285714,0.253853849115361
512,32,"5 Female",1.05714285714286,0.178428514239954
513,33,"5 Female",1.28571428571429,0.222934698851437
514,34,"5 Female",1.57142857142857,0.426606138163585
515,35,"5 Female",1.31428571428571,0.245193898821336
516,36,"5 Female",1.05714285714286,0.242337555893424
517,37,"5 Female",1.08571428571429,0.180435647279366
518,38,"5 Female",1.28571428571429,0.233969862928334
519,39,"5 Female",1.34285714285714,0.249176314151674
520,40,"5 Female",1.05714285714286,0.187611511458366
521,41,"5 Female",1.08571428571429,0.19819109940851
522,42,"5 Female",1.25714285714286,0.222071444113187
523,43,"5 Female",1.25714285714286,0.247144557239016
524,44,"5 Female",1.05714285714286,0.192038411523841
525,45,"5 Female",1.28571428571429,0.237534353363068
526,46,"5 Female",1.08571428571429,0.155414482801912
527,47,"5 Female",1.34285714285714,0.298294471683159
528,48,"5 Female",1.11428571428571,0.199879915930333
529,49,"5 Female",0.942857142857143,0.153079630746026
530,50,"5 Female",1.14285714285714,0.164714456988257
531,51,"5 Female",1.02857142857143,0.150549214632327
532,52,"5 Female",1.05714285714286,0.173655009789439
533,53,"5 Female",0.914285714285714,0.185034307840549
534,54,"5 Female",0.885714285714286,0.157562464984998
535,55,"5 Female",0.971428571428571,0.257609287522805
536,56,"5 Female",0.885714285714286,0.182289033451513
537,57,"5 Female",1,0.147813191210387
538,58,"5 Female",1.34285714285714,0.280883531420568
539,59,"5 Female",1.11428571428571,0.19128679059073
540,60,"5 Female",0.971428571428571,0.126263125855415
541,61,"5 Female",1.11428571428571,0.177619310458573
542,62,"5 Female",0.914285714285714,0.17086742893632
543,63,"5 Female",1.11428571428571,0.245193898821336
544,64,"5 Female",0.942857142857143,0.158474116556134
545,65,"5 Female",1.02857142857143,0.194399373575582
546,66,"5 Female",0.714285714285714,0.126832308872107
547,67,"5 Female",2.08571428571429,0.696173730576828
548,68,"5 Female",0.8,0.172962326494976
549,69,"5 Female",0.942857142857143,0.216708987155691
550,70,"5 Female",1.91428571428571,0.632948852356871
551,71,"5 Female",0.771428571428571,0.159229839090111
552,72,"5 Female",1.22857142857143,0.406017167095174
553,73,"5 Female",1.62857142857143,0.451115730340746
554,74,"5 Female",1.14285714285714,0.239547392349139
555,75,"5 Female",1.14285714285714,0.205564838338429
556,76,"5 Female",0.828571428571429,0.150549214632327
557,77,"5 Female",0.942857142857143,0.35013288508063
558,78,"5 Female",0.942857142857143,0.192038411523841
559,79,"5 Female",0.857142857142857,0.130563466281694
560,80,"5 Female",1.4,0.336067220166722
561,81,"5 Female",1.51428571428571,0.428739462856878
562,82,"5 Female",0.8,0.162955889272955
563,83,"5 Female",1.14285714285714,0.26295942474767
564,84,"5 Female",0.914285714285714,0.189521416591737
565,85,"5 Female",0.657142857142857,0.135614735713406
566,86,"5 Female",1.02857142857143,0.156031209363121
567,87,"5 Female",0.942857142857143,0.216708987155691
568,88,"5 Female",1.05714285714286,0.298294471683159
569,89,"5 Female",1.31428571428571,0.541971856646966
570,90,"5 Female",0.885714285714286,0.248597506600761
571,91,"5 Female",1.28571428571429,0.423215836964855
572,92,"5 Female",1.2,0.21615431773534
573,93,"5 Female",1.37142857142857,0.290133884729839
574,94,"5 Female",0.714285714285714,0.151026897105978
575,95,"5 Female",0.971428571428571,0.171428571428571
576,96,"5 Female",0.885714285714286,0.152135656909356
577,97,"5 Female",0.971428571428571,0.194399373575582
578,98,"5 Female",1.11428571428571,0.186842083015562
579,99,"5 Female",0.628571428571429,0.130195162399088
580,100,"5 Female",1.14285714285714,0.192911601399143
581,101,"5 Female",1.08571428571429,0.302292163677606
582,102,"5 Female",0.914285714285714,0.193904717879288
583,103,"5 Female",0.742857142857143,0.131844427949279
584,104,"5 Female",0.771428571428571,0.201196898775381
585,105,"5 Female",0.571428571428571,0.137722863152107
586,106,"5 Female",0.771428571428571,0.159229839090111
587,107,"5 Female",0.971428571428571,0.35618358566711
588,108,"5 Female",0.628571428571429,0.11657373535368
589,109,"5 Female",0.914285714285714,0.189521416591737
590,110,"5 Female",0.6,0.143192882786374
591,111,"5 Female",1,0.29277002188456
592,112,"5 Female",0.514285714285714,0.118615462108194
593,113,"5 Female",0.942857142857143,0.335423618133012
594,114,"5 Female",0.6,0.143192882786374
595,115,"5 Female",1.02857142857143,0.466500856611955
596,116,"5 Female",0.571428571428571,0.124924947456458
597,117,"5 Female",0.885714285714286,0.283351575337245
598,118,"5 Female",0.771428571428571,0.18373215015669
599,119,"5 Female",0.542857142857143,0.138071088393552
600,120,"5 Female",0.6,0.130930734141595
601,121,"5 Female",0.771428571428571,0.159229839090111
602,122,"5 Female",0.6,0.154484776656107
603,123,"5 Female",0.857142857142857,0.188505208642823
604,124,"5 Female",0.571428571428571,0.131479712373835
605,125,"5 Female",0.8,0.152293392210313
606,126,"5 Female",0.914285714285714,0.247241686170743
607,127,"5 Female",0.942857142857143,0.352524764355348
608,128,"5 Female",0.6,0.110003819643385
609,129,"5 Female",0.714285714285714,0.14535629116262
610,130,"5 Female",0.714285714285714,0.222934698851437
611,131,"5 Female",0.6,0.170022242736679
612,132,"5 Female",0.542857142857143,0.125308742362075
613,133,"5 Female",0.571428571428571,0.11800665332129
614,134,"5 Female",0.714285714285714,0.133293311320325
615,135,"5 Female",0.857142857142857,0.217483147778919
616,136,"5 Female",1.02857142857143,0.432863660266546
617,137,"5 Female",0.457142857142857,0.111089767190997
618,138,"5 Female",0.685714285714286,0.140655300523749
619,139,"5 Female",0.8,0.261861468283191
620,140,"5 Female",0.8,0.186970540977121
621,141,"5 Female",0.6,0.154484776656107
622,142,"5 Female",0.8,0.231182564548585
623,143,"5 Female",1.2,0.68697363348912
624,144,"5 Female",0.685714285714286,0.157562464984998
625,145,"5 Female",0.457142857142857,0.118412873639049
626,146,"5 Female",0.457142857142857,0.111089767190997
627,147,"5 Female",0.485714285714286,0.118615462108194
628,148,"5 Female",1.17142857142857,0.681675782721595
629,149,"5 Female",0.942857142857143,0.25252625171083
630,150,"5 Female",0.514285714285714,0.111305685309569
631,151,"5 Female",0.628571428571429,0.123572278619508
632,152,"5 Female",0.914285714285714,0.257236210878785
633,153,"5 Female",0.714285714285714,0.133293311320325
634,154,"5 Female",0.542857142857143,0.125308742362075
635,155,"5 Female",0.714285714285714,0.185940392415991
636,156,"5 Female",0.542857142857143,0.131844427949279
637,157,"5 Female",0.771428571428571,0.205331109054956
638,158,"5 Female",0.571428571428571,0.11800665332129
639,159,"5 Female",0.6,0.143192882786374
640,160,"5 Female",0.685714285714286,0.162808484548737
641,161,"5 Female",0.514285714285714,0.132026407922641
642,162,"5 Female",1.05714285714286,0.419969701073694
643,163,"5 Female",0.514285714285714,0.165876478146846
644,164,"5 Female",0.885714285714286,0.216043212964322
645,165,"5 Female",0.571428571428571,0.137722863152107
646,166,"5 Female",0.714285714285714,0.166886609577229
647,167,"5 Female",0.714285714285714,0.176670554971669
648,168,"5 Female",0.657142857142857,0.20059934206875
649,169,"5 Female",0.371428571428571,0.123572278619508
650,170,"5 Female",0.571428571428571,0.124924947456458
651,171,"5 Female",0.971428571428571,0.264052815845282
652,172,"5 Female",1.37142857142857,0.739163408873848
653,173,"5 Female",1.14285714285714,0.309900654026652
654,174,"5 Female",0.571428571428571,0.180036010803601
655,175,"5 Female",0.657142857142857,0.168746526352581
656,176,"5 Female",0.6,0.201673669346206
657,177,"5 Female",0.6,0.137198868114007
658,178,"5 Female",0.685714285714286,0.182289033451513
659,179,"5 Female",0.6,0.159831844409664
660,180,"5 Female",0.914285714285714,0.279168719719147
661,181,"5 Female",0.485714285714286,0.144195412294465
662,182,"5 Female",0.571428571428571,0.143695021847389
663,183,"5 Female",0.657142857142857,0.20059934206875
664,184,"5 Female",0.685714285714286,0.231078685610719
665,185,"5 Female",0.628571428571429,0.239346850336298
666,186,"5 Female",0.657142857142857,0.192038411523841
667,187,"5 Female",0.257142857142857,0.0947607082958686
668,188,"5 Female",0.771428571428571,0.169456443354857
669,189,"5 Female",0.885714285714286,0.186842083015562
670,190,"5 Female",0.914285714285714,0.346340844822433
671,191,"5 Female",0.6,0.143192882786374
672,192,"5 Female",0.514285714285714,0.144195412294465
673,193,"5 Female",0.457142857142857,0.131844427949279
674,194,"5 Female",0.514285714285714,0.118615462108194
675,195,"5 Female",0.514285714285714,0.118615462108194
676,196,"5 Female",0.714285714285714,0.207309408557235
677,197,"5 Female",0.542857142857143,0.214369731428439
678,198,"5 Female",0.542857142857143,0.138071088393552
679,199,"5 Female",0.514285714285714,0.125500199681307
680,200,"5 Female",0.457142857142857,0.103248554980892
681,201,"5 Female",0.628571428571429,0.18373215015669
682,202,"5 Female",0.571428571428571,0.143695021847389
683,203,"5 Female",0.4,0.124347034037606
684,204,"5 Female",0.6,0.225291594430437
685,205,"5 Female",0.657142857142857,0.208809579704166
686,206,"5 Female",0.371428571428571,0.109127281215112
687,207,"5 Female",0.514285714285714,0.125500199681307
688,208,"5 Female",0.171428571428571,0.0765398153730131
689,209,"5 Female",0.257142857142857,0.111089767190997
690,210,"5 Female",0.4,0.165005729465078
691,211,"5 Female",0.314285714285714,0.114285714285714
692,212,"5 Female",0.457142857142857,0.149749691111518
693,213,"5 Female",0.6,0.221530201670338
694,214,"5 Female",0.771428571428571,0.378154995313022
695,215,"5 Female",1.02857142857143,0.52257557739875
696,216,"5 Female",0.828571428571429,0.190027482690455
697,217,"5 Female",0.857142857142857,0.478342476275988
698,218,"5 Female",0.571428571428571,0.184644624766014
699,219,"5 Female",0.8,0.286385765572748
700,220,"5 Female",1.11428571428571,0.685714285714286
701,221,"5 Female",0.828571428571429,0.28839082458893
702,222,"5 Female",0.457142857142857,0.149749691111518
703,223,"5 Female",0.6,0.174894926439041
704,224,"5 Female",0.571428571428571,0.184644624766014
705,225,"5 Female",0.457142857142857,0.138071088393552
706,226,"5 Female",0.571428571428571,0.165441676669912
707,227,"5 Female",0.771428571428571,0.290133884729839
708,228,"5 Female",0.571428571428571,0.243523554278832
709,229,"5 Female",0.628571428571429,0.201196898775381
710,230,"5 Female",0.485714285714286,0.138244872085236
711,231,"5 Female",0.485714285714286,0.125500199681307
712,232,"5 Female",0.514285714285714,0.189521416591737
713,233,"5 Female",1.02857142857143,0.768591109054201
714,234,"5 Female",0.571428571428571,0.29643743026147
715,235,"5 Female",0.514285714285714,0.125500199681307
716,236,"5 Female",0.371428571428571,0.101134026106423
717,237,"5 Female",0.571428571428571,0.202030508910442
718,238,"5 Female",0.457142857142857,0.160581177370856
719,239,"5 Female",0.685714285714286,0.212117886089409
720,240,"5 Female",0.542857142857143,0.155259918384955
721,241,"5 Female",0.285714285714286,0.0876531415825566
722,242,"5 Female",0.714285714285714,0.273696846868199
723,243,"5 Female",0.485714285714286,0.165876478146846
724,244,"5 Female",0.457142857142857,0.18030253354138
725,245,"5 Female",0.314285714285714,0.0984879685645957
726,246,"5 Female",0.285714285714286,0.133293311320325
727,247,"5 Female",0.314285714285714,0.0895500289395443
728,248,"5 Female",0.428571428571429,0.11800665332129
729,249,"5 Female",0.571428571428571,0.170445359714658
730,250,"5 Female",0.628571428571429,0.213359342152045
731,251,"5 Female",0.371428571428571,0.123572278619508
732,252,"5 Female",0.428571428571429,0.137722863152107
733,253,"5 Female",0.4,0.117394687294792
734,254,"5 Female",0.457142857142857,0.17557998556935
735,255,"5 Female",0.857142857142857,0.27237781824214
736,256,"5 Female",0.371428571428571,0.0924522523662189
737,257,"5 Female",0.428571428571429,0.124924947456458
738,258,"5 Female",0.514285714285714,0.132026407922641
739,259,"5 Female",0.628571428571429,0.179100057879089
740,260,"5 Female",1,0.424065953329325
741,261,"5 Female",0.685714285714286,0.223687313913334
742,262,"5 Female",0.771428571428571,0.350475581536434
743,263,"5 Female",0.6,0.272554057547699
744,264,"5 Female",0.571428571428571,0.29643743026147
745,265,"5 Female",0.2,0.0799159222048319
746,266,"5 Female",0.314285714285714,0.114285714285714
747,267,"5 Female",0.485714285714286,0.222179534381993
748,268,"5 Female",0.542857142857143,0.236724344684163
749,269,"5 Female",0.6,0.239747766614496
750,270,"5 Female",0.685714285714286,0.255268613084199
751,271,"5 Female",0.342857142857143,0.122596949410668
752,272,"5 Female",0.4,0.130930734141595
753,273,"5 Female",0.285714285714286,0.120024007202401
754,274,"5 Female",0.285714285714286,0.0967664482049397
755,275,"5 Female",0.342857142857143,0.183077598200285
756,276,"5 Female",0.257142857142857,0.131844427949279
757,277,"5 Female",0.228571428571429,0.0828658355335869
758,278,"5 Female",0.171428571428571,0.0765398153730131
759,279,"5 Female",0.485714285714286,0.17086742893632
760,280,"5 Female",0.257142857142857,0.0947607082958686
761,281,"5 Female",0.485714285714286,0.202386719311474
762,282,"5 Female",0.257142857142857,0.111089767190997
763,283,"5 Female",0.371428571428571,0.153861851632414
764,284,"5 Female",0.285714285714286,0.0967664482049397
765,285,"5 Female",0.342857142857143,0.108021606482161
766,286,"5 Female",0.514285714285714,0.160730624753012
767,287,"5 Female",0.6,0.281651790501032
768,288,"5 Female",1.05714285714286,0.59823670470972
769,289,"5 Female",0.542857142857143,0.184904504732438
770,290,"5 Female",0.285714285714286,0.105092424879754
771,291,"5 Female",0.828571428571429,0.547700639397252
772,292,"5 Female",0.228571428571429,0.0924522523662189
773,293,"5 Female",0.885714285714286,0.415602081366316
774,294,"5 Female",0.2,0.0898177426278144
775,295,"5 Female",0.228571428571429,0.0828658355335869
776,296,"5 Female",0.142857142857143,0.0726781455813098
777,297,"5 Female",0.142857142857143,0.0726781455813098
778,298,"5 Female",0.2,0.0799159222048319
779,299,"5 Female",0.371428571428571,0.148299686846762
780,300,"5 Female",0.342857142857143,0.115539342805359
781,301,"5 Female",0.485714285714286,0.17086742893632
782,302,"5 Female",0.485714285714286,0.14990993694775
783,303,"5 Female",0.371428571428571,0.130195162399088
784,304,"5 Female",0.342857142857143,0.108021606482161
785,305,"5 Female",0.285714285714286,0.120024007202401
786,306,"5 Female",0.2,0.0799159222048319
787,307,"5 Female",0.342857142857143,0.0999399579651664
788,308,"5 Female",0.485714285714286,0.14990993694775
789,309,"5 Female",0.371428571428571,0.11657373535368
790,310,"5 Female",0.285714285714286,0.0967664482049397
791,311,"5 Female",0.257142857142857,0.103248554980892
792,312,"5 Female",0.771428571428571,0.515451526441085
793,313,"5 Female",0.571428571428571,0.29643743026147
794,314,"5 Female",0.342857142857143,0.259096222166469
795,315,"5 Female",0.857142857142857,0.371557831419061
796,316,"5 Female",0.685714285714286,0.463402521312415
797,317,"5 Female",0.314285714285714,0.114285714285714
798,318,"5 Female",0.228571428571429,0.0828658355335869
799,319,"5 Female",0.142857142857143,0.0726781455813098
800,320,"5 Female",0.428571428571429,0.287807458647793
801,321,"5 Female",0.371428571428571,0.232218798179844
802,322,"5 Female",0.342857142857143,0.122596949410668
803,323,"5 Female",0.2,0.0898177426278144
804,324,"5 Female",0.571428571428571,0.341242697550369
805,325,"5 Female",0.885714285714286,0.799969987432227
806,326,"5 Female",0.2,0.0987314496989884
807,327,"5 Female",0.171428571428571,0.0960192057619207
808,328,"5 Female",0.257142857142857,0.155259918384955
809,329,"5 Female",0.2,0.0987314496989884
810,330,"5 Female",0.857142857142857,0.799309425831629
811,331,"5 Female",0.457142857142857,0.184904504732438
812,332,"5 Female",0.314285714285714,0.121416212915341
813,333,"5 Female",0.2,0.0799159222048319
814,334,"5 Female",0.285714285714286,0.139455294311993
815,335,"5 Female",0.314285714285714,0.140655300523749
816,336,"5 Female",0.285714285714286,0.15649215928719
817,337,"5 Female",0.342857142857143,0.108021606482161
818,338,"5 Female",0.371428571428571,0.17434494103181
819,339,"5 Female",0.285714285714286,0.207309408557235
820,340,"5 Female",0.114285714285714,0.0796149195450555
821,341,"5 Female",0.142857142857143,0.0726781455813098
822,342,"5 Female",0.2,0.0987314496989884
823,343,"5 Female",0.114285714285714,0.0545636406075561
824,344,"5 Female",0,0
825,345,"5 Female",0.571428571428571,0.221855105587296
826,346,"5 Female",1.02857142857143,0.774038535385484
827,347,"5 Female",0.457142857142857,0.170726855133062
828,348,"5 Female",0.285714285714286,0.230350221379959
829,349,"5 Female",0.114285714285714,0.0545636406075561
830,350,"5 Female",0.285714285714286,0.133293311320325
831,351,"5 Female",0.257142857142857,0.149749691111518
832,352,"5 Female",0.114285714285714,0.0545636406075561
833,353,"5 Female",0.0285714285714286,0.0285714285714286
834,354,"5 Female",0.457142857142857,0.160581177370856
835,355,"5 Female",0.2,0.10690449676497
836,356,"5 Female",0.285714285714286,0.14535629116262
837,357,"5 Female",0.4,0.137198868114007
838,358,"5 Female",0.342857142857143,0.135614735713406
839,359,"5 Female",0.314285714285714,0.12815057170224
840,360,"5 Female",0.171428571428571,0.0960192057619207
841,361,"5 Female",0.114285714285714,0.0682485395100738
842,362,"5 Female",0.114285714285714,0.0682485395100738
843,363,"5 Female",0.342857142857143,0.108021606482161
844,364,"5 Female",1.11428571428571,0.998967053545625
845,365,"5 Female",0.428571428571429,0.218034436743929
846,366,"5 Female",0.457142857142857,0.372009887694692
847,367,"5 Female",0.428571428571429,0.221855105587296
848,368,"5 Female",0.257142857142857,0.202268052212845
849,369,"5 Female",0.257142857142857,0.103248554980892
850,370,"5 Female",0.257142857142857,0.103248554980892
851,371,"5 Female",0.542857142857143,0.285041224035682
852,372,"5 Female",0.171428571428571,0.0765398153730131
853,373,"5 Female",0.142857142857143,0.0726781455813098
854,374,"5 Female",0.257142857142857,0.131844427949279
855,375,"5 Female",0.285714285714286,0.203215448742075
856,376,"5 Female",0.314285714285714,0.162808484548737
857,377,"5 Female",0.428571428571429,0.371880784831982
858,378,"5 Female",0.142857142857143,0.0929701962079955
859,379,"5 Female",0.0571428571428571,0.0398074597725278
860,380,"5 Female",0.0571428571428571,0.0398074597725278
861,381,"5 Female",0.342857142857143,0.286804642154036
862,382,"5 Female",0.2,0.146671759524514
863,383,"5 Female",0.171428571428571,0.119422379317583
864,384,"5 Female",0.142857142857143,0.0726781455813098
865,385,"5 Female",0.0571428571428571,0.0571428571428571
866,386,"5 Female",0.2,0.152293392210313
867,387,"5 Female",0.257142857142857,0.144028808642881
868,388,"5 Female",0.2,0.121613798421012
869,389,"5 Female",0.228571428571429,0.11657373535368
870,390,"5 Female",0.0571428571428571,0.0398074597725278
871,391,"5 Female",0.0857142857142857,0.0857142857142857
872,392,"5 Female",0.0857142857142857,0.0631315629277074
873,393,"5 Female",0.571428571428571,0.328699280934587
874,394,"5 Female",0.457142857142857,0.400300007542362
875,395,"5 Female",0.142857142857143,0.0600120036012004
876,396,"5 Female",0.285714285714286,0.233969862928334
877,397,"5 Female",0.485714285714286,0.321162354741712
878,398,"5 Female",0.171428571428571,0.119422379317583
879,399,"5 Female",0.0857142857142857,0.0631315629277074
880,400,"5 Female",0.0857142857142857,0.0480096028809603
881,401,"5 Female",0.885714285714286,0.580888089384656
882,402,"5 Female",0.371428571428571,0.343207104306683
883,403,"5 Female",0.228571428571429,0.153861851632414
884,404,"5 Female",0.142857142857143,0.0834433047886145
885,405,"5 Female",0.285714285714286,0.151026897105978
886,406,"5 Female",0.142857142857143,0.0834433047886145
887,407,"5 Female",0.514285714285714,0.282162801124697
888,408,"5 Female",0.6,0.434248118673448
889,409,"5 Female",0.114285714285714,0.0682485395100738
890,410,"5 Female",0.285714285714286,0.181364707875885
891,411,"5 Female",0.314285714285714,0.177619310458573
892,412,"5 Female",0.142857142857143,0.0929701962079955
893,413,"5 Female",0.2,0.10690449676497
894,414,"5 Female",0.142857142857143,0.0600120036012004
895,415,"5 Female",0.0571428571428571,0.0398074597725278
896,416,"5 Female",0.628571428571429,0.28722290785994
897,417,"5 Female",0.0857142857142857,0.0631315629277074
898,418,"5 Female",0.257142857142857,0.144028808642881
899,419,"5 Female",0.2,0.121613798421012
900,420,"5 Female",0.371428571428571,0.262776750585472
901,421,"5 Female",0.0285714285714286,0.0285714285714286
902,422,"5 Female",0.0857142857142857,0.0631315629277074
903,423,"5 Female",0.142857142857143,0.0834433047886145
904,424,"5 Female",0.0857142857142857,0.0631315629277074
905,425,"5 Female",0.714285714285714,0.501378651540817
906,426,"5 Female",0.257142857142857,0.131844427949279
907,427,"5 Female",0.0571428571428571,0.0398074597725278
908,428,"5 Female",0.342857142857143,0.163690921822668
909,429,"5 Female",0.342857142857143,0.129269811919525
910,430,"5 Female",0.657142857142857,0.51521857504561
911,431,"5 Female",0.114285714285714,0.0545636406075561
912,432,"5 Female",0.142857142857143,0.0726781455813098
913,433,"5 Female",0.0857142857142857,0.0631315629277074
914,434,"5 Female",0.685714285714286,0.65692360244383
915,435,"5 Female",0.457142857142857,0.263597787390955
916,436,"5 Female",0.0857142857142857,0.0631315629277074
917,437,"5 Female",0.114285714285714,0.0682485395100738
918,438,"5 Female",0.171428571428571,0.119422379317583
919,439,"5 Female",0,0
920,440,"5 Female",0.114285714285714,0.0895500289395443
921,441,"5 Female",0.114285714285714,0.0682485395100738
922,442,"5 Female",0.114285714285714,0.0796149195450555
923,443,"5 Female",0.142857142857143,0.0929701962079955
924,444,"5 Female",0.0571428571428571,0.0571428571428571
925,445,"5 Female",0.171428571428571,0.0646349059597627
926,446,"5 Female",0.0857142857142857,0.0631315629277074
927,447,"5 Female",0.0857142857142857,0.0480096028809603
928,448,"5 Female",0.114285714285714,0.0895500289395443
929,449,"5 Female",0.114285714285714,0.0682485395100738
930,450,"5 Female",0.171428571428571,0.104404789852083
931,451,"5 Female",0.4,0.205798302171011
932,452,"5 Female",0.0571428571428571,0.0398074597725278
933,453,"5 Female",0.285714285714286,0.14535629116262
934,454,"5 Female",0.485714285714286,0.305059378629466
935,455,"5 Female",0.742857142857143,0.338912886709714
936,456,"5 Female",0.114285714285714,0.0545636406075561
937,457,"5 Female",0.142857142857143,0.0929701962079955
938,458,"5 Female",0.342857142857143,0.163690921822668
939,459,"5 Female",0.314285714285714,0.167890663558055
940,460,"5 Female",0.714285714285714,0.556959676846226
941,461,"5 Female",0.571428571428571,0.485565968457314
942,462,"5 Female",0.171428571428571,0.0868275048947193
943,463,"5 Female",0.171428571428571,0.126263125855415
944,464,"5 Female",0.314285714285714,0.162808484548737
945,465,"5 Female",0.0857142857142857,0.0480096028809603
946,466,"5 Female",0.142857142857143,0.0726781455813098
947,467,"5 Female",0.371428571428571,0.188250299521961
948,468,"5 Female",0.371428571428571,0.159229839090111
949,469,"5 Female",0.371428571428571,0.130195162399088
950,470,"5 Female",0.685714285714286,0.486405834930567
951,471,"5 Female",0.2,0.0799159222048319
952,472,"5 Female",0.314285714285714,0.167890663558055
953,473,"5 Female",0.314285714285714,0.140655300523749
954,474,"5 Female",0.542857142857143,0.222071444113187
955,475,"5 Female",1.28571428571429,0.812270837569235
956,476,"5 Female",0.685714285714286,0.388428050660886
957,477,"5 Female",0.457142857142857,0.214369731428439
958,478,"5 Female",0.257142857142857,0.111089767190997
959,479,"5 Female",0.371428571428571,0.136497079020148
960,480,"5 Female",0.171428571428571,0.0646349059597627
961,481,"5 Female",0.4,0.263141972096797
962,482,"5 Female",0.2,0.121613798421012
963,483,"5 Female",0.457142857142857,0.214369731428439
964,484,"5 Female",0.428571428571429,0.318308856633435
965,485,"5 Female",0.457142857142857,0.257142857142857
966,486,"5 Female",0.428571428571429,0.225611081607393
967,487,"5 Female",0.371428571428571,0.269096572230258
968,488,"5 Female",0.6,0.34348681674456
969,489,"5 Female",0.457142857142857,0.269898384684351
970,490,"5 Female",0.0571428571428571,0.0398074597725278
971,491,"5 Female",0.285714285714286,0.15649215928719
972,492,"5 Female",0.457142857142857,0.372009887694692
973,493,"5 Female",0.2,0.10690449676497
974,494,"5 Female",0.285714285714286,0.112805540803696
975,495,"5 Female",0.171428571428571,0.0868275048947193
976,496,"5 Female",0.371428571428571,0.262776750585472
977,497,"5 Female",0.8,0.713377573957305
978,498,"5 Female",0.142857142857143,0.0929701962079955
979,499,"5 Female",0.0571428571428571,0.0398074597725278
980,500,"5 Female",0.485714285714286,0.279168719719147
981,501,"5 Female",0.114285714285714,0.0682485395100738
982,502,"5 Female",0.314285714285714,0.157562464984998
983,503,"5 Female",0.257142857142857,0.138071088393552
984,504,"5 Female",0.171428571428571,0.0868275048947193
985,505,"5 Female",0.257142857142857,0.165731671067174
986,506,"5 Female",0.742857142857143,0.398195208119721
987,507,"5 Female",0.228571428571429,0.153861851632414
988,508,"5 Female",0.285714285714286,0.257888740818703
989,509,"5 Female",0.942857142857143,0.695656218997582
990,510,"5 Female",1.71428571428571,1.24250453802423
991,511,"5 Female",0.6,0.571302507102716
992,512,"5 Female",1.31428571428571,0.855797263130838
993,513,"5 Female",1.8,1.23042658449496
994,514,"5 Female",1.68571428571429,1.27138608181292
995,515,"5 Female",2.17142857142857,1.30060471668052
996,516,"5 Female",0.0571428571428571,0.0398074597725278
997,517,"5 Female",0.171428571428571,0.104404789852083
998,518,"5 Female",0.428571428571429,0.184644624766014
999,519,"5 Female",0.514285714285714,0.400359982073756
1000,520,"5 Female",0.257142857142857,0.131844427949279
1001,521,"5 Female",0.514285714285714,0.353544901814521
1002,522,"5 Female",0.142857142857143,0.0726781455813098
1003,523,"5 Female",0.142857142857143,0.0834433047886145
1004,524,"5 Female",0.2,0.10690449676497
1005,525,"5 Female",0.171428571428571,0.0868275048947193
1006,526,"5 Female",0.314285714285714,0.114285714285714
1007,527,"5 Female",0.142857142857143,0.0726781455813098
1008,528,"5 Female",0.314285714285714,0.121416212915341
1009,529,"5 Female",0.342857142857143,0.147487969273538
1010,530,"5 Female",0.457142857142857,0.189394688783122
1011,531,"5 Female",0.371428571428571,0.164422668527093
1012,532,"5 Female",0.457142857142857,0.165731671067174
1013,533,"5 Female",0.342857142857143,0.115539342805359
1014,534,"5 Female",0.371428571428571,0.130195162399088
1015,535,"5 Female",0.257142857142857,0.0947607082958686
1016,536,"5 Female",0.371428571428571,0.123572278619508
1017,537,"5 Female",0.571428571428571,0.202030508910442
1018,538,"5 Female",0.514285714285714,0.189521416591737
1019,539,"5 Female",0.4,0.124347034037606
1020,540,"5 Female",0.742857142857143,0.321087587576285
1021,541,"5 Female",0.371428571428571,0.130195162399088
1022,542,"5 Female",1,0.463816828521959
1023,543,"5 Female",1.05714285714286,0.531278554772451
1024,544,"5 Female",0.714285714285714,0.261126932563388
1025,545,"5 Female",0.428571428571429,0.170445359714658
1026,546,"5 Female",0.542857142857143,0.189394688783122
1027,547,"5 Female",0.542857142857143,0.160581177370856
1028,548,"5 Female",0.428571428571429,0.131479712373835
1029,549,"5 Female",0.457142857142857,0.111089767190997
1030,550,"5 Female",0.342857142857143,0.0999399579651664
1031,551,"5 Female",1.57142857142857,1.08642170672807
1032,552,"5 Female",0.971428571428571,0.744148844654885
1033,553,"5 Female",1.71428571428571,0.966298863394426
1034,554,"5 Female",0.428571428571429,0.206148002172031
1035,555,"5 Female",0.6,0.331028445806056
1036,556,"5 Female",0.571428571428571,0.210184849759509
1037,557,"5 Female",0.371428571428571,0.209383706659916
1038,558,"5 Female",0.314285714285714,0.152135656909356
1039,559,"5 Female",0.371428571428571,0.169456443354857
1040,560,"5 Female",0.685714285714286,0.405366166189874
1041,561,"5 Female",0.4,0.259928884909092
1042,562,"5 Female",0.428571428571429,0.154950327013326
1043,563,"5 Female",0.657142857142857,0.51521857504561
1044,564,"5 Female",0.228571428571429,0.109127281215112
1045,565,"5 Female",0.485714285714286,0.229619446119039
1046,566,"5 Female",0.657142857142857,0.3549005237425
1047,567,"5 Female",0.628571428571429,0.278307351668613
1048,568,"5 Female",0.971428571428571,0.607357846266407
1049,569,"5 Female",0.485714285714286,0.279168719719147
1050,570,"5 Female",0.428571428571429,0.131479712373835
1051,571,"5 Female",0.542857142857143,0.198069918657707
1052,572,"5 Female",0.885714285714286,0.413575165800737
1053,573,"5 Female",1.77142857142857,1.15160517443745
1054,574,"5 Female",1.05714285714286,0.854983273847754
1055,575,"5 Female",0.257142857142857,0.118412873639049
1056,576,"5 Female",0.457142857142857,0.218254562430224
1057,577,"5 Female",0.457142857142857,0.17557998556935
1058,578,"5 Female",0.6,0.281651790501032
1059,579,"5 Female",0.457142857142857,0.125308742362075
1060,580,"5 Female",0.514285714285714,0.155414482801912
1061,581,"5 Female",0.457142857142857,0.131844427949279
1062,582,"5 Female",0.571428571428571,0.218034436743929
1063,583,"5 Female",0.485714285714286,0.14990993694775
1064,584,"5 Female",0.371428571428571,0.101134026106423
1065,585,"5 Female",0.4,0.10207922446427
1066,586,"5 Female",0.428571428571429,0.11800665332129
1067,587,"5 Female",0.6,0.18425411754404
1068,588,"5 Female",0.914285714285714,0.46085676254367
1069,589,"5 Female",0.571428571428571,0.210184849759509
1070,590,"5 Female",0.742857142857143,0.198069918657707
1071,591,"5 Female",0.457142857142857,0.118412873639049
1072,592,"5 Female",0.942857142857143,0.629716298857524
1073,593,"5 Female",0.514285714285714,0.175716676898398
1074,594,"5 Female",0.942857142857143,0.431808503197162
1075,595,"5 Female",0.714285714285714,0.199037298862639
1076,596,"5 Female",0.371428571428571,0.123572278619508
1077,597,"5 Female",0.485714285714286,0.138244872085236
1078,598,"5 Female",0.571428571428571,0.149428683901817
1079,599,"5 Female",0.4,0.110003819643385
1080,600,"5 Female",0.771428571428571,0.239346850336298
1081,601,"5 Female",0.485714285714286,0.175716676898398
1082,602,"5 Female",0.4,0.130930734141595
1083,603,"5 Female",0.514285714285714,0.175716676898398
1084,604,"5 Female",1,0.403763804821623
1085,605,"5 Female",0.685714285714286,0.204040812244081
1086,606,"5 Female",0.485714285714286,0.125500199681307
1087,607,"5 Female",1.05714285714286,0.469118352669691
1088,608,"5 Female",1,0.362066895717891
1089,609,"5 Female",0.542857142857143,0.170726855133062
1090,610,"5 Female",0.8,0.245291800162359
1091,611,"5 Female",2.4,1.04052346231608
1092,612,"5 Female",1.4,0.668875891315566
1093,613,"5 Female",0.342857142857143,0.141675787668622
1094,614,"5 Female",0.485714285714286,0.125500199681307
1095,615,"5 Female",0.371428571428571,0.11657373535368
1096,616,"5 Female",0.371428571428571,0.109127281215112
1097,617,"5 Female",0.485714285714286,0.132026407922641
1098,618,"5 Female",0.971428571428571,0.487638304941868
1099,619,"5 Female",0.742857142857143,0.206380806314168
1100,620,"5 Female",0.257142857142857,0.0947607082958686
1101,621,"5 Female",0.514285714285714,0.111305685309569
1102,622,"5 Female",0.314285714285714,0.0895500289395443
1103,623,"5 Female",0.371428571428571,0.101134026106423
1104,624,"5 Female",0.514285714285714,0.17086742893632
1105,625,"5 Female",0.742857142857143,0.376500599043922
1106,626,"5 Female",1.08571428571429,0.438430026749243
1107,627,"5 Female",0.571428571428571,0.137722863152107
1108,628,"5 Female",0.514285714285714,0.138244872085236
1109,629,"5 Female",0.485714285714286,0.138244872085236
1110,630,"5 Female",1.6,0.805652301090303
1111,631,"5 Female",1.57142857142857,0.802606797297673
1112,632,"5 Female",1.17142857142857,0.681675782721595
1113,633,"5 Female",0.514285714285714,0.111305685309569
1114,634,"5 Female",0.6,0.124347034037606
1115,635,"5 Female",0.971428571428571,0.432863660266546
1116,636,"5 Female",0.514285714285714,0.138244872085236
1117,637,"5 Female",0.485714285714286,0.132026407922641
1118,638,"5 Female",0.657142857142857,0.141675787668622
1119,639,"5 Female",0.657142857142857,0.141675787668622
1120,640,"5 Female",0.657142857142857,0.122596949410668
1121,641,"5 Female",1.05714285714286,0.301098429264655
1122,642,"5 Female",1.28571428571429,0.7362994328002
1123,643,"5 Female",0.857142857142857,0.236013306642581
1124,644,"5 Female",0.885714285714286,0.332475887977511
1125,645,"5 Female",0.657142857142857,0.129269811919525
1126,646,"5 Female",0.714285714285714,0.181364707875885
1127,647,"5 Female",0.8,0.172962326494976
1128,648,"5 Female",0.714285714285714,0.139455294311993
1129,649,"5 Female",0.657142857142857,0.129269811919525
1130,650,"5 Female",0.314285714285714,0.0895500289395443
1131,651,"5 Female",0.457142857142857,0.125308742362075
1132,652,"5 Female",0.714285714285714,0.171848225842137
1133,653,"5 Female",0.628571428571429,0.188250299521961
1134,654,"5 Female",0.571428571428571,0.149428683901817
1135,655,"5 Female",0.714285714285714,0.151026897105978
1136,656,"5 Female",0.628571428571429,0.148299686846762
1137,657,"5 Female",0.8,0.177754433574699
1138,658,"5 Female",0.8,0.157714772864916
1139,659,"5 Female",0.885714285714286,0.19128679059073
1140,660,"5 Female",1.05714285714286,0.280883531420568
1141,661,"5 Female",0.828571428571429,0.318836419916336
1142,662,"5 Female",1,0.249368951454626
1143,663,"5 Female",1.11428571428571,0.216043212964322
1144,664,"5 Female",0.885714285714286,0.30061960824195
1145,665,"5 Female",0.828571428571429,0.180967123091063
1146,666,"5 Female",1.37142857142857,0.54554839310522
1147,667,"5 Female",2.05714285714286,1.15950065834853
1148,668,"5 Female",0.6,0.159831844409664
1149,669,"5 Female",1,0.163984012338158
1150,670,"5 Female",0.942857142857143,0.271760080616279
1151,671,"5 Female",0.828571428571429,0.156031209363121
1152,672,"5 Female",0.742857142857143,0.149749691111518
1153,673,"5 Female",0.8,0.195753231725794
1154,674,"5 Female",1.37142857142857,0.652191798213273
1155,675,"5 Female",0.628571428571429,0.153861851632414
1156,676,"5 Female",1.48571428571429,0.676584885171652
1157,677,"5 Female",0.828571428571429,0.176262382177674
1158,678,"5 Female",0.914285714285714,0.180435647279366
1159,679,"5 Female",0.885714285714286,0.19128679059073
1160,680,"5 Female",0.457142857142857,0.131844427949279
1161,681,"5 Female",0.885714285714286,0.167890663558055
1162,682,"5 Female",0.742857142857143,0.155259918384955
1163,683,"5 Female",1.02857142857143,0.206961670976298
1164,684,"5 Female",0.971428571428571,0.176262382177674
1165,685,"5 Female",1.48571428571429,0.656411723341544
1166,686,"5 Female",1.28571428571429,0.341945566879121
1167,687,"5 Female",0.971428571428571,0.185552612239126
1168,688,"5 Female",1,0.235504107976803
1169,689,"5 Female",0.942857142857143,0.163690921822668
1170,690,"5 Female",0.942857142857143,0.168746526352581
1171,691,"5 Female",0.8,0.177754433574699
1172,692,"5 Female",1.02857142857143,0.166454446720817
1173,693,"5 Female",0.942857142857143,0.168746526352581
1174,694,"5 Female",1.2,0.204158448928541
1175,695,"5 Female",0.942857142857143,0.196365536104246
1176,696,"5 Female",1.02857142857143,0.144859910801792
1177,697,"5 Female",1.05714285714286,0.168746526352581
1178,698,"5 Female",1,0.173931310695735
1179,699,"5 Female",1.14285714285714,0.179367971354027
1180,700,"5 Female",1.48571428571429,0.263688855898557
1181,701,"5 Female",0.885714285714286,0.172823456680138
1182,702,"5 Female",1.08571428571429,0.160730624753012
1183,703,"5 Female",1,0.147813191210387
1184,704,"5 Female",1.05714285714286,0.245780721915504
1185,705,"5 Female",0.885714285714286,0.177619310458573
1186,706,"5 Female",1.17142857142857,0.138937833179431
1187,707,"5 Female",0.942857142857143,0.192038411523841
1188,708,"5 Female",0.942857142857143,0.135614735713406
1189,709,"5 Female",1.17142857142857,0.156031209363121
1190,710,"5 Female",0.914285714285714,0.180435647279366
1191,711,"5 Female",1.02857142857143,0.156031209363121
1192,712,"5 Female",1.11428571428571,0.157562464984998
1193,713,"5 Female",1.02857142857143,0.161327029862406
1194,714,"5 Female",1.11428571428571,0.199879915930333
1195,715,"5 Female",1.17142857142857,0.166454446720817
1196,716,"5 Female",1.14285714285714,0.221313334068995
1197,717,"5 Female",1.74285714285714,0.170726855133062
1198,718,"5 Female",2.34285714285714,0.265503666413011
1199,719,"5 Female",2.37142857142857,0.246268673005158
1200,720,"5 Female",2.2,0.231182564548585
1201,721,"5 Female",2,0.196609923922659
1202,722,"5 Female",1.71428571428571,0.190406149587455
1203,723,"5 Female",1.74285714285714,0.233147470707359
1204,724,"5 Female",1.71428571428571,0.247920523221321
1205,725,"5 Female",1.62857142857143,0.221096253747929
1206,726,"5 Female",2,0.235504107976803
1207,727,"5 Female",1.82857142857143,0.267216320281397
1208,728,"5 Female",1.82857142857143,0.257609287522805
1209,729,"5 Female",1.68571428571429,0.22741303101333
1210,730,"5 Female",1.77142857142857,0.301496865894254
1211,731,"5 Female",1.34285714285714,0.224330402870099
1212,732,"5 Female",1,0.231908414260979
1213,733,"5 Female",1.57142857142857,0.371880784831982
1214,734,"5 Female",1.4,0.497388136150425
1215,735,"5 Female",0.828571428571429,0.210982950785624
1216,736,"5 Female",1.22857142857143,0.338274698889473
1217,737,"5 Female",1.05714285714286,0.309357852514471
1218,738,"5 Female",0.628571428571429,0.188250299521961
1219,739,"5 Female",0.628571428571429,0.192662522403854
1220,740,"5 Female",0.771428571428571,0.217262240512384
1221,741,"5 Female",0.628571428571429,0.209383706659916
1222,742,"5 Female",0.485714285714286,0.17086742893632
1223,743,"5 Female",0.657142857142857,0.20059934206875
1224,744,"5 Female",0.514285714285714,0.202386719311474
1225,745,"5 Female",0.285714285714286,0.14535629116262
1226,746,"5 Female",0.514285714285714,0.305059378629466
1227,747,"5 Female",0.371428571428571,0.17434494103181
1228,748,"5 Female",0.0857142857142857,0.0480096028809603
1229,749,"5 Female",0.171428571428571,0.0868275048947193
1230,750,"5 Female",0.0571428571428571,0.0398074597725278
1231,751,"5 Female",0.171428571428571,0.104404789852083
1232,752,"5 Female",0.114285714285714,0.0682485395100738
1233,753,"5 Female",0.0285714285714286,0.0285714285714286
1234,754,"5 Female",0.0285714285714286,0.0285714285714286
1235,755,"5 Female",0.0285714285714286,0.0285714285714286
1236,756,"5 Female",0.228571428571429,0.17434494103181
1237,757,"5 Female",0.0857142857142857,0.0631315629277074
1238,758,"5 Female",0.0571428571428571,0.0571428571428571
1239,759,"5 Female",0,0
1240,760,"5 Female",0.142857142857143,0.101607724371038
1241,761,"5 Female",0.0285714285714286,0.0285714285714286
1242,762,"5 Female",0.0571428571428571,0.0571428571428571
1243,763,"5 Female",0,0
1244,764,"5 Female",0.0285714285714286,0.0285714285714286
1245,765,"5 Female",0,0
1246,766,"5 Female",0,0
1247,767,"5 Female",0.0571428571428571,0.0571428571428571
1248,768,"5 Female",0.0285714285714286,0.0285714285714286
1249,769,"5 Female",0,0
1250,770,"5 Female",0,0
1251,771,"5 Female",0.257142857142857,0.189394688783122
1252,772,"5 Female",0,0
1253,773,"5 Female",0,0
1254,774,"5 Female",0,0
1255,775,"5 Female",0,0
1256,776,"5 Female",0,0
1257,777,"5 Female",0.0285714285714286,0.0285714285714286
1258,778,"5 Female",0,0
1259,779,"5 Female",0,0
1260,780,"5 Female",0,0
1261,781,"5 Female",0,0
1262,782,"5 Female",0.0285714285714286,0.0285714285714286
1263,783,"5 Female",0,0
1264,784,"5 Female",0,0
1265,785,"5 Female",0,0
1266,786,"5 Female",0,0
1267,787,"5 Female",0.0285714285714286,0.0285714285714286
1268,788,"5 Female",0.114285714285714,0.114285714285714
1269,789,"5 Female",0,0
1270,790,"5 Female",0,0
1271,791,"5 Female",0,0
1272,792,"5 Female",0.2,0.2
1273,793,"5 Female",0,0
1274,794,"5 Female",0.542857142857143,0.3831379880502
1275,795,"5 Female",0.0857142857142857,0.0857142857142857
1276,796,"5 Female",0,0
1277,797,"5 Female",0,0
1278,798,"5 Female",0,0
1279,799,"5 Female",0,0
1280,800,"5 Female",0.0571428571428571,0.0571428571428571
1281,801,"5 Female",0.0285714285714286,0.0285714285714286
1282,802,"5 Female",0.342857142857143,0.342857142857143
1283,803,"5 Female",0.285714285714286,0.285714285714286
1284,804,"5 Female",0,0
1285,805,"5 Female",0.0285714285714286,0.0285714285714286
1286,806,"5 Female",0,0
1287,807,"5 Female",0,0
1288,808,"5 Female",0,0
1289,809,"5 Female",0,0
1290,810,"5 Female",0,0
1291,811,"5 Female",0,0
1292,812,"5 Female",0,0
1293,813,"5 Female",0,0
1294,814,"5 Female",0,0
1295,815,"5 Female",0,0
1296,816,"5 Female",0,0
1297,817,"5 Female",0,0
1298,818,"5 Female",0,0
1299,819,"5 Female",0,0
1300,820,"5 Female",0,0
1301,821,"5 Female",0,0
1302,822,"5 Female",0,0
1303,823,"5 Female",0,0
1304,824,"5 Female",0,0
1305,825,"5 Female",0,0
1306,826,"5 Female",0,0
1307,827,"5 Female",0,0
1308,828,"5 Female",0,0
1309,829,"5 Female",0,0
1310,830,"5 Female",0,0
1311,831,"5 Female",0,0
1312,832,"5 Female",0,0
1313,833,"5 Female",0,0
1314,834,"5 Female",0,0
1315,835,"5 Female",0,0
1316,836,"5 Female",0,0
1317,837,"5 Female",0,0
1318,838,"5 Female",0.228571428571429,0.228571428571429
1319,839,"5 Female",0,0
1320,840,"5 Female",0.0285714285714286,0.0285714285714286
1321,841,"5 Female",0.314285714285714,0.314285714285714
1322,842,"5 Female",0.0285714285714286,0.0285714285714286
1323,843,"5 Female",0,0
1324,844,"5 Female",0,0
1325,845,"5 Female",0,0
1326,846,"5 Female",0,0
1327,847,"5 Female",0.228571428571429,0.228571428571429
1328,848,"5 Female",0.0285714285714286,0.0285714285714286
1329,849,"5 Female",0.0285714285714286,0.0285714285714286
1330,850,"5 Female",0,0
1331,851,"5 Female",0,0
1332,852,"5 Female",0,0
1333,853,"5 Female",0,0
1334,854,"5 Female",0,0
1335,855,"5 Female",0,0
1336,856,"5 Female",0,0
1337,857,"5 Female",0,0
1338,858,"5 Female",0.0285714285714286,0.0285714285714286
1339,859,"5 Female",0.257142857142857,0.257142857142857
1340,860,"5 Female",0.228571428571429,0.228571428571429
1341,861,"5 Female",0.228571428571429,0.164422668527093
1342,862,"5 Female",0.114285714285714,0.114285714285714
1343,863,"5 Female",0,0
1344,864,"5 Female",0,0
1345,865,"5 Female",0,0
1346,866,"5 Female",0,0
1347,867,"5 Female",0,0
1348,868,"5 Female",0,0
1349,869,"5 Female",0,0
1350,870,"5 Female",0,0
1351,871,"5 Female",0,0
1352,872,"5 Female",0,0
1353,873,"5 Female",0,0
1354,874,"5 Female",0,0
1355,875,"5 Female",0,0
1356,876,"5 Female",0,0
1357,877,"5 Female",0,0
1358,878,"5 Female",0,0
1359,879,"5 Female",0,0
1360,880,"5 Female",0,0
1361,881,"5 Female",0,0
1362,882,"5 Female",0,0
1363,883,"5 Female",0,0
1364,884,"5 Female",0,0
1365,885,"5 Female",0,0
1366,886,"5 Female",0.0571428571428571,0.0571428571428571
1367,887,"5 Female",0.0857142857142857,0.0857142857142857
1368,888,"5 Female",0.428571428571429,0.428571428571429
1369,889,"5 Female",0.571428571428571,0.571428571428571
1370,890,"5 Female",0.2,0.2
1371,891,"5 Female",0.771428571428571,0.771428571428571
1372,892,"5 Female",0.285714285714286,0.285714285714286
1373,893,"5 Female",0.0285714285714286,0.0285714285714286
1374,894,"5 Female",0.0285714285714286,0.0285714285714286
1375,895,"5 Female",0.0285714285714286,0.0285714285714286
1376,896,"5 Female",0,0
1377,897,"5 Female",0,0
1378,898,"5 Female",0,0
1379,899,"5 Female",0,0
1380,900,"5 Female",0,0
1381,901,"5 Female",0,0
1382,902,"5 Female",0.0285714285714286,0.0285714285714286
1383,903,"5 Female",0,0
1384,904,"5 Female",0.228571428571429,0.201196898775381
1385,905,"5 Female",0.0857142857142857,0.0857142857142857
1386,906,"5 Female",0,0
1387,907,"5 Female",0,0
1388,908,"5 Female",0,0
1389,909,"5 Female",0,0
1390,910,"5 Female",0.0285714285714286,0.0285714285714286
1391,911,"5 Female",0,0
1392,912,"5 Female",0.0285714285714286,0.0285714285714286
1393,913,"5 Female",0.457142857142857,0.457142857142857
1394,914,"5 Female",0.257142857142857,0.189394688783122
1395,915,"5 Female",0.2,0.172962326494976
1396,916,"5 Female",0.0571428571428571,0.0571428571428571
1397,917,"5 Female",0.0285714285714286,0.0285714285714286
1398,918,"5 Female",0,0
1399,919,"5 Female",0,0
1400,920,"5 Female",0,0
1401,921,"5 Female",0,0
1402,922,"5 Female",0,0
1403,923,"5 Female",0,0
1404,924,"5 Female",0,0
1405,925,"5 Female",0,0
1406,926,"5 Female",0,0
1407,927,"5 Female",0,0
1408,928,"5 Female",0,0
1409,929,"5 Female",0.0285714285714286,0.0285714285714286
1410,930,"5 Female",0,0
1411,931,"5 Female",0,0
1412,932,"5 Female",0,0
1413,933,"5 Female",0,0
1414,934,"5 Female",0.0285714285714286,0.0285714285714286
1415,935,"5 Female",0,0
1416,936,"5 Female",0.0285714285714286,0.0285714285714286
1417,937,"5 Female",0,0
1418,938,"5 Female",0.0571428571428571,0.0571428571428571
1419,939,"5 Female",0,0
1420,940,"5 Female",0,0
1421,941,"5 Female",0,0
1422,942,"5 Female",0,0
1423,943,"5 Female",0,0
1424,944,"5 Female",0,0
1425,945,"5 Female",0,0
1426,946,"5 Female",0,0
1427,947,"5 Female",0,0
1428,948,"5 Female",0.0285714285714286,0.0285714285714286
1429,949,"5 Female",0,0
1430,950,"5 Female",0,0
1431,951,"5 Female",0,0
1432,952,"5 Female",0.0285714285714286,0.0285714285714286
1433,953,"5 Female",0.114285714285714,0.0895500289395443
1434,954,"5 Female",0,0
1435,955,"5 Female",0,0
1436,956,"5 Female",0,0
1437,957,"5 Female",0,0
1438,958,"5 Female",0,0
1439,959,"5 Female",0,0
0,960,"6 Female",0.106666666666667,0.0673121900619117
1,961,"6 Female",0.0933333333333333,0.0688995438819964
2,962,"6 Female",0.0133333333333333,0.0133333333333333
3,963,"6 Female",0.0266666666666667,0.0266666666666667
4,964,"6 Female",0,0
5,965,"6 Female",0.0133333333333333,0.0133333333333333
6,966,"6 Female",0.04,0.0296526437148407
7,967,"6 Female",0.04,0.0296526437148407
8,968,"6 Female",0.133333333333333,0.107942816581983
9,969,"6 Female",0.08,0.0593052874296813
10,970,"6 Female",0.04,0.0296526437148407
11,971,"6 Female",0.04,0.04
12,972,"6 Female",0.106666666666667,0.0941023658324022
13,973,"6 Female",0.173333333333333,0.160374936072069
14,974,"6 Female",0.0133333333333333,0.0133333333333333
15,975,"6 Female",0.0133333333333333,0.0133333333333333
16,976,"6 Female",0.0133333333333333,0.0133333333333333
17,977,"6 Female",0,0
18,978,"6 Female",0.0266666666666667,0.0266666666666667
19,979,"6 Female",0,0
20,980,"6 Female",0.0533333333333333,0.0419924203084719
21,981,"6 Female",0,0
22,982,"6 Female",0.0266666666666667,0.0187283408435118
23,983,"6 Female",0.0133333333333333,0.0133333333333333
24,984,"6 Female",0.0533333333333333,0.0533333333333333
25,985,"6 Female",0.106666666666667,0.0724682803138839
26,986,"6 Female",0.133333333333333,0.0855998091547366
27,987,"6 Female",0.16,0.0870745771277816
28,988,"6 Female",0.266666666666667,0.163666694189095
29,989,"6 Female",0.226666666666667,0.174576278104664
30,990,"6 Female",0.24,0.178925723177006
31,991,"6 Female",0.12,0.0628454417563402
32,992,"6 Female",0.0666666666666667,0.0346583496606691
33,993,"6 Female",0.24,0.180928535989034
34,994,"6 Female",0.04,0.04
35,995,"6 Female",0.146666666666667,0.106869177132703
36,996,"6 Female",0.08,0.0593052874296813
37,997,"6 Female",0.2,0.1518652793204
38,998,"6 Female",0.0266666666666667,0.0266666666666667
39,999,"6 Female",0.0533333333333333,0.0322899774332941
40,1000,"6 Female",0.0933333333333333,0.0574952668113272
41,1001,"6 Female",0.133333333333333,0.071869083514159
42,1002,"6 Female",0.266666666666667,0.178414774701626
43,1003,"6 Female",0.0133333333333333,0.0133333333333333
44,1004,"6 Female",0.0533333333333333,0.0533333333333333
45,1005,"6 Female",0.08,0.0561850225305353
46,1006,"6 Female",0.12,0.0848103342334694
47,1007,"6 Female",0.16,0.104044342591153
48,1008,"6 Female",0.186666666666667,0.103442255873991
49,1009,"6 Female",0.293333333333333,0.280137246500491
50,1010,"6 Female",0.306666666666667,0.28026585405459
51,1011,"6 Female",0.146666666666667,0.121096095165221
52,1012,"6 Female",0.146666666666667,0.101685495228867
53,1013,"6 Female",0.213333333333333,0.112775521804682
54,1014,"6 Female",0.0533333333333333,0.0419924203084719
55,1015,"6 Female",0.2,0.107384968834244
56,1016,"6 Female",0.0666666666666667,0.0438397299480953
57,1017,"6 Female",0.0933333333333333,0.0471659265214267
58,1018,"6 Female",0.0666666666666667,0.0395165985575879
59,1019,"6 Female",0.0666666666666667,0.0438397299480953
60,1020,"6 Female",0.0266666666666667,0.0187283408435118
61,1021,"6 Female",0.346666666666667,0.17449369056802
62,1022,"6 Female",0.0933333333333333,0.0508427476144335
63,1023,"6 Female",0.12,0.0948398365382111
64,1024,"6 Female",0.106666666666667,0.0645799548665882
65,1025,"6 Female",0.0133333333333333,0.0133333333333333
66,1026,"6 Female",0.0666666666666667,0.0547996624351191
67,1027,"6 Female",0.226666666666667,0.165026160452316
68,1028,"6 Female",0.04,0.0296526437148407
69,1029,"6 Female",0.08,0.0493562157791299
70,1030,"6 Female",0.186666666666667,0.0924020461793901
71,1031,"6 Female",0.106666666666667,0.055583176317025
72,1032,"6 Female",0.2,0.13288211940535
73,1033,"6 Female",0.28,0.12953137989838
74,1034,"6 Female",0.146666666666667,0.110189571837546
75,1035,"6 Female",0.173333333333333,0.148716228154551
76,1036,"6 Female",0.0533333333333333,0.0419924203084719
77,1037,"6 Female",0.133333333333333,0.0666666666666667
78,1038,"6 Female",0.213333333333333,0.109533545535592
79,1039,"6 Female",0.08,0.0493562157791299
80,1040,"6 Female",0.0533333333333333,0.0374566816870235
81,1041,"6 Female",0.0133333333333333,0.0133333333333333
82,1042,"6 Female",0.173333333333333,0.112903264554871
83,1043,"6 Female",0.12,0.12
84,1044,"6 Female",0.173333333333333,0.112903264554871
85,1045,"6 Female",0.226666666666667,0.133657264165717
86,1046,"6 Female",0.146666666666667,0.146666666666667
87,1047,"6 Female",0.04,0.0296526437148407
88,1048,"6 Female",0,0
89,1049,"6 Female",0.08,0.0561850225305353
90,1050,"6 Female",0.0666666666666667,0.0666666666666667
91,1051,"6 Female",0.0266666666666667,0.0266666666666667
92,1052,"6 Female",0.0266666666666667,0.0187283408435118
93,1053,"6 Female",0,0
94,1054,"6 Female",0.0266666666666667,0.0266666666666667
95,1055,"6 Female",0.0933333333333333,0.0933333333333333
96,1056,"6 Female",0.133333333333333,0.133333333333333
97,1057,"6 Female",0.0133333333333333,0.0133333333333333
98,1058,"6 Female",0.04,0.02277979189806
99,1059,"6 Female",0.2,0.162192189412149
100,1060,"6 Female",0.08,0.0561850225305353
101,1061,"6 Female",0.2,0.124480904139934
102,1062,"6 Female",0.0133333333333333,0.0133333333333333
103,1063,"6 Female",0,0
104,1064,"6 Female",0.0666666666666667,0.0666666666666667
105,1065,"6 Female",0,0
106,1066,"6 Female",0.146666666666667,0.113412796731508
107,1067,"6 Female",0.16,0.135620030942309
108,1068,"6 Female",0.173333333333333,0.134731408931075
109,1069,"6 Female",0.0266666666666667,0.0266666666666667
110,1070,"6 Female",0.0133333333333333,0.0133333333333333
111,1071,"6 Female",0.146666666666667,0.110189571837546
112,1072,"6 Female",0.2,0.123024937045849
113,1073,"6 Female",0.12,0.0758376644639809
114,1074,"6 Female",0.133333333333333,0.0767195274091667
115,1075,"6 Female",0,0
116,1076,"6 Female",0.133333333333333,0.0855998091547366
117,1077,"6 Female",0.0666666666666667,0.0666666666666667
118,1078,"6 Female",0.0933333333333333,0.0933333333333333
119,1079,"6 Female",0.12,0.0781774373570259
120,1080,"6 Female",0.0533333333333333,0.0533333333333333
121,1081,"6 Female",0.0133333333333333,0.0133333333333333
122,1082,"6 Female",0.2,0.102227444702734
123,1083,"6 Female",0.0533333333333333,0.0533333333333333
124,1084,"6 Female",0.04,0.0296526437148407
125,1085,"6 Female",0.04,0.0296526437148407
126,1086,"6 Female",0,0
127,1087,"6 Female",0.0533333333333333,0.0322899774332941
128,1088,"6 Female",0.133333333333333,0.0936417042175588
129,1089,"6 Female",0,0
130,1090,"6 Female",0.0933333333333333,0.0809255766056007
131,1091,"6 Female",0,0
132,1092,"6 Female",0,0
133,1093,"6 Female",0.0133333333333333,0.0133333333333333
134,1094,"6 Female",0,0
135,1095,"6 Female",0.173333333333333,0.160374936072069
136,1096,"6 Female",0.0133333333333333,0.0133333333333333
137,1097,"6 Female",0.0266666666666667,0.0266666666666667
138,1098,"6 Female",0.16,0.135620030942309
139,1099,"6 Female",0.146666666666667,0.0884161603860822
140,1100,"6 Female",0.16,0.0968699322998823
141,1101,"6 Female",0.0933333333333333,0.0605480475826105
142,1102,"6 Female",0.146666666666667,0.146666666666667
143,1103,"6 Female",0.0933333333333333,0.0688995438819964
144,1104,"6 Female",0.173333333333333,0.114488023423883
145,1105,"6 Female",0.266666666666667,0.202091169626089
146,1106,"6 Female",0.213333333333333,0.131920441945147
147,1107,"6 Female",0.28,0.187501351346482
148,1108,"6 Female",0.12,0.107317832241977
149,1109,"6 Female",0.36,0.20501812708254
150,1110,"6 Female",0.146666666666667,0.0798497086780908
151,1111,"6 Female",0.0933333333333333,0.0688995438819964
152,1112,"6 Female",0.0666666666666667,0.0547996624351191
153,1113,"6 Female",0.146666666666667,0.0943318530428534
154,1114,"6 Female",0.04,0.0296526437148407
155,1115,"6 Female",0.0666666666666667,0.0666666666666667
156,1116,"6 Female",0.106666666666667,0.0724682803138839
157,1117,"6 Female",0.0933333333333333,0.0714668280218697
158,1118,"6 Female",0.106666666666667,0.0818113261907732
159,1119,"6 Female",0.0666666666666667,0.0438397299480953
160,1120,"6 Female",0.0933333333333333,0.0809255766056007
161,1121,"6 Female",0.146666666666667,0.108542071941627
162,1122,"6 Female",0.0666666666666667,0.0477732381389652
163,1123,"6 Female",0.146666666666667,0.0980776183398599
164,1124,"6 Female",0.0933333333333333,0.0574952668113272
165,1125,"6 Female",0.133333333333333,0.120559257357262
166,1126,"6 Female",0.2,0.110689892276812
167,1127,"6 Female",0.48,0.324028694091425
168,1128,"6 Female",0.266666666666667,0.161449887166471
169,1129,"6 Female",0.506666666666667,0.289997411192753
170,1130,"6 Female",0.24,0.200755330446548
171,1131,"6 Female",0.0266666666666667,0.0187283408435118
172,1132,"6 Female",0.0533333333333333,0.0374566816870235
173,1133,"6 Female",0.413333333333333,0.350080213888412
174,1134,"6 Female",0.0933333333333333,0.0605480475826105
175,1135,"6 Female",0.0666666666666667,0.0438397299480953
176,1136,"6 Female",0.0933333333333333,0.0605480475826105
177,1137,"6 Female",0.0666666666666667,0.0547996624351191
178,1138,"6 Female",0.24,0.172778043316424
179,1139,"6 Female",0.426666666666667,0.254808412983809
180,1140,"6 Female",0.333333333333333,0.190147721932597
181,1141,"6 Female",0.333333333333333,0.177402005263389
182,1142,"6 Female",0.306666666666667,0.219724096718313
183,1143,"6 Female",0.08,0.0455595837961199
184,1144,"6 Female",0.0533333333333333,0.0533333333333333
185,1145,"6 Female",0,0
186,1146,"6 Female",0.0133333333333333,0.0133333333333333
187,1147,"6 Female",0.146666666666667,0.0820751870929109
188,1148,"6 Female",0.08,0.0561850225305353
189,1149,"6 Female",0.0266666666666667,0.0266666666666667
190,1150,"6 Female",0.16,0.16
191,1151,"6 Female",0.106666666666667,0.0941023658324022
192,1152,"6 Female",0.04,0.02277979189806
193,1153,"6 Female",0.0266666666666667,0.0266666666666667
194,1154,"6 Female",0.0266666666666667,0.0266666666666667
195,1155,"6 Female",0.0133333333333333,0.0133333333333333
196,1156,"6 Female",0.0266666666666667,0.0266666666666667
197,1157,"6 Female",0.0533333333333333,0.0374566816870235
198,1158,"6 Female",0.173333333333333,0.126453115384281
199,1159,"6 Female",0.0133333333333333,0.0133333333333333
200,1160,"6 Female",0,0
201,1161,"6 Female",0,0
202,1162,"6 Female",0.0133333333333333,0.0133333333333333
203,1163,"6 Female",0,0
204,1164,"6 Female",0.0266666666666667,0.0266666666666667
205,1165,"6 Female",0.0666666666666667,0.0666666666666667
206,1166,"6 Female",0.0266666666666667,0.0266666666666667
207,1167,"6 Female",0.226666666666667,0.20051585126021
208,1168,"6 Female",0.346666666666667,0.333419808602861
209,1169,"6 Female",0.2,0.186962442632083
210,1170,"6 Female",0.0266666666666667,0.0266666666666667
211,1171,"6 Female",0.426666666666667,0.302644996644574
212,1172,"6 Female",0.0266666666666667,0.0266666666666667
213,1173,"6 Female",0.04,0.0296526437148407
214,1174,"6 Female",0.08,0.08
215,1175,"6 Female",0.413333333333333,0.363215535908812
216,1176,"6 Female",0.146666666666667,0.133818935534204
217,1177,"6 Female",0.133333333333333,0.120559257357262
218,1178,"6 Female",0.133333333333333,0.101045584813045
219,1179,"6 Female",0.12,0.0967210160976142
220,1180,"6 Female",0.0266666666666667,0.0266666666666667
221,1181,"6 Female",0.08,0.0561850225305353
222,1182,"6 Female",0.08,0.0561850225305353
223,1183,"6 Female",0.04,0.0296526437148407
224,1184,"6 Female",0.0666666666666667,0.0666666666666667
225,1185,"6 Female",0,0
226,1186,"6 Female",0.08,0.0493562157791299
227,1187,"6 Female",0.12,0.0781774373570259
228,1188,"6 Female",0.04,0.0296526437148407
229,1189,"6 Female",0.04,0.0296526437148407
230,1190,"6 Female",0.186666666666667,0.125480458021739
231,1191,"6 Female",0.0533333333333333,0.0533333333333333
232,1192,"6 Female",0.12,0.12
233,1193,"6 Female",0.173333333333333,0.126453115384281
234,1194,"6 Female",0.0533333333333333,0.0322899774332941
235,1195,"6 Female",0.04,0.04
236,1196,"6 Female",0.04,0.0296526437148407
237,1197,"6 Female",0.0933333333333333,0.0933333333333333
238,1198,"6 Female",0.0266666666666667,0.0187283408435118
239,1199,"6 Female",0.186666666666667,0.128320170145095
240,1200,"6 Female",0.226666666666667,0.226666666666667
241,1201,"6 Female",0.0933333333333333,0.0662328225790415
242,1202,"6 Female",0.0933333333333333,0.0714668280218697
243,1203,"6 Female",0.0533333333333333,0.0419924203084719
244,1204,"6 Female",0.0533333333333333,0.0322899774332941
245,1205,"6 Female",0,0
246,1206,"6 Female",0,0
247,1207,"6 Female",0,0
248,1208,"6 Female",0,0
249,1209,"6 Female",0,0
250,1210,"6 Female",0.0266666666666667,0.0266666666666667
251,1211,"6 Female",0.08,0.08
252,1212,"6 Female",0.0666666666666667,0.0666666666666667
253,1213,"6 Female",0,0
254,1214,"6 Female",0.0933333333333333,0.0933333333333333
255,1215,"6 Female",0,0
256,1216,"6 Female",0,0
257,1217,"6 Female",0,0
258,1218,"6 Female",0.0266666666666667,0.0266666666666667
259,1219,"6 Female",0.0266666666666667,0.0266666666666667
260,1220,"6 Female",0.04,0.04
261,1221,"6 Female",0.0133333333333333,0.0133333333333333
262,1222,"6 Female",0.373333333333333,0.257341455316909
263,1223,"6 Female",0.213333333333333,0.120499461078131
264,1224,"6 Female",0.16,0.113962219122775
265,1225,"6 Female",0.04,0.04
266,1226,"6 Female",0.0266666666666667,0.0266666666666667
267,1227,"6 Female",0.186666666666667,0.101685495228867
268,1228,"6 Female",0.12,0.0758376644639809
269,1229,"6 Female",0.146666666666667,0.110189571837546
270,1230,"6 Female",0.0666666666666667,0.0346583496606691
271,1231,"6 Female",0.0933333333333333,0.0714668280218697
272,1232,"6 Female",0.0266666666666667,0.0266666666666667
273,1233,"6 Female",0.0666666666666667,0.0395165985575879
274,1234,"6 Female",0.04,0.04
275,1235,"6 Female",0,0
276,1236,"6 Female",0,0
277,1237,"6 Female",0.0533333333333333,0.0419924203084719
278,1238,"6 Female",0.0133333333333333,0.0133333333333333
279,1239,"6 Female",0.0933333333333333,0.0688995438819964
280,1240,"6 Female",0.213333333333333,0.133279268317932
281,1241,"6 Female",0.16,0.093075577156755
282,1242,"6 Female",0.0266666666666667,0.0187283408435118
283,1243,"6 Female",0.08,0.08
284,1244,"6 Female",0.0933333333333333,0.0809255766056007
285,1245,"6 Female",0.0133333333333333,0.0133333333333333
286,1246,"6 Female",0.0266666666666667,0.0266666666666667
287,1247,"6 Female",0.133333333333333,0.0855998091547366
288,1248,"6 Female",0.0666666666666667,0.0395165985575879
289,1249,"6 Female",0,0
290,1250,"6 Female",0.0266666666666667,0.0266666666666667
291,1251,"6 Female",0.226666666666667,0.21356968888869
292,1252,"6 Female",0.0933333333333333,0.0662328225790415
293,1253,"6 Female",0.0266666666666667,0.0187283408435118
294,1254,"6 Female",0.0533333333333333,0.0374566816870235
295,1255,"6 Female",0.0533333333333333,0.0419924203084719
296,1256,"6 Female",0.0533333333333333,0.0533333333333333
297,1257,"6 Female",0,0
298,1258,"6 Female",0,0
299,1259,"6 Female",0.12,0.12
300,1260,"6 Female",0.106666666666667,0.106666666666667
301,1261,"6 Female",0.0933333333333333,0.0662328225790415
302,1262,"6 Female",0.106666666666667,0.0941023658324022
303,1263,"6 Female",0.266666666666667,0.266666666666667
304,1264,"6 Female",0.106666666666667,0.106666666666667
305,1265,"6 Female",0.0133333333333333,0.0133333333333333
306,1266,"6 Female",0.0666666666666667,0.0666666666666667
307,1267,"6 Female",0.08,0.08
308,1268,"6 Female",0,0
309,1269,"6 Female",0.16,0.104044342591153
310,1270,"6 Female",0.0266666666666667,0.0187283408435118
311,1271,"6 Female",0.146666666666667,0.133818935534204
312,1272,"6 Female",0.133333333333333,0.120559257357262
313,1273,"6 Female",0.293333333333333,0.206884511747983
314,1274,"6 Female",0.12,0.0683393756941799
315,1275,"6 Female",0.293333333333333,0.191507376033079
316,1276,"6 Female",0.0133333333333333,0.0133333333333333
317,1277,"6 Female",0.0266666666666667,0.0266666666666667
318,1278,"6 Female",0.0533333333333333,0.0419924203084719
319,1279,"6 Female",0.28,0.179649308025035
320,1280,"6 Female",0.133333333333333,0.0897109137621953
321,1281,"6 Female",0.0133333333333333,0.0133333333333333
322,1282,"6 Female",0.0533333333333333,0.0322899774332941
323,1283,"6 Female",0.0533333333333333,0.0533333333333333
324,1284,"6 Female",0.173333333333333,0.13868537642316
325,1285,"6 Female",0.213333333333333,0.143688017058648
326,1286,"6 Female",0.253333333333333,0.151975974077144
327,1287,"6 Female",0.133333333333333,0.0767195274091667
328,1288,"6 Female",0.173333333333333,0.13868537642316
329,1289,"6 Female",0.36,0.255138189018217
330,1290,"6 Female",0.0533333333333333,0.0533333333333333
331,1291,"6 Female",0.0666666666666667,0.0547996624351191
332,1292,"6 Female",0.0133333333333333,0.0133333333333333
333,1293,"6 Female",0.0666666666666667,0.0547996624351191
334,1294,"6 Female",0.173333333333333,0.102883356209763
335,1295,"6 Female",0.333333333333333,0.19849281951597
336,1296,"6 Female",0.253333333333333,0.168825655935649
337,1297,"6 Female",0.16,0.102297922094561
338,1298,"6 Female",0.24,0.180928535989034
339,1299,"6 Female",0.04,0.0296526437148407
340,1300,"6 Female",0.266666666666667,0.146223737407376
341,1301,"6 Female",0.24,0.15519821676323
342,1302,"6 Female",0.0666666666666667,0.0477732381389652
343,1303,"6 Female",0.08,0.0493562157791299
344,1304,"6 Female",0.0666666666666667,0.0547996624351191
345,1305,"6 Female",0.106666666666667,0.0617269002154669
346,1306,"6 Female",0.0266666666666667,0.0266666666666667
347,1307,"6 Female",0.08,0.0455595837961199
348,1308,"6 Female",0.04,0.0296526437148407
349,1309,"6 Female",0.0266666666666667,0.0187283408435118
350,1310,"6 Female",0.0666666666666667,0.0346583496606691
351,1311,"6 Female",0.0533333333333333,0.0261205337288939
352,1312,"6 Female",0.2,0.162192189412149
353,1313,"6 Female",0.0666666666666667,0.0477732381389652
354,1314,"6 Female",0.0666666666666667,0.0395165985575879
355,1315,"6 Female",0.08,0.0493562157791299
356,1316,"6 Female",0.266666666666667,0.161449887166471
357,1317,"6 Female",0.106666666666667,0.055583176317025
358,1318,"6 Female",0.213333333333333,0.121985574886871
359,1319,"6 Female",0.133333333333333,0.120559257357262
360,1320,"6 Female",0.0666666666666667,0.0547996624351191
361,1321,"6 Female",0.16,0.113962219122775
362,1322,"6 Female",0.253333333333333,0.174080165165087
363,1323,"6 Female",0.186666666666667,0.0962229643009342
364,1324,"6 Female",0.0533333333333333,0.0261205337288939
365,1325,"6 Female",0.2,0.0890389124367988
366,1326,"6 Female",0.0133333333333333,0.0133333333333333
367,1327,"6 Female",0.106666666666667,0.0772811255894502
368,1328,"6 Female",0.12,0.0848103342334694
369,1329,"6 Female",0.253333333333333,0.20276763724696
370,1330,"6 Female",0.28,0.15945854328642
371,1331,"6 Female",0.0533333333333333,0.0533333333333333
372,1332,"6 Female",0.16,0.0806281644396107
373,1333,"6 Female",0.12,0.0734233681534087
374,1334,"6 Female",0.24,0.177915862289044
375,1335,"6 Female",0.04,0.0296526437148407
376,1336,"6 Female",0.0266666666666667,0.0266666666666667
377,1337,"6 Female",0,0
378,1338,"6 Female",0.0533333333333333,0.0419924203084719
379,1339,"6 Female",0.24,0.13667875138836
380,1340,"6 Female",0.0533333333333333,0.0322899774332941
381,1341,"6 Female",0.146666666666667,0.0842418939524551
382,1342,"6 Female",0.16,0.0828327306157491
383,1343,"6 Female",0.146666666666667,0.0863542532655865
384,1344,"6 Female",0.0133333333333333,0.0133333333333333
385,1345,"6 Female",0.0533333333333333,0.0322899774332941
386,1346,"6 Female",0.186666666666667,0.105169675575523
387,1347,"6 Female",0.173333333333333,0.122103682619769
388,1348,"6 Female",0.146666666666667,0.0998978457204137
389,1349,"6 Female",0.133333333333333,0.120559257357262
390,1350,"6 Female",0.16,0.125977260925416
391,1351,"6 Female",0.0666666666666667,0.0477732381389652
392,1352,"6 Female",0.0933333333333333,0.0688995438819964
393,1353,"6 Female",0.386666666666667,0.19626543282025
394,1354,"6 Female",0.28,0.191306555554686
395,1355,"6 Female",0.16,0.0987124315582599
396,1356,"6 Female",0.08,0.0455595837961199
397,1357,"6 Female",0.106666666666667,0.0941023658324022
398,1358,"6 Female",0.293333333333333,0.115115818424974
399,1359,"6 Female",0.0666666666666667,0.0547996624351191
400,1360,"6 Female",0.16,0.0736194255602407
401,1361,"6 Female",0.213333333333333,0.115926869357535
402,1362,"6 Female",0.213333333333333,0.123453800430934
403,1363,"6 Female",0.04,0.02277979189806
404,1364,"6 Female",0.12,0.0948398365382111
405,1365,"6 Female",0.106666666666667,0.0673121900619117
406,1366,"6 Female",0.12,0.0734233681534087
407,1367,"6 Female",0.306666666666667,0.211364791474538
408,1368,"6 Female",0.266666666666667,0.156922352214796
409,1369,"6 Female",0.133333333333333,0.0936417042175588
410,1370,"6 Female",0.08,0.0414163653078746
411,1371,"6 Female",0.173333333333333,0.147499681884932
412,1372,"6 Female",0.0533333333333333,0.0419924203084719
413,1373,"6 Female",0.0266666666666667,0.0266666666666667
414,1374,"6 Female",0.0533333333333333,0.0419924203084719
415,1375,"6 Female",0.173333333333333,0.0813696566357572
416,1376,"6 Female",0.173333333333333,0.160374936072069
417,1377,"6 Female",0.0666666666666667,0.0438397299480953
418,1378,"6 Female",0.173333333333333,0.0993190025335749
419,1379,"6 Female",0.12,0.0848103342334694
420,1380,"6 Female",0.24,0.124249095923624
421,1381,"6 Female",0.28,0.178643537564373
422,1382,"6 Female",0.266666666666667,0.184374602356165
423,1383,"6 Female",0.52,0.356337728253095
424,1384,"6 Female",0.306666666666667,0.163269890234106
425,1385,"6 Female",0.16,0.0806281644396107
426,1386,"6 Female",0.0666666666666667,0.0395165985575879
427,1387,"6 Female",0.253333333333333,0.13300861359811
428,1388,"6 Female",0.546666666666667,0.321198955117803
429,1389,"6 Female",0.44,0.196583430240305
430,1390,"6 Female",0.306666666666667,0.207926991113789
431,1391,"6 Female",0.28,0.12528885543933
432,1392,"6 Female",0.226666666666667,0.129549925446459
433,1393,"6 Female",0.0933333333333333,0.0605480475826105
434,1394,"6 Female",0.0933333333333333,0.0574952668113272
435,1395,"6 Female",0.16,0.104044342591153
436,1396,"6 Female",0.0133333333333333,0.0133333333333333
437,1397,"6 Female",0.106666666666667,0.0617269002154669
438,1398,"6 Female",0.0533333333333333,0.0322899774332941
439,1399,"6 Female",0.0266666666666667,0.0187283408435118
440,1400,"6 Female",0.0533333333333333,0.0419924203084719
441,1401,"6 Female",0.346666666666667,0.216019129394284
442,1402,"6 Female",0.0666666666666667,0.0346583496606691
443,1403,"6 Female",0.0533333333333333,0.0322899774332941
444,1404,"6 Female",0.133333333333333,0.0790331971151759
445,1405,"6 Female",0.44,0.226401540758135
446,1406,"6 Female",0.253333333333333,0.135690869302293
447,1407,"6 Female",0.106666666666667,0.0839848406169438
448,1408,"6 Female",0.12,0.0683393756941799
449,1409,"6 Female",0.293333333333333,0.183826527444197
450,1410,"6 Female",0.293333333333333,0.156278030518761
451,1411,"6 Female",0.253333333333333,0.131646993626634
452,1412,"6 Female",0.0533333333333333,0.0322899774332941
453,1413,"6 Female",0.0533333333333333,0.0419924203084719
454,1414,"6 Female",0.106666666666667,0.0673121900619117
455,1415,"6 Female",0.213333333333333,0.133279268317932
456,1416,"6 Female",0.213333333333333,0.124904768528672
457,1417,"6 Female",0.16,0.0987124315582599
458,1418,"6 Female",0.0933333333333333,0.0662328225790415
459,1419,"6 Female",0.146666666666667,0.133818935534204
460,1420,"6 Female",0.28,0.147727531027305
461,1421,"6 Female",0.106666666666667,0.0587354224454873
462,1422,"6 Female",0.0933333333333333,0.0508427476144335
463,1423,"6 Female",0.426666666666667,0.205486312499457
464,1424,"6 Female",0.146666666666667,0.121096095165221
465,1425,"6 Female",0.08,0.0593052874296813
466,1426,"6 Female",0.226666666666667,0.10834268843876
467,1427,"6 Female",0.173333333333333,0.10966506474911
468,1428,"6 Female",0.08,0.0561850225305353
469,1429,"6 Female",0.04,0.04
470,1430,"6 Female",0.48,0.250663983117704
471,1431,"6 Female",0.36,0.167267385877757
472,1432,"6 Female",0.36,0.239097401841943
473,1433,"6 Female",0.506666666666667,0.207406406403991
474,1434,"6 Female",0.6,0.234808720313227
475,1435,"6 Female",0.333333333333333,0.160329990038376
476,1436,"6 Female",0.293333333333333,0.128432452654673
477,1437,"6 Female",1.14666666666667,0.358019242189268
478,1438,"6 Female",0.64,0.187578211915951
479,1439,"6 Female",0.626666666666667,0.182843736102257
480,0,"6 Female",0.946666666666667,0.181974489186574
481,1,"6 Female",0.413333333333333,0.127474898901116
482,2,"6 Female",0.693333333333333,0.182053683136441
483,3,"6 Female",0.666666666666667,0.129215698336915
484,4,"6 Female",0.453333333333333,0.0896305396259201
485,5,"6 Female",0.72,0.167181187786035
486,6,"6 Female",0.6,0.100449440466785
487,7,"6 Female",0.613333333333333,0.119899858114912
488,8,"6 Female",0.573333333333333,0.102532496862765
489,9,"6 Female",0.546666666666667,0.109533545535592
490,10,"6 Female",0.72,0.152528242843301
491,11,"6 Female",1.32,0.382575435651538
492,12,"6 Female",0.666666666666667,0.13992705092147
493,13,"6 Female",1.01333333333333,0.324658286515227
494,14,"6 Female",1.02666666666667,0.323256701237414
495,15,"6 Female",0.826666666666667,0.203016293965818
496,16,"6 Female",0.706666666666667,0.116670527606641
497,17,"6 Female",1.13333333333333,0.212520975823953
498,18,"6 Female",1.06666666666667,0.429679676764709
499,19,"6 Female",0.933333333333333,0.141208852201057
500,20,"6 Female",0.773333333333333,0.130933355351276
501,21,"6 Female",0.8,0.13288211940535
502,22,"6 Female",0.973333333333333,0.223786685217152
503,23,"6 Female",0.733333333333333,0.136009185346058
504,24,"6 Female",0.893333333333333,0.162827862827321
505,25,"6 Female",1.02666666666667,0.174988631119342
506,26,"6 Female",0.973333333333333,0.23169826085684
507,27,"6 Female",0.946666666666667,0.164282039762686
508,28,"6 Female",0.866666666666667,0.156922352214796
509,29,"6 Female",0.986666666666667,0.140132927027295
510,30,"6 Female",0.866666666666667,0.151072243720754
511,31,"6 Female",0.586666666666667,0.114046510716491
512,32,"6 Female",0.8,0.163299316185545
513,33,"6 Female",1.08,0.25166830737488
514,34,"6 Female",1.01333333333333,0.320187632678278
515,35,"6 Female",0.933333333333333,0.295511974930505
516,36,"6 Female",0.733333333333333,0.131975063619676
517,37,"6 Female",0.72,0.1163405996853
518,38,"6 Female",0.56,0.10087901950642
519,39,"6 Female",1.12,0.21640802303157
520,40,"6 Female",0.76,0.143118422583827
521,41,"6 Female",0.653333333333333,0.123745355116517
522,42,"6 Female",0.546666666666667,0.0973399973036525
523,43,"6 Female",0.64,0.14412207038192
524,44,"6 Female",0.706666666666667,0.156278030518761
525,45,"6 Female",0.973333333333333,0.256780716441746
526,46,"6 Female",0.706666666666667,0.137903652661622
527,47,"6 Female",0.973333333333333,0.24529690289641
528,48,"6 Female",0.453333333333333,0.0916187425912078
529,49,"6 Female",0.946666666666667,0.247432461133989
530,50,"6 Female",0.506666666666667,0.0956218779544908
531,51,"6 Female",0.666666666666667,0.199398494878371
532,52,"6 Female",0.76,0.152858646355925
533,53,"6 Female",0.653333333333333,0.141412862207076
534,54,"6 Female",0.653333333333333,0.113094608140222
535,55,"6 Female",0.613333333333333,0.134087954640152
536,56,"6 Female",0.826666666666667,0.162606398523677
537,57,"6 Female",0.733333333333333,0.194828021490642
538,58,"6 Female",0.733333333333333,0.14987482264364
539,59,"6 Female",0.56,0.137205048104016
540,60,"6 Female",0.52,0.10630569552428
541,61,"6 Female",0.64,0.13239308111804
542,62,"6 Female",0.906666666666667,0.173125308295386
543,63,"6 Female",0.626666666666667,0.133926608022216
544,64,"6 Female",0.666666666666667,0.178414774701626
545,65,"6 Female",0.92,0.325913822689096
546,66,"6 Female",0.746666666666667,0.188969069715944
547,67,"6 Female",0.666666666666667,0.117532182034598
548,68,"6 Female",0.8,0.163299316185545
549,69,"6 Female",0.613333333333333,0.139359323409024
550,70,"6 Female",0.84,0.272486052209372
551,71,"6 Female",0.706666666666667,0.189616334619026
552,72,"6 Female",0.346666666666667,0.0838130337395361
553,73,"6 Female",0.466666666666667,0.0955464762779305
554,74,"6 Female",0.48,0.146256592982987
555,75,"6 Female",0.746666666666667,0.230231636849949
556,76,"6 Female",0.84,0.270495041669099
557,77,"6 Female",0.546666666666667,0.1545622511789
558,78,"6 Female",1.10666666666667,0.335080107852852
559,79,"6 Female",1.52,0.689525231623213
560,80,"6 Female",1,0.403587515766882
561,81,"6 Female",0.946666666666667,0.186859617136813
562,82,"6 Female",0.64,0.126832513522702
563,83,"6 Female",0.786666666666667,0.172207012793484
564,84,"6 Female",0.64,0.139031398359255
565,85,"6 Female",0.76,0.21796768088391
566,86,"6 Female",0.653333333333333,0.153626824484532
567,87,"6 Female",1.05333333333333,0.391758950216935
568,88,"6 Female",0.706666666666667,0.205135273613488
569,89,"6 Female",0.64,0.131025064653934
570,90,"6 Female",0.426666666666667,0.16891101483009
571,91,"6 Female",0.506666666666667,0.148716228154551
572,92,"6 Female",0.693333333333333,0.177035989961764
573,93,"6 Female",0.733333333333333,0.156922352214796
574,94,"6 Female",0.52,0.127851264936824
575,95,"6 Female",0.666666666666667,0.244826346498778
576,96,"6 Female",1.2,0.435372885638908
577,97,"6 Female",0.84,0.244610372294869
578,98,"6 Female",0.68,0.18223833518448
579,99,"6 Female",1.09333333333333,0.305017106791464
580,100,"6 Female",1.28,0.483441118767648
581,101,"6 Female",0.68,0.208952772801084
582,102,"6 Female",0.44,0.0895232618620122
583,103,"6 Female",0.546666666666667,0.138581401366867
584,104,"6 Female",0.64,0.19967541228271
585,105,"6 Female",0.266666666666667,0.0666666666666667
586,106,"6 Female",0.666666666666667,0.146223737407376
587,107,"6 Female",0.546666666666667,0.135956184427499
588,108,"6 Female",0.48,0.197607309198442
589,109,"6 Female",0.933333333333333,0.226475807298023
590,110,"6 Female",0.653333333333333,0.202233771903949
591,111,"6 Female",0.453333333333333,0.124904768528672
592,112,"6 Female",0.573333333333333,0.141004547026975
593,113,"6 Female",0.92,0.392157350291165
594,114,"6 Female",0.6,0.17604258289116
595,115,"6 Female",0.693333333333333,0.302525902894152
596,116,"6 Female",1.04,0.425087166471889
597,117,"6 Female",0.586666666666667,0.11245553008299
598,118,"6 Female",0.693333333333333,0.226984408984234
599,119,"6 Female",0.973333333333333,0.432871548819945
600,120,"6 Female",0.68,0.24173546706273
601,121,"6 Female",0.48,0.152291801462826
602,122,"6 Female",0.653333333333333,0.196815488049941
603,123,"6 Female",0.96,0.373172423495705
604,124,"6 Female",1.30666666666667,0.48730674925335
605,125,"6 Female",0.733333333333333,0.308634501077335
606,126,"6 Female",0.76,0.20867665405106
607,127,"6 Female",0.52,0.129252877361807
608,128,"6 Female",0.466666666666667,0.122044643040548
609,129,"6 Female",0.4,0.103975048982007
610,130,"6 Female",0.6,0.312502252244136
611,131,"6 Female",0.493333333333333,0.151119943214776
612,132,"6 Female",0.293333333333333,0.0729638521716317
613,133,"6 Female",0.546666666666667,0.156876416998254
614,134,"6 Female",0.493333333333333,0.112903264554871
615,135,"6 Female",0.56,0.174231905105686
616,136,"6 Female",0.56,0.177307184958303
617,137,"6 Female",0.373333333333333,0.100042033208089
618,138,"6 Female",0.186666666666667,0.0559708203685879
619,139,"6 Female",0.346666666666667,0.0900316927848505
620,140,"6 Female",0.8,0.213929347602814
621,141,"6 Female",0.546666666666667,0.124904768528672
622,142,"6 Female",0.52,0.132011465513519
623,143,"6 Female",0.413333333333333,0.0950928106780036
624,144,"6 Female",0.146666666666667,0.0452951614596046
625,145,"6 Female",0.786666666666667,0.286194876801643
626,146,"6 Female",0.626666666666667,0.193379926041448
627,147,"6 Female",0.453333333333333,0.142428529044872
628,148,"6 Female",0.253333333333333,0.0712648488294101
629,149,"6 Female",0.706666666666667,0.239197858718709
630,150,"6 Female",0.293333333333333,0.0704511416753722
631,151,"6 Female",0.346666666666667,0.0859359353529418
632,152,"6 Female",0.346666666666667,0.0859359353529418
633,153,"6 Female",0.2,0.0629600187735357
634,154,"6 Female",0.386666666666667,0.150546551817915
635,155,"6 Female",0.306666666666667,0.100401596005644
636,156,"6 Female",0.373333333333333,0.0865210141288571
637,157,"6 Female",0.32,0.139703676104522
638,158,"6 Female",0.266666666666667,0.0790331971151759
639,159,"6 Female",0.36,0.0942299277261703
640,160,"6 Female",0.426666666666667,0.112583635911597
641,161,"6 Female",0.293333333333333,0.107003971187287
642,162,"6 Female",0.346666666666667,0.152449469795211
643,163,"6 Female",0.56,0.243280877969448
644,164,"6 Female",0.413333333333333,0.117163677508549
645,165,"6 Female",0.293333333333333,0.131208290956081
646,166,"6 Female",0.333333333333333,0.0767195274091667
647,167,"6 Female",0.546666666666667,0.137275068546493
648,168,"6 Female",0.2,0.0684447564440453
649,169,"6 Female",0.506666666666667,0.119115862036039
650,170,"6 Female",0.373333333333333,0.105306645039568
651,171,"6 Female",0.613333333333333,0.174906238288382
652,172,"6 Female",0.466666666666667,0.122044643040548
653,173,"6 Female",0.48,0.142512841210573
654,174,"6 Female",0.253333333333333,0.0784841369944256
655,175,"6 Female",0.253333333333333,0.0807472607592364
656,176,"6 Female",0.386666666666667,0.110516124677867
657,177,"6 Female",0.4,0.115470053837925
658,178,"6 Female",0.44,0.107786910235047
659,179,"6 Female",0.333333333333333,0.109599324870238
660,180,"6 Female",0.573333333333333,0.142276641240376
661,181,"6 Female",0.306666666666667,0.0782081614444203
662,182,"6 Female",0.453333333333333,0.109533545535592
663,183,"6 Female",0.213333333333333,0.074236858171067
664,184,"6 Female",0.413333333333333,0.135690869302293
665,185,"6 Female",0.333333333333333,0.0974140107453209
666,186,"6 Female",0.253333333333333,0.0871848679599918
667,187,"6 Female",0.48,0.127851264936824
668,188,"6 Female",0.52,0.120599105071904
669,189,"6 Female",0.32,0.0852341766245493
670,190,"6 Female",0.52,0.141242874331945
671,191,"6 Female",0.386666666666667,0.0927912183895125
672,192,"6 Female",0.266666666666667,0.0743338787197703
673,193,"6 Female",0.373333333333333,0.147987500486698
674,194,"6 Female",0.586666666666667,0.272521316355011
675,195,"6 Female",0.506666666666667,0.238896361360887
676,196,"6 Female",0.84,0.331548374033601
677,197,"6 Female",0.613333333333333,0.247432461133989
678,198,"6 Female",0.68,0.171017095188893
679,199,"6 Female",0.573333333333333,0.25124793636073
680,200,"6 Female",0.333333333333333,0.0916973740540502
681,201,"6 Female",0.493333333333333,0.181458886052261
682,202,"6 Female",0.626666666666667,0.301212763888135
683,203,"6 Female",0.68,0.306776321954143
684,204,"6 Female",0.48,0.192058549631321
685,205,"6 Female",0.493333333333333,0.228093021432981
686,206,"6 Female",0.253333333333333,0.0969690827171372
687,207,"6 Female",0.306666666666667,0.0848386562694011
688,208,"6 Female",1.10666666666667,0.524558444371608
689,209,"6 Female",0.866666666666667,0.375527656799098
690,210,"6 Female",0.573333333333333,0.255514554747254
691,211,"6 Female",0.96,0.352310264571617
692,212,"6 Female",0.866666666666667,0.304520496408259
693,213,"6 Female",1.08,0.42437447342376
694,214,"6 Female",0.533333333333333,0.217548448230106
695,215,"6 Female",0.346666666666667,0.106531445822109
696,216,"6 Female",0.24,0.0907228230966752
697,217,"6 Female",0.253333333333333,0.08509313039747
698,218,"6 Female",0.453333333333333,0.114362050867754
699,219,"6 Female",0.36,0.131025064653934
700,220,"6 Female",0.48,0.174355957741627
701,221,"6 Female",0.373333333333333,0.121215069579212
702,222,"6 Female",0.826666666666667,0.302168340012162
703,223,"6 Female",0.48,0.164793072538735
704,224,"6 Female",0.786666666666667,0.302120632987681
705,225,"6 Female",0.72,0.425984815531097
706,226,"6 Female",0.506666666666667,0.16480765019125
707,227,"6 Female",0.306666666666667,0.0869365168266935
708,228,"6 Female",0.48,0.203004460076154
709,229,"6 Female",0.613333333333333,0.304260043670171
710,230,"6 Female",0.586666666666667,0.194605938941933
711,231,"6 Female",0.973333333333333,0.334218644156938
712,232,"6 Female",0.746666666666667,0.341746090526856
713,233,"6 Female",0.453333333333333,0.257705281304074
714,234,"6 Female",0.36,0.10845350230473
715,235,"6 Female",0.4,0.1138989594903
716,236,"6 Female",0.306666666666667,0.125881874176731
717,237,"6 Female",0.346666666666667,0.12943861230079
718,238,"6 Female",0.24,0.0653197264742181
719,239,"6 Female",0.266666666666667,0.109599324870238
720,240,"6 Female",0.32,0.115719449493121
721,241,"6 Female",0.32,0.0873225356092299
722,242,"6 Female",0.386666666666667,0.129994224865947
723,243,"6 Female",0.613333333333333,0.269061320137239
724,244,"6 Female",0.36,0.180729253478962
725,245,"6 Female",0.333333333333333,0.0897109137621953
726,246,"6 Female",0.506666666666667,0.263977431012737
727,247,"6 Female",0.293333333333333,0.077746025264604
728,248,"6 Female",0.64,0.249424562969673
729,249,"6 Female",0.32,0.104251947072793
730,250,"6 Female",0.906666666666667,0.444859865913189
731,251,"6 Female",0.48,0.141242874331945
732,252,"6 Female",0.56,0.224804219126192
733,253,"6 Female",0.786666666666667,0.422047063399005
734,254,"6 Female",0.386666666666667,0.13806035151578
735,255,"6 Female",0.32,0.139703676104522
736,256,"6 Female",0.733333333333333,0.317270642607633
737,257,"6 Female",0.173333333333333,0.0611403151622408
738,258,"6 Female",0.32,0.161256328879221
739,259,"6 Female",0.626666666666667,0.285867312087479
740,260,"6 Female",0.506666666666667,0.37506676082409
741,261,"6 Female",0.426666666666667,0.120319893936443
742,262,"6 Female",0.4,0.17604258289116
743,263,"6 Female",0.36,0.114906934532271
744,264,"6 Female",0.44,0.134552980288452
745,265,"6 Female",0.32,0.124712281484837
746,266,"6 Female",0.24,0.113645568832732
747,267,"6 Female",0.213333333333333,0.0916187425912078
748,268,"6 Female",0.16,0.0601499627432804
749,269,"6 Female",0.453333333333333,0.19105523311886
750,270,"6 Female",0.413333333333333,0.195529618809611
751,271,"6 Female",0.306666666666667,0.113856766875594
752,272,"6 Female",0.413333333333333,0.158930358518626
753,273,"6 Female",0.4,0.128750054666305
754,274,"6 Female",0.266666666666667,0.102813280127475
755,275,"6 Female",0.24,0.0680222539102243
756,276,"6 Female",0.76,0.300054049185197
757,277,"6 Female",0.706666666666667,0.244413866501347
758,278,"6 Female",0.306666666666667,0.151833637424167
759,279,"6 Female",0.4,0.225412534724249
760,280,"6 Female",0.52,0.276633559291215
761,281,"6 Female",0.133333333333333,0.0639068391025881
762,282,"6 Female",0.226666666666667,0.138944973661179
763,283,"6 Female",0.426666666666667,0.316041583153677
764,284,"6 Female",0.173333333333333,0.076813412242266
765,285,"6 Female",0.24,0.0845550090151349
766,286,"6 Female",0.12,0.0568227844163662
767,287,"6 Female",0.16,0.0736194255602407
768,288,"6 Female",0.386666666666667,0.19162024506382
769,289,"6 Female",0.266666666666667,0.0855998091547366
770,290,"6 Female",0.173333333333333,0.0640195165437736
771,291,"6 Female",0.186666666666667,0.0620761907131346
772,292,"6 Female",0.6,0.21644132425867
773,293,"6 Female",0.36,0.18467404935319
774,294,"6 Female",0.413333333333333,0.194605938941933
775,295,"6 Female",0.306666666666667,0.113856766875594
776,296,"6 Female",0.373333333333333,0.111941640737176
777,297,"6 Female",0.333333333333333,0.0855998091547366
778,298,"6 Female",0.306666666666667,0.0734560807271651
779,299,"6 Female",0.306666666666667,0.082687588169188
780,300,"6 Female",0.56,0.118914004812472
781,301,"6 Female",0.693333333333333,0.241596292953283
782,302,"6 Female",0.533333333333333,0.231200029094837
783,303,"6 Female",0.426666666666667,0.115740208206983
784,304,"6 Female",0.306666666666667,0.0734560807271651
785,305,"6 Female",0.493333333333333,0.244118811225178
786,306,"6 Female",0.48,0.182435969268351
787,307,"6 Female",0.386666666666667,0.127191893522259
788,308,"6 Female",0.253333333333333,0.0784841369944256
789,309,"6 Female",0.28,0.0901650138896996
790,310,"6 Female",0.226666666666667,0.109993174781431
791,311,"6 Female",0.106666666666667,0.0405961580454117
792,312,"6 Female",0.213333333333333,0.0833819677901197
793,313,"6 Female",0.573333333333333,0.328344651563278
794,314,"6 Female",0.333333333333333,0.146223737407376
795,315,"6 Female",0.52,0.264650032381709
796,316,"6 Female",0.693333333333333,0.471521720319152
797,317,"6 Female",0.626666666666667,0.358562361336166
798,318,"6 Female",0.626666666666667,0.455506186440849
799,319,"6 Female",0.946666666666667,0.491327795878681
800,320,"6 Female",0.173333333333333,0.0813696566357572
801,321,"6 Female",0.16,0.0736194255602407
802,322,"6 Female",0.28,0.114781421731806
803,323,"6 Female",0.146666666666667,0.0526533225197838
804,324,"6 Female",0.16,0.0736194255602407
805,325,"6 Female",0.48,0.197607309198442
806,326,"6 Female",0.4,0.185024955706613
807,327,"6 Female",0.453333333333333,0.199362346859545
808,328,"6 Female",0.2,0.0805387266256829
809,329,"6 Female",0.426666666666667,0.16997438422095
810,330,"6 Female",0.8,0.288519051785568
811,331,"6 Female",0.28,0.0839562305528818
812,332,"6 Female",0.253333333333333,0.110841715458964
813,333,"6 Female",0.186666666666667,0.0904310664416702
814,334,"6 Female",0.16,0.0736194255602407
815,335,"6 Female",0.146666666666667,0.0559708203685879
816,336,"6 Female",0.133333333333333,0.0855998091547366
817,337,"6 Female",0.333333333333333,0.170143906587773
818,338,"6 Female",0.453333333333333,0.182370115037686
819,339,"6 Female",0.373333333333333,0.255937304635147
820,340,"6 Female",0.386666666666667,0.226920896113807
821,341,"6 Female",0.253333333333333,0.139617667553548
822,342,"6 Female",0.2,0.0848952719956018
823,343,"6 Female",0.333333333333333,0.179421827524391
824,344,"6 Female",0.426666666666667,0.17926107925184
825,345,"6 Female",0.36,0.158415578449518
826,346,"6 Female",0.56,0.234992811850962
827,347,"6 Female",0.2,0.0710284805204577
828,348,"6 Female",0.2,0.0735214622093808
829,349,"6 Female",0.133333333333333,0.0610223215202742
830,350,"6 Female",0.24,0.118306366677353
831,351,"6 Female",0.546666666666667,0.254893253285705
832,352,"6 Female",0.173333333333333,0.076813412242266
833,353,"6 Female",0.24,0.0779003752780978
834,354,"6 Female",0.4,0.0910400367326831
835,355,"6 Female",0.346666666666667,0.0920112279347801
836,356,"6 Female",0.4,0.0949157995752499
837,357,"6 Female",0.506666666666667,0.193006869441612
838,358,"6 Female",0.386666666666667,0.186859617136813
839,359,"6 Female",0.413333333333333,0.110841715458964
840,360,"6 Female",0.24,0.0801799777302839
841,361,"6 Female",0.386666666666667,0.108873566366926
842,362,"6 Female",0.826666666666667,0.322922093822455
843,363,"6 Female",0.893333333333333,0.409162331860857
844,364,"6 Female",0.266666666666667,0.0666666666666667
845,365,"6 Female",0.56,0.267278577214557
846,366,"6 Female",0.56,0.234992811850962
847,367,"6 Female",0.133333333333333,0.0477732381389652
848,368,"6 Female",0.0666666666666667,0.0289972557467227
849,369,"6 Female",0.0933333333333333,0.0387801998950999
850,370,"6 Female",0.4,0.149473550644729
851,371,"6 Female",0.24,0.0983466932442168
852,372,"6 Female",0.533333333333333,0.291830713197164
853,373,"6 Female",0.426666666666667,0.227143113463724
854,374,"6 Female",0.453333333333333,0.21751531650188
855,375,"6 Female",0.573333333333333,0.242489589882125
856,376,"6 Female",0.813333333333333,0.344685956210009
857,377,"6 Female",0.253333333333333,0.0912245686310542
858,378,"6 Female",0.146666666666667,0.0649138953831444
859,379,"6 Female",0.226666666666667,0.13764209147403
860,380,"6 Female",0.333333333333333,0.119055340804914
861,381,"6 Female",0.0933333333333333,0.0508427476144335
862,382,"6 Female",0.213333333333333,0.0789419522930098
863,383,"6 Female",0.173333333333333,0.0667746872614081
864,384,"6 Female",0.28,0.0881440262829499
865,385,"6 Female",0.253333333333333,0.0892275829637986
866,386,"6 Female",0.68,0.207220994449261
867,387,"6 Female",0.52,0.191118094711427
868,388,"6 Female",0.346666666666667,0.123745355116517
869,389,"6 Female",0.306666666666667,0.130105062650641
870,390,"6 Female",0.36,0.164003955126995
871,391,"6 Female",0.6,0.235574819315426
872,392,"6 Female",0.32,0.123259047508866
873,393,"6 Female",0.386666666666667,0.15870345549731
874,394,"6 Female",0.493333333333333,0.211705501154833
875,395,"6 Female",0.293333333333333,0.100042033208089
876,396,"6 Female",0.306666666666667,0.149441402337949
877,397,"6 Female",0.173333333333333,0.0791243367154547
878,398,"6 Female",0.266666666666667,0.130602668644469
879,399,"6 Female",0.2,0.0629600187735357
880,400,"6 Female",0.12,0.0535580849962773
881,401,"6 Female",0.506666666666667,0.240400066955465
882,402,"6 Female",0.546666666666667,0.276590133775777
883,403,"6 Female",0.213333333333333,0.08759722183536
884,404,"6 Female",0.04,0.02277979189806
885,405,"6 Female",0.0666666666666667,0.0438397299480953
886,406,"6 Female",0.213333333333333,0.0766255275444905
887,407,"6 Female",0.106666666666667,0.0405961580454117
888,408,"6 Female",0.0933333333333333,0.0574952668113272
889,409,"6 Female",0.28,0.163916040912622
890,410,"6 Female",0.386666666666667,0.171787983023002
891,411,"6 Female",0.36,0.151437555888007
892,412,"6 Female",0.266666666666667,0.107942816581983
893,413,"6 Female",0.24,0.101945047907158
894,414,"6 Female",0.173333333333333,0.076813412242266
895,415,"6 Female",0.24,0.110429138340361
896,416,"6 Female",0.213333333333333,0.102743156249729
897,417,"6 Female",0.573333333333333,0.405001761016451
898,418,"6 Female",0.2,0.0890389124367988
899,419,"6 Female",0.173333333333333,0.0974879679955629
900,420,"6 Female",0.173333333333333,0.0667746872614081
901,421,"6 Female",0.573333333333333,0.275205628827134
902,422,"6 Female",0.586666666666667,0.319398834712363
903,423,"6 Female",0.426666666666667,0.297844105382516
904,424,"6 Female",0.213333333333333,0.112775521804682
905,425,"6 Female",0.213333333333333,0.135956184427499
906,426,"6 Female",0.413333333333333,0.236409579944404
907,427,"6 Female",0.266666666666667,0.102813280127475
908,428,"6 Female",0.4,0.180090067556299
909,429,"6 Female",0.146666666666667,0.0752014312048332
910,430,"6 Female",0.48,0.209125161884775
911,431,"6 Female",0.333333333333333,0.216718635486123
912,432,"6 Female",0.293333333333333,0.125595279267073
913,433,"6 Female",0.186666666666667,0.124036224486982
914,434,"6 Female",0.186666666666667,0.0798497086780908
915,435,"6 Female",0.173333333333333,0.0877616208949111
916,436,"6 Female",0.16,0.0806281644396107
917,437,"6 Female",0.306666666666667,0.16976224320861
918,438,"6 Female",0.186666666666667,0.0775603997901997
919,439,"6 Female",0.346666666666667,0.190299274338642
920,440,"6 Female",0.786666666666667,0.550280299854909
921,441,"6 Female",0.64,0.40431902487253
922,442,"6 Female",0.573333333333333,0.44160776421777
923,443,"6 Female",0.426666666666667,0.312602175488463
924,444,"6 Female",0.426666666666667,0.135797057555902
925,445,"6 Female",0.0266666666666667,0.0187283408435118
926,446,"6 Female",0.36,0.18564715151293
927,447,"6 Female",0.533333333333333,0.257733246645493
928,448,"6 Female",0.253333333333333,0.100616716919823
929,449,"6 Female",0.266666666666667,0.0916973740540502
930,450,"6 Female",0.32,0.16782659433405
931,451,"6 Female",0.106666666666667,0.04481526981296
932,452,"6 Female",0.213333333333333,0.104482134915575
933,453,"6 Female",0.36,0.183695792396408
934,454,"6 Female",0.52,0.366802595607152
935,455,"6 Female",0.386666666666667,0.148133532812606
936,456,"6 Female",0.426666666666667,0.161271226225909
937,457,"6 Female",0.213333333333333,0.0766255275444905
938,458,"6 Female",0.24,0.105420650318206
939,459,"6 Female",0.36,0.231438898986242
940,460,"6 Female",0.546666666666667,0.179381653960983
941,461,"6 Female",0.186666666666667,0.0676326413366665
942,462,"6 Female",0.2,0.0890389124367988
943,463,"6 Female",0.266666666666667,0.101045584813045
944,464,"6 Female",0.226666666666667,0.117899534775589
945,465,"6 Female",0.373333333333333,0.128432452654673
946,466,"6 Female",0.386666666666667,0.183944109542642
947,467,"6 Female",0.24,0.108785266622986
948,468,"6 Female",0.28,0.104940995862497
949,469,"6 Female",0.52,0.280514328133677
950,470,"6 Female",0.52,0.28115591519413
951,471,"6 Female",0.706666666666667,0.264250313582081
952,472,"6 Female",0.786666666666667,0.309776631722862
953,473,"6 Female",0.48,0.19485268170484
954,474,"6 Female",0.253333333333333,0.0871848679599918
955,475,"6 Female",0.28,0.19036238556458
956,476,"6 Female",0.173333333333333,0.0744307728022485
957,477,"6 Female",0.306666666666667,0.135531430925704
958,478,"6 Female",0.306666666666667,0.134195411279255
959,479,"6 Female",0.68,0.291105380132938
960,480,"6 Female",1.09333333333333,0.613121780985082
961,481,"6 Female",0.666666666666667,0.259822068938548
962,482,"6 Female",0.333333333333333,0.117532182034598
963,483,"6 Female",0.453333333333333,0.180383308923354
964,484,"6 Female",0.32,0.13444580943888
965,485,"6 Female",0.253333333333333,0.0969690827171372
966,486,"6 Female",0.16,0.0538265482573172
967,487,"6 Female",0.426666666666667,0.150881294947933
968,488,"6 Female",0.32,0.13309889299057
969,489,"6 Female",0.28,0.109971331235435
970,490,"6 Female",0.453333333333333,0.144936560627768
971,491,"6 Female",0.32,0.159005920905112
972,492,"6 Female",0.613333333333333,0.429914440820992
973,493,"6 Female",0.52,0.159232392919767
974,494,"6 Female",0.186666666666667,0.0559708203685879
975,495,"6 Female",0.173333333333333,0.0549310241795783
976,496,"6 Female",0.493333333333333,0.238140947993223
977,497,"6 Female",0.373333333333333,0.195234516713916
978,498,"6 Female",0.213333333333333,0.106192640408255
979,499,"6 Female",0.4,0.107384968834244
980,500,"6 Female",0.24,0.118306366677353
981,501,"6 Female",0.493333333333333,0.213400890204188
982,502,"6 Female",0.346666666666667,0.120798146476642
983,503,"6 Female",0.68,0.370127808458909
984,504,"6 Female",0.466666666666667,0.2240763490648
985,505,"6 Female",0.36,0.118001374247609
986,506,"6 Female",0.226666666666667,0.0861035063967421
987,507,"6 Female",0.346666666666667,0.0880076436756794
988,508,"6 Female",0.426666666666667,0.126167818077029
989,509,"6 Female",0.333333333333333,0.158066394230352
990,510,"6 Female",0.466666666666667,0.237352767703131
991,511,"6 Female",0.386666666666667,0.144438438313568
992,512,"6 Female",0.373333333333333,0.111941640737176
993,513,"6 Female",0.426666666666667,0.196522316852364
994,514,"6 Female",0.346666666666667,0.116237305161085
995,515,"6 Female",0.693333333333333,0.320457630730013
996,516,"6 Female",0.453333333333333,0.177361374197025
997,517,"6 Female",0.493333333333333,0.148716228154551
998,518,"6 Female",0.72,0.367881688776347
999,519,"6 Female",0.666666666666667,0.446541598733421
1000,520,"6 Female",0.373333333333333,0.145532056879505
1001,521,"6 Female",0.426666666666667,0.163490455773813
1002,522,"6 Female",0.373333333333333,0.144288666288171
1003,523,"6 Female",0.44,0.167912461105764
1004,524,"6 Female",0.293333333333333,0.0865210141288571
1005,525,"6 Female",0.32,0.0970928783538063
1006,526,"6 Female",0.36,0.0942299277261703
1007,527,"6 Female",0.386666666666667,0.144438438313568
1008,528,"6 Female",0.933333333333333,0.368260255275553
1009,529,"6 Female",1.02666666666667,0.421910426996547
1010,530,"6 Female",0.92,0.302398817863174
1011,531,"6 Female",0.373333333333333,0.157426754978889
1012,532,"6 Female",0.386666666666667,0.113730095113539
1013,533,"6 Female",0.533333333333333,0.153439054818333
1014,534,"6 Female",0.413333333333333,0.115615600015599
1015,535,"6 Female",0.293333333333333,0.0822506241019797
1016,536,"6 Female",0.4,0.109049951361254
1017,537,"6 Female",0.613333333333333,0.159834749498184
1018,538,"6 Female",0.306666666666667,0.0709608021053556
1019,539,"6 Female",0.413333333333333,0.1246159264666
1020,540,"6 Female",0.533333333333333,0.192969524115175
1021,541,"6 Female",0.426666666666667,0.0989555061236725
1022,542,"6 Female",0.573333333333333,0.305017106791464
1023,543,"6 Female",0.586666666666667,0.261729062394878
1024,544,"6 Female",0.186666666666667,0.0491122389228185
1025,545,"6 Female",0.4,0.13288211940535
1026,546,"6 Female",0.213333333333333,0.0546679850423316
1027,547,"6 Female",0.413333333333333,0.11245553008299
1028,548,"6 Female",0.44,0.150960886289095
1029,549,"6 Female",0.453333333333333,0.121985574886871
1030,550,"6 Female",0.666666666666667,0.244826346498778
1031,551,"6 Female",0.906666666666667,0.49471926094215
1032,552,"6 Female",1.02666666666667,0.301332376622893
1033,553,"6 Female",0.746666666666667,0.287952281665759
1034,554,"6 Female",0.573333333333333,0.12758792528558
1035,555,"6 Female",0.453333333333333,0.115926869357535
1036,556,"6 Female",0.213333333333333,0.0512662484313825
1037,557,"6 Female",0.426666666666667,0.0933333333333333
1038,558,"6 Female",0.333333333333333,0.0936417042175588
1039,559,"6 Female",0.426666666666667,0.112583635911597
1040,560,"6 Female",0.32,0.104251947072793
1041,561,"6 Female",0.386666666666667,0.129994224865947
1042,562,"6 Female",0.48,0.111274354556573
1043,563,"6 Female",0.333333333333333,0.0767195274091667
1044,564,"6 Female",0.386666666666667,0.0947130960879781
1045,565,"6 Female",0.506666666666667,0.127870054159489
1046,566,"6 Female",0.8,0.212238179989004
1047,567,"6 Female",0.706666666666667,0.258737985895665
1048,568,"6 Female",0.626666666666667,0.160823705542013
1049,569,"6 Female",0.466666666666667,0.102813280127475
1050,570,"6 Female",0.56,0.131847577845722
1051,571,"6 Female",0.586666666666667,0.156646538864215
1052,572,"6 Female",0.32,0.120299925486561
1053,573,"6 Female",0.573333333333333,0.142276641240376
1054,574,"6 Female",0.906666666666667,0.274550137092987
1055,575,"6 Female",0.813333333333333,0.306502110177962
1056,576,"6 Female",0.386666666666667,0.0802997387794509
1057,577,"6 Female",0.36,0.116464432184096
1058,578,"6 Female",0.266666666666667,0.0790331971151759
1059,579,"6 Female",0.666666666666667,0.1833947481081
1060,580,"6 Female",0.906666666666667,0.38399199190849
1061,581,"6 Female",0.826666666666667,0.246323111126575
1062,582,"6 Female",0.573333333333333,0.121808198563304
1063,583,"6 Female",0.8,0.266441346249022
1064,584,"6 Female",0.546666666666667,0.152212906051914
1065,585,"6 Female",0.52,0.137362543906512
1066,586,"6 Female",0.64,0.17872420748836
1067,587,"6 Female",0.653333333333333,0.141412862207076
1068,588,"6 Female",1.02666666666667,0.338504039835546
1069,589,"6 Female",1.10666666666667,0.343051139167448
1070,590,"6 Female",0.64,0.193255653857132
1071,591,"6 Female",1.08,0.33030698252187
1072,592,"6 Female",0.773333333333333,0.234481089602939
1073,593,"6 Female",0.72,0.167181187786035
1074,594,"6 Female",0.506666666666667,0.125020118501104
1075,595,"6 Female",0.546666666666667,0.106192640408255
1076,596,"6 Female",0.64,0.159548913678081
1077,597,"6 Female",0.453333333333333,0.0896305396259201
1078,598,"6 Female",0.666666666666667,0.1833947481081
1079,599,"6 Female",0.64,0.160674254988832
1080,600,"6 Female",0.76,0.166403395668749
1081,601,"6 Female",0.853333333333333,0.227555227101865
1082,602,"6 Female",0.653333333333333,0.223399882514534
1083,603,"6 Female",0.586666666666667,0.147157246696366
1084,604,"6 Female",0.693333333333333,0.301332376622893
1085,605,"6 Female",1.09333333333333,0.358763307921966
1086,606,"6 Female",1.14666666666667,0.398507726911798
1087,607,"6 Female",0.786666666666667,0.167969681233888
1088,608,"6 Female",0.813333333333333,0.21027081065572
1089,609,"6 Female",0.92,0.199783666783633
1090,610,"6 Female",0.626666666666667,0.118204789972202
1091,611,"6 Female",0.506666666666667,0.0917759381473315
1092,612,"6 Female",1.02666666666667,0.316497346861819
1093,613,"6 Female",0.546666666666667,0.117470844890975
1094,614,"6 Female",0.453333333333333,0.0991737638462685
1095,615,"6 Female",0.48,0.0955967506704006
1096,616,"6 Female",0.386666666666667,0.0802997387794509
1097,617,"6 Female",0.413333333333333,0.0912245686310542
1098,618,"6 Female",0.413333333333333,0.08509313039747
1099,619,"6 Female",0.773333333333333,0.141514756921059
1100,620,"6 Female",0.8,0.217272196120919
1101,621,"6 Female",0.666666666666667,0.22567882251317
1102,622,"6 Female",0.733333333333333,0.177402005263389
1103,623,"6 Female",0.64,0.149038963404247
1104,624,"6 Female",0.413333333333333,0.0969690827171372
1105,625,"6 Female",0.84,0.263749813201761
1106,626,"6 Female",0.76,0.192508336077842
1107,627,"6 Female",0.653333333333333,0.154795224608389
1108,628,"6 Female",0.72,0.165011602103697
1109,629,"6 Female",0.64,0.150243046338168
1110,630,"6 Female",0.626666666666667,0.14676491385866
1111,631,"6 Female",0.48,0.109643155835746
1112,632,"6 Female",0.56,0.115843945978285
1113,633,"6 Female",0.706666666666667,0.164150374185822
1114,634,"6 Female",0.506666666666667,0.197619466281673
1115,635,"6 Female",0.786666666666667,0.239589238078431
1116,636,"6 Female",1.04,0.317898504965751
1117,637,"6 Female",0.786666666666667,0.152212906051914
1118,638,"6 Female",0.893333333333333,0.295658272019935
1119,639,"6 Female",0.933333333333333,0.211671454865328
1120,640,"6 Female",0.706666666666667,0.179863144503677
1121,641,"6 Female",0.906666666666667,0.200156095241845
1122,642,"6 Female",0.746666666666667,0.174080165165087
1123,643,"6 Female",0.826666666666667,0.241894425138143
1124,644,"6 Female",0.813333333333333,0.157335165663479
1125,645,"6 Female",0.706666666666667,0.121215069579212
1126,646,"6 Female",0.533333333333333,0.126396107439968
1127,647,"6 Female",0.706666666666667,0.147987500486698
1128,648,"6 Female",0.826666666666667,0.178455165927597
1129,649,"6 Female",1.08,0.313515377440871
1130,650,"6 Female",0.76,0.141853877361609
1131,651,"6 Female",0.626666666666667,0.143034467380624
1132,652,"6 Female",1.25333333333333,0.424515975922949
1133,653,"6 Female",0.666666666666667,0.172248859704991
1134,654,"6 Female",0.76,0.164223534760915
1135,655,"6 Female",0.773333333333333,0.162827862827321
1136,656,"6 Female",0.626666666666667,0.141769173301175
1137,657,"6 Female",0.826666666666667,0.160374936072069
1138,658,"6 Female",0.613333333333333,0.113730095113539
1139,659,"6 Female",0.76,0.119819684345924
1140,660,"6 Female",0.72,0.134980812783965
1141,661,"6 Female",0.826666666666667,0.139978548335072
1142,662,"6 Female",0.946666666666667,0.176954550415955
1143,663,"6 Female",0.626666666666667,0.135265282673333
1144,664,"6 Female",0.946666666666667,0.350491718082531
1145,665,"6 Female",0.96,0.29065939324729
1146,666,"6 Female",0.96,0.177510309305995
1147,667,"6 Female",0.8,0.251840075094143
1148,668,"6 Female",0.746666666666667,0.118691565360339
1149,669,"6 Female",1.12,0.494277159000808
1150,670,"6 Female",0.986666666666667,0.204889188537559
1151,671,"6 Female",0.8,0.158824510782263
1152,672,"6 Female",1.58666666666667,0.441166893848834
1153,673,"6 Female",1.22666666666667,0.357958844749693
1154,674,"6 Female",1,0.284113922081831
1155,675,"6 Female",0.666666666666667,0.111231166371536
1156,676,"6 Female",0.666666666666667,0.102813280127475
1157,677,"6 Female",0.746666666666667,0.105852750577417
1158,678,"6 Female",0.826666666666667,0.17229069645249
1159,679,"6 Female",0.84,0.18603496716749
1160,680,"6 Female",0.773333333333333,0.11161925845865
1161,681,"6 Female",0.453333333333333,0.085515571172231
1162,682,"6 Female",0.76,0.0983466932442168
1163,683,"6 Female",1.12,0.317626331538313
1164,684,"6 Female",0.786666666666667,0.141157803629575
1165,685,"6 Female",1.14666666666667,0.31690697377942
1166,686,"6 Female",0.6,0.120060045037533
1167,687,"6 Female",0.666666666666667,0.112839411256585
1168,688,"6 Female",0.693333333333333,0.116978989925901
1169,689,"6 Female",0.506666666666667,0.0856839643208794
1170,690,"6 Female",0.76,0.129920280477219
1171,691,"6 Female",0.84,0.131573978094879
1172,692,"6 Female",0.706666666666667,0.107003971187287
1173,693,"6 Female",0.733333333333333,0.123512166426046
1174,694,"6 Female",1.05333333333333,0.281497497041876
1175,695,"6 Female",0.826666666666667,0.141259882324581
1176,696,"6 Female",0.986666666666667,0.241983793168378
1177,697,"6 Female",1.53333333333333,0.332792353804517
1178,698,"6 Female",0.76,0.119819684345924
1179,699,"6 Female",1.09333333333333,0.241745405004606
1180,700,"6 Female",0.866666666666667,0.18141916357682
1181,701,"6 Female",1.06666666666667,0.14247912233131
1182,702,"6 Female",1.02666666666667,0.16976224320861
1183,703,"6 Female",0.853333333333333,0.133818935534204
1184,704,"6 Female",0.826666666666667,0.133387376434924
1185,705,"6 Female",0.746666666666667,0.120200033477733
1186,706,"6 Female",0.906666666666667,0.154422298410062
1187,707,"6 Female",1.14666666666667,0.286446594763582
1188,708,"6 Female",1.16,0.188918210054219
1189,709,"6 Female",0.933333333333333,0.175358919792381
1190,710,"6 Female",0.746666666666667,0.100616716919823
1191,711,"6 Female",0.866666666666667,0.214209910802199
1192,712,"6 Female",0.92,0.156262657145007
1193,713,"6 Female",0.893333333333333,0.190375005299127
1194,714,"6 Female",0.76,0.135354056905291
1195,715,"6 Female",0.813333333333333,0.142933656043739
1196,716,"6 Female",1.01333333333333,0.195897871290058
1197,717,"6 Female",0.946666666666667,0.105511765849751
1198,718,"6 Female",2.06666666666667,0.314418286457481
1199,719,"6 Female",1.4,0.182080073465366
1200,720,"6 Female",1.58666666666667,0.162295840796799
1201,721,"6 Female",1.32,0.153235378033537
1202,722,"6 Female",1.2,0.16549135139755
1203,723,"6 Female",1.13333333333333,0.200300075187505
1204,724,"6 Female",0.92,0.141752226415297
1205,725,"6 Female",1.06666666666667,0.14987482264364
1206,726,"6 Female",1.38666666666667,0.171787983023002
1207,727,"6 Female",1.41333333333333,0.169889559604063
1208,728,"6 Female",1.21333333333333,0.14740192443563
1209,729,"6 Female",1.26666666666667,0.262581318735642
1210,730,"6 Female",1.22666666666667,0.245737231177505
1211,731,"6 Female",0.946666666666667,0.166461134530885
1212,732,"6 Female",0.973333333333333,0.159924907303321
1213,733,"6 Female",0.853333333333333,0.150306993157977
1214,734,"6 Female",0.76,0.15048270679731
1215,735,"6 Female",0.653333333333333,0.136220982804251
1216,736,"6 Female",1.12,0.340619467473046
1217,737,"6 Female",0.76,0.18389186011408
1218,738,"6 Female",0.613333333333333,0.112134625224211
1219,739,"6 Female",0.72,0.162813107912441
1220,740,"6 Female",0.786666666666667,0.151024529161353
1221,741,"6 Female",0.813333333333333,0.211977674613471
1222,742,"6 Female",0.746666666666667,0.127474898901116
1223,743,"6 Female",0.573333333333333,0.118812947596281
1224,744,"6 Female",0.52,0.104597038870804
1225,745,"6 Female",0.426666666666667,0.117286640996135
1226,746,"6 Female",0.666666666666667,0.138633398642676
1227,747,"6 Female",0.346666666666667,0.0900316927848505
1228,748,"6 Female",0.546666666666667,0.126339073771979
1229,749,"6 Female",0.52,0.142512841210573
1230,750,"6 Female",0.48,0.127851264936824
1231,751,"6 Female",0.52,0.130639452948436
1232,752,"6 Female",0.48,0.134713576701637
1233,753,"6 Female",0.413333333333333,0.131646993626634
1234,754,"6 Female",0.453333333333333,0.130547472754713
1235,755,"6 Female",0.64,0.204137385287634
1236,756,"6 Female",0.653333333333333,0.241238047985379
1237,757,"6 Female",0.546666666666667,0.180383308923354
1238,758,"6 Female",1.21333333333333,0.550934777563669
1239,759,"6 Female",0.706666666666667,0.236165565174464
1240,760,"6 Female",0.36,0.10845350230473
1241,761,"6 Female",0.146666666666667,0.059102394986101
1242,762,"6 Female",0.146666666666667,0.059102394986101
1243,763,"6 Female",0.706666666666667,0.341049431482761
1244,764,"6 Female",0.6,0.304323204196809
1245,765,"6 Female",0.813333333333333,0.380939253313064
1246,766,"6 Female",0.28,0.119397888824953
1247,767,"6 Female",0.28,0.0978323625962859
1248,768,"6 Female",0.333333333333333,0.106260487911976
1249,769,"6 Female",0.32,0.10250906354127
1250,770,"6 Female",0.28,0.0901650138896996
1251,771,"6 Female",0.253333333333333,0.114046510716491
1252,772,"6 Female",0.4,0.269801395090524
1253,773,"6 Female",0.493333333333333,0.215082915780544
1254,774,"6 Female",0.32,0.130363317672552
1255,775,"6 Female",0.173333333333333,0.0813696566357572
1256,776,"6 Female",0.0933333333333333,0.0574952668113272
1257,777,"6 Female",0.173333333333333,0.104620004517995
1258,778,"6 Female",0.106666666666667,0.0724682803138839
1259,779,"6 Female",0.106666666666667,0.0617269002154669
1260,780,"6 Female",0.213333333333333,0.151024529161353
1261,781,"6 Female",0.413333333333333,0.271859352437078
1262,782,"6 Female",0.386666666666667,0.333635898717319
1263,783,"6 Female",0.506666666666667,0.364344819020591
1264,784,"6 Female",0.4,0.36068003838595
1265,785,"6 Female",0.36,0.245051934190388
1266,786,"6 Female",0.0933333333333333,0.0542710359708136
1267,787,"6 Female",0.16,0.0736194255602407
1268,788,"6 Female",0.04,0.0296526437148407
1269,789,"6 Female",0.133333333333333,0.120559257357262
1270,790,"6 Female",0.506666666666667,0.349709446107332
1271,791,"6 Female",0.4,0.2637224858626
1272,792,"6 Female",0.266666666666667,0.160329990038376
1273,793,"6 Female",0,0
1274,794,"6 Female",0.0666666666666667,0.0395165985575879
1275,795,"6 Female",0.08,0.08
1276,796,"6 Female",0.213333333333333,0.0954710150501958
1277,797,"6 Female",0.12,0.0967210160976142
1278,798,"6 Female",0.08,0.0561850225305353
1279,799,"6 Female",0.16,0.16
1280,800,"6 Female",0.306666666666667,0.191695454164013
1281,801,"6 Female",0.413333333333333,0.262416581912162
1282,802,"6 Female",0.133333333333333,0.120559257357262
1283,803,"6 Female",0.04,0.0296526437148407
1284,804,"6 Female",0.226666666666667,0.145284230071634
1285,805,"6 Female",0.613333333333333,0.613333333333333
1286,806,"6 Female",0.16,0.123083506407437
1287,807,"6 Female",0.0933333333333333,0.0933333333333333
1288,808,"6 Female",0.12,0.12
1289,809,"6 Female",0.0666666666666667,0.0666666666666667
1290,810,"6 Female",0.0666666666666667,0.0438397299480953
1291,811,"6 Female",0.0533333333333333,0.0533333333333333
1292,812,"6 Female",0.0133333333333333,0.0133333333333333
1293,813,"6 Female",0.0266666666666667,0.0266666666666667
1294,814,"6 Female",0,0
1295,815,"6 Female",0.04,0.04
1296,816,"6 Female",0.08,0.0678100154711544
1297,817,"6 Female",0.0133333333333333,0.0133333333333333
1298,818,"6 Female",0.0133333333333333,0.0133333333333333
1299,819,"6 Female",0.573333333333333,0.573333333333333
1300,820,"6 Female",0.426666666666667,0.426666666666667
1301,821,"6 Female",0.293333333333333,0.293333333333333
1302,822,"6 Female",0,0
1303,823,"6 Female",0,0
1304,824,"6 Female",0.0533333333333333,0.0374566816870235
1305,825,"6 Female",0.04,0.04
1306,826,"6 Female",0.04,0.04
1307,827,"6 Female",0,0
1308,828,"6 Female",0.0266666666666667,0.0187283408435118
1309,829,"6 Female",0.0266666666666667,0.0187283408435118
1310,830,"6 Female",0.04,0.0296526437148407
1311,831,"6 Female",0,0
1312,832,"6 Female",0.04,0.0296526437148407
1313,833,"6 Female",0.12,0.12
1314,834,"6 Female",0.0266666666666667,0.0266666666666667
1315,835,"6 Female",0,0
1316,836,"6 Female",0,0
1317,837,"6 Female",0,0
1318,838,"6 Female",0,0
1319,839,"6 Female",0,0
1320,840,"6 Female",0,0
1321,841,"6 Female",0.0533333333333333,0.0533333333333333
1322,842,"6 Female",0.186666666666667,0.186666666666667
1323,843,"6 Female",0.12,0.0967210160976142
1324,844,"6 Female",0,0
1325,845,"6 Female",0,0
1326,846,"6 Female",0,0
1327,847,"6 Female",0.0133333333333333,0.0133333333333333
1328,848,"6 Female",0.0133333333333333,0.0133333333333333
1329,849,"6 Female",0.0133333333333333,0.0133333333333333
1330,850,"6 Female",0,0
1331,851,"6 Female",0,0
1332,852,"6 Female",0,0
1333,853,"6 Female",0.16,0.125977260925416
1334,854,"6 Female",0.08,0.08
1335,855,"6 Female",0.08,0.08
1336,856,"6 Female",0.0266666666666667,0.0266666666666667
1337,857,"6 Female",0.04,0.04
1338,858,"6 Female",0.0266666666666667,0.0266666666666667
1339,859,"6 Female",0.0666666666666667,0.0666666666666667
1340,860,"6 Female",0.04,0.0296526437148407
1341,861,"6 Female",0.0266666666666667,0.0266666666666667
1342,862,"6 Female",0,0
1343,863,"6 Female",0,0
1344,864,"6 Female",0,0
1345,865,"6 Female",0,0
1346,866,"6 Female",0.0933333333333333,0.0662328225790415
1347,867,"6 Female",0.0666666666666667,0.0666666666666667
1348,868,"6 Female",0.08,0.0561850225305353
1349,869,"6 Female",0.0266666666666667,0.0266666666666667
1350,870,"6 Female",0.0933333333333333,0.0933333333333333
1351,871,"6 Female",0.0666666666666667,0.0666666666666667
1352,872,"6 Female",0,0
1353,873,"6 Female",0,0
1354,874,"6 Female",0,0
1355,875,"6 Female",0.0533333333333333,0.0533333333333333
1356,876,"6 Female",0.0666666666666667,0.0547996624351191
1357,877,"6 Female",0,0
1358,878,"6 Female",0.04,0.04
1359,879,"6 Female",0,0
1360,880,"6 Female",0.0133333333333333,0.0133333333333333
1361,881,"6 Female",0,0
1362,882,"6 Female",0.0533333333333333,0.0374566816870235
1363,883,"6 Female",0.0266666666666667,0.0266666666666667
1364,884,"6 Female",0,0
1365,885,"6 Female",0,0
1366,886,"6 Female",0.0133333333333333,0.0133333333333333
1367,887,"6 Female",0,0
1368,888,"6 Female",0,0
1369,889,"6 Female",0.0533333333333333,0.0533333333333333
1370,890,"6 Female",0.0133333333333333,0.0133333333333333
1371,891,"6 Female",0.0133333333333333,0.0133333333333333
1372,892,"6 Female",0.0933333333333333,0.0933333333333333
1373,893,"6 Female",0.0133333333333333,0.0133333333333333
1374,894,"6 Female",0,0
1375,895,"6 Female",0,0
1376,896,"6 Female",0.186666666666667,0.186666666666667
1377,897,"6 Female",0.253333333333333,0.240190114890874
1378,898,"6 Female",0.08,0.0593052874296813
1379,899,"6 Female",0.0266666666666667,0.0266666666666667
1380,900,"6 Female",0,0
1381,901,"6 Female",0.0133333333333333,0.0133333333333333
1382,902,"6 Female",0.0133333333333333,0.0133333333333333
1383,903,"6 Female",0,0
1384,904,"6 Female",0,0
1385,905,"6 Female",0.0133333333333333,0.0133333333333333
1386,906,"6 Female",0,0
1387,907,"6 Female",0.0133333333333333,0.0133333333333333
1388,908,"6 Female",0.0533333333333333,0.0419924203084719
1389,909,"6 Female",0.08,0.08
1390,910,"6 Female",0.08,0.0493562157791299
1391,911,"6 Female",0.0266666666666667,0.0266666666666667
1392,912,"6 Female",0,0
1393,913,"6 Female",0,0
1394,914,"6 Female",0,0
1395,915,"6 Female",0,0
1396,916,"6 Female",0.0266666666666667,0.0266666666666667
1397,917,"6 Female",0,0
1398,918,"6 Female",0,0
1399,919,"6 Female",0,0
1400,920,"6 Female",0,0
1401,921,"6 Female",0,0
1402,922,"6 Female",0.04,0.04
1403,923,"6 Female",0.0933333333333333,0.0933333333333333
1404,924,"6 Female",0.0133333333333333,0.0133333333333333
1405,925,"6 Female",0,0
1406,926,"6 Female",0,0
1407,927,"6 Female",0,0
1408,928,"6 Female",0,0
1409,929,"6 Female",0,0
1410,930,"6 Female",0.0266666666666667,0.0266666666666667
1411,931,"6 Female",0,0
1412,932,"6 Female",0.0133333333333333,0.0133333333333333
1413,933,"6 Female",0.04,0.0296526437148407
1414,934,"6 Female",0.0266666666666667,0.0266666666666667
1415,935,"6 Female",0.08,0.0678100154711544
1416,936,"6 Female",0.0533333333333333,0.0533333333333333
1417,937,"6 Female",0.2,0.148263218574203
1418,938,"6 Female",0.04,0.04
1419,939,"6 Female",0.0133333333333333,0.0133333333333333
1420,940,"6 Female",0.0266666666666667,0.0266666666666667
1421,941,"6 Female",0.0133333333333333,0.0133333333333333
1422,942,"6 Female",0.0133333333333333,0.0133333333333333
1423,943,"6 Female",0.0266666666666667,0.0266666666666667
1424,944,"6 Female",0.0266666666666667,0.0266666666666667
1425,945,"6 Female",0.16,0.0891198201431216
1426,946,"6 Female",0.04,0.04
1427,947,"6 Female",0.04,0.0296526437148407
1428,948,"6 Female",0.0666666666666667,0.0666666666666667
1429,949,"6 Female",0.04,0.04
1430,950,"6 Female",0.0133333333333333,0.0133333333333333
1431,951,"6 Female",0.0133333333333333,0.0133333333333333
1432,952,"6 Female",0.293333333333333,0.255937304635147
1433,953,"6 Female",0.106666666666667,0.0839848406169438
1434,954,"6 Female",0.0533333333333333,0.0533333333333333
1435,955,"6 Female",0.0533333333333333,0.0533333333333333
1436,956,"6 Female",0,0
1437,957,"6 Female",0.173333333333333,0.130657841216941
1438,958,"6 Female",0,0
1439,959,"6 Female",0.04,0.0296526437148407
