"Dec_time","Dec_ZT_time","Condition","mean","SEM"
0,960,"6 Female",0.0833333333333333,0.0684438268859561
1,961,"6 Female",0.0166666666666667,0.0166666666666667
2,962,"6 Female",0,0
3,963,"6 Female",0,0
4,964,"6 Female",0.0166666666666667,0.0166666666666667
5,965,"6 Female",0.0166666666666667,0.0166666666666667
6,966,"6 Female",0,0
7,967,"6 Female",0.133333333333333,0.117571150874229
8,968,"6 Female",0.05,0.05
9,969,"6 Female",0.166666666666667,0.136887653771912
10,970,"6 Female",0.15,0.120790709411883
11,971,"6 Female",0,0
12,972,"6 Female",0.0666666666666667,0.0666666666666667
13,973,"6 Female",0.0166666666666667,0.0166666666666667
14,974,"6 Female",0,0
15,975,"6 Female",0.0833333333333333,0.0684438268859561
16,976,"6 Female",0,0
17,977,"6 Female",0.0833333333333333,0.0596205831569087
18,978,"6 Female",0.0666666666666667,0.0666666666666667
19,979,"6 Female",0,0
20,980,"6 Female",0.05,0.05
21,981,"6 Female",0.116666666666667,0.0755083213383604
22,982,"6 Female",0.316666666666667,0.284725724566213
23,983,"6 Female",0.0333333333333333,0.0333333333333333
24,984,"6 Female",0.0833333333333333,0.0833333333333333
25,985,"6 Female",0.0666666666666667,0.0666666666666667
26,986,"6 Female",0,0
27,987,"6 Female",0.0333333333333333,0.0333333333333333
28,988,"6 Female",0.0666666666666667,0.0402440764260071
29,989,"6 Female",0.0833333333333333,0.0492409426508572
30,990,"6 Female",0.15,0.0782037032949179
31,991,"6 Female",0.133333333333333,0.0934784988924133
32,992,"6 Female",0.0833333333333333,0.0596205831569087
33,993,"6 Female",0.133333333333333,0.117571150874229
34,994,"6 Female",0.266666666666667,0.218968649133161
35,995,"6 Female",0.283333333333333,0.266904907701561
36,996,"6 Female",0.216666666666667,0.185782307858878
37,997,"6 Female",0.05,0.05
38,998,"6 Female",0,0
39,999,"6 Female",0.05,0.0370142742354236
40,1000,"6 Female",0.0666666666666667,0.0467392494462066
41,1001,"6 Female",0.0333333333333333,0.0333333333333333
42,1002,"6 Female",0.0333333333333333,0.0233696247231033
43,1003,"6 Female",0.116666666666667,0.0676133351382125
44,1004,"6 Female",0.0166666666666667,0.0166666666666667
45,1005,"6 Female",0.116666666666667,0.0632976408494014
46,1006,"6 Female",0.0833333333333333,0.0833333333333333
47,1007,"6 Female",0.0666666666666667,0.0666666666666667
48,1008,"6 Female",0.0166666666666667,0.0166666666666667
49,1009,"6 Female",0,0
50,1010,"6 Female",0.0333333333333333,0.0333333333333333
51,1011,"6 Female",0.0666666666666667,0.0524359532211169
52,1012,"6 Female",0.283333333333333,0.173191489115579
53,1013,"6 Female",0,0
54,1014,"6 Female",0.0166666666666667,0.0166666666666667
55,1015,"6 Female",0.183333333333333,0.183333333333333
56,1016,"6 Female",0.166666666666667,0.136887653771912
57,1017,"6 Female",0.0333333333333333,0.0333333333333333
58,1018,"6 Female",0.233333333333333,0.163587373061723
59,1019,"6 Female",0.116666666666667,0.0826525867360602
60,1020,"6 Female",0.0833333333333333,0.0684438268859561
61,1021,"6 Female",0,0
62,1022,"6 Female",0.0333333333333333,0.0333333333333333
63,1023,"6 Female",0.0333333333333333,0.0233696247231033
64,1024,"6 Female",0.0833333333333333,0.0684438268859561
65,1025,"6 Female",0.0166666666666667,0.0166666666666667
66,1026,"6 Female",0.133333333333333,0.0804881528520141
67,1027,"6 Female",0.0166666666666667,0.0166666666666667
68,1028,"6 Female",0,0
69,1029,"6 Female",0.133333333333333,0.117571150874229
70,1030,"6 Female",0.0333333333333333,0.0333333333333333
71,1031,"6 Female",0.0333333333333333,0.0333333333333333
72,1032,"6 Female",0.0666666666666667,0.0524359532211169
73,1033,"6 Female",0.0333333333333333,0.0333333333333333
74,1034,"6 Female",0.0333333333333333,0.0333333333333333
75,1035,"6 Female",0.1,0.1
76,1036,"6 Female",0.283333333333333,0.251651793626441
77,1037,"6 Female",0.116666666666667,0.101100349171685
78,1038,"6 Female",0.0166666666666667,0.0166666666666667
79,1039,"6 Female",0.283333333333333,0.283333333333333
80,1040,"6 Female",0.05,0.05
81,1041,"6 Female",0.05,0.05
82,1042,"6 Female",0.05,0.05
83,1043,"6 Female",0.05,0.05
84,1044,"6 Female",0.116666666666667,0.101100349171685
85,1045,"6 Female",0.216666666666667,0.216666666666667
86,1046,"6 Female",0.0666666666666667,0.0467392494462066
87,1047,"6 Female",0.0833333333333333,0.0596205831569087
88,1048,"6 Female",0.0166666666666667,0.0166666666666667
89,1049,"6 Female",0,0
90,1050,"6 Female",0,0
91,1051,"6 Female",0.05,0.05
92,1052,"6 Female",0,0
93,1053,"6 Female",0.0666666666666667,0.0467392494462066
94,1054,"6 Female",0.0666666666666667,0.0524359532211169
95,1055,"6 Female",0,0
96,1056,"6 Female",0.1,0.0847062054570847
97,1057,"6 Female",0,0
98,1058,"6 Female",0,0
99,1059,"6 Female",0,0
100,1060,"6 Female",0,0
101,1061,"6 Female",0.166666666666667,0.166666666666667
102,1062,"6 Female",0.283333333333333,0.283333333333333
103,1063,"6 Female",0.05,0.05
104,1064,"6 Female",0,0
105,1065,"6 Female",0.0166666666666667,0.0166666666666667
106,1066,"6 Female",0,0
107,1067,"6 Female",0,0
108,1068,"6 Female",0.35,0.303301047515054
109,1069,"6 Female",0.15,0.15
110,1070,"6 Female",0,0
111,1071,"6 Female",0.0166666666666667,0.0166666666666667
112,1072,"6 Female",0.05,0.0370142742354236
113,1073,"6 Female",0.0166666666666667,0.0166666666666667
114,1074,"6 Female",0,0
115,1075,"6 Female",0.1,0.1
116,1076,"6 Female",0.0166666666666667,0.0166666666666667
117,1077,"6 Female",0,0
118,1078,"6 Female",0,0
119,1079,"6 Female",0,0
120,1080,"6 Female",0.183333333333333,0.153106562843293
121,1081,"6 Female",0.0166666666666667,0.0166666666666667
122,1082,"6 Female",0.0166666666666667,0.0166666666666667
123,1083,"6 Female",0.133333333333333,0.0904060728257039
124,1084,"6 Female",0.0833333333333333,0.0833333333333333
125,1085,"6 Female",0.05,0.05
126,1086,"6 Female",0.0166666666666667,0.0166666666666667
127,1087,"6 Female",0.0166666666666667,0.0166666666666667
128,1088,"6 Female",0.0166666666666667,0.0166666666666667
129,1089,"6 Female",0.1,0.0615248789877987
130,1090,"6 Female",0.15,0.0974969215796792
131,1091,"6 Female",0.0166666666666667,0.0166666666666667
132,1092,"6 Female",0.216666666666667,0.157830751564325
133,1093,"6 Female",0.3,0.190598225636597
134,1094,"6 Female",0.133333333333333,0.0768984460058639
135,1095,"6 Female",0.15,0.105832721649551
136,1096,"6 Female",0.183333333333333,0.122339868050039
137,1097,"6 Female",0.266666666666667,0.192906210440113
138,1098,"6 Female",0.2,0.11097920607389
139,1099,"6 Female",0.2,0.120732229278021
140,1100,"6 Female",0.05,0.05
141,1101,"6 Female",0.266666666666667,0.188461908013604
142,1102,"6 Female",0.133333333333333,0.102142767778322
143,1103,"6 Female",0.3,0.25188554480878
144,1104,"6 Female",0.0833333333333333,0.0596205831569087
145,1105,"6 Female",0.0333333333333333,0.0233696247231033
146,1106,"6 Female",0.05,0.0370142742354236
147,1107,"6 Female",0.1,0.0567480306535024
148,1108,"6 Female",0.0666666666666667,0.0524359532211169
149,1109,"6 Female",0.15,0.0945551583262473
150,1110,"6 Female",0.0333333333333333,0.0233696247231033
151,1111,"6 Female",0.0333333333333333,0.0333333333333333
152,1112,"6 Female",0.133333333333333,0.0839244571084116
153,1113,"6 Female",0.05,0.05
154,1114,"6 Female",0.05,0.0283740153267512
155,1115,"6 Female",0.0333333333333333,0.0233696247231033
156,1116,"6 Female",0.0833333333333333,0.0596205831569087
157,1117,"6 Female",0,0
158,1118,"6 Female",0.116666666666667,0.0860024525555777
159,1119,"6 Female",0.3,0.283540967456184
160,1120,"6 Female",0.0833333333333333,0.0684438268859561
161,1121,"6 Female",0,0
162,1122,"6 Female",0.166666666666667,0.101309690967807
163,1123,"6 Female",0.05,0.0370142742354236
164,1124,"6 Female",0.1,0.0740285484708471
165,1125,"6 Female",0.0166666666666667,0.0166666666666667
166,1126,"6 Female",0,0
167,1127,"6 Female",0.183333333333333,0.141604339895403
168,1128,"6 Female",0.05,0.0370142742354236
169,1129,"6 Female",0.0333333333333333,0.0333333333333333
170,1130,"6 Female",0.233333333333333,0.189209874604457
171,1131,"6 Female",0.0666666666666667,0.0666666666666667
172,1132,"6 Female",0.0333333333333333,0.0333333333333333
173,1133,"6 Female",0.05,0.05
174,1134,"6 Female",0,0
175,1135,"6 Female",0,0
176,1136,"6 Female",0.05,0.0370142742354236
177,1137,"6 Female",0.333333333333333,0.226327429759173
178,1138,"6 Female",0.316666666666667,0.237086442395191
179,1139,"6 Female",0.133333333333333,0.0964531052200567
180,1140,"6 Female",0.116666666666667,0.0676133351382125
181,1141,"6 Female",0.05,0.05
182,1142,"6 Female",0.05,0.05
183,1143,"6 Female",0.05,0.0370142742354236
184,1144,"6 Female",0.116666666666667,0.116666666666667
185,1145,"6 Female",0.0666666666666667,0.0467392494462066
186,1146,"6 Female",0.15,0.111042822706271
187,1147,"6 Female",0.166666666666667,0.116848123615517
188,1148,"6 Female",0.233333333333333,0.117330636846262
189,1149,"6 Female",0.0833333333333333,0.0596205831569087
190,1150,"6 Female",0.0666666666666667,0.0402440764260071
191,1151,"6 Female",0.216666666666667,0.173191489115579
192,1152,"6 Female",0.05,0.05
193,1153,"6 Female",0.05,0.05
194,1154,"6 Female",0,0
195,1155,"6 Female",0,0
196,1156,"6 Female",0,0
197,1157,"6 Female",0,0
198,1158,"6 Female",0.0166666666666667,0.0166666666666667
199,1159,"6 Female",0.25,0.25
200,1160,"6 Female",0.133333333333333,0.0964531052200567
201,1161,"6 Female",0.1,0.0615248789877987
202,1162,"6 Female",0.183333333333333,0.0994097457585979
203,1163,"6 Female",0.0833333333333333,0.0833333333333333
204,1164,"6 Female",0.0166666666666667,0.0166666666666667
205,1165,"6 Female",0.183333333333333,0.141604339895403
206,1166,"6 Female",0,0
207,1167,"6 Female",0,0
208,1168,"6 Female",0,0
209,1169,"6 Female",0,0
210,1170,"6 Female",0,0
211,1171,"6 Female",0,0
212,1172,"6 Female",0.1,0.1
213,1173,"6 Female",0.0833333333333333,0.0596205831569087
214,1174,"6 Female",0.05,0.0370142742354236
215,1175,"6 Female",0.0166666666666667,0.0166666666666667
216,1176,"6 Female",0.0333333333333333,0.0333333333333333
217,1177,"6 Female",0,0
218,1178,"6 Female",0.0833333333333333,0.0833333333333333
219,1179,"6 Female",0.433333333333333,0.385739195480988
220,1180,"6 Female",0,0
221,1181,"6 Female",0,0
222,1182,"6 Female",0,0
223,1183,"6 Female",0,0
224,1184,"6 Female",0,0
225,1185,"6 Female",0.0166666666666667,0.0166666666666667
226,1186,"6 Female",0.0166666666666667,0.0166666666666667
227,1187,"6 Female",0.1,0.1
228,1188,"6 Female",0.0333333333333333,0.0333333333333333
229,1189,"6 Female",0.0166666666666667,0.0166666666666667
230,1190,"6 Female",0.266666666666667,0.209743812884467
231,1191,"6 Female",0.116666666666667,0.116666666666667
232,1192,"6 Female",0.0333333333333333,0.0233696247231033
233,1193,"6 Female",0.0666666666666667,0.0666666666666667
234,1194,"6 Female",0,0
235,1195,"6 Female",0,0
236,1196,"6 Female",0,0
237,1197,"6 Female",0,0
238,1198,"6 Female",0,0
239,1199,"6 Female",0.0166666666666667,0.0166666666666667
240,1200,"6 Female",0.116666666666667,0.116666666666667
241,1201,"6 Female",0,0
242,1202,"6 Female",0,0
243,1203,"6 Female",0,0
244,1204,"6 Female",0,0
245,1205,"6 Female",0.166666666666667,0.166666666666667
246,1206,"6 Female",0,0
247,1207,"6 Female",0.05,0.05
248,1208,"6 Female",0.0333333333333333,0.0333333333333333
249,1209,"6 Female",0.0833333333333333,0.0684438268859561
250,1210,"6 Female",0.05,0.05
251,1211,"6 Female",0.0166666666666667,0.0166666666666667
252,1212,"6 Female",0.0833333333333333,0.0833333333333333
253,1213,"6 Female",0,0
254,1214,"6 Female",0,0
255,1215,"6 Female",0.0666666666666667,0.0666666666666667
256,1216,"6 Female",0.0833333333333333,0.0833333333333333
257,1217,"6 Female",0.2,0.183807809231445
258,1218,"6 Female",0.366666666666667,0.366666666666667
259,1219,"6 Female",0.2,0.183807809231445
260,1220,"6 Female",0,0
261,1221,"6 Female",0.1,0.1
262,1222,"6 Female",0.0666666666666667,0.0524359532211169
263,1223,"6 Female",0.216666666666667,0.216666666666667
264,1224,"6 Female",0.0333333333333333,0.0233696247231033
265,1225,"6 Female",0.0166666666666667,0.0166666666666667
266,1226,"6 Female",0,0
267,1227,"6 Female",0.0333333333333333,0.0333333333333333
268,1228,"6 Female",0,0
269,1229,"6 Female",0.0333333333333333,0.0333333333333333
270,1230,"6 Female",0.0166666666666667,0.0166666666666667
271,1231,"6 Female",0.0333333333333333,0.0333333333333333
272,1232,"6 Female",0,0
273,1233,"6 Female",0,0
274,1234,"6 Female",0.05,0.05
275,1235,"6 Female",0.233333333333333,0.233333333333333
276,1236,"6 Female",0.0833333333333333,0.0833333333333333
277,1237,"6 Female",0,0
278,1238,"6 Female",0.166666666666667,0.119241166313817
279,1239,"6 Female",0.0166666666666667,0.0166666666666667
280,1240,"6 Female",0.0666666666666667,0.0524359532211169
281,1241,"6 Female",0,0
282,1242,"6 Female",0.0833333333333333,0.0833333333333333
283,1243,"6 Female",0.1,0.1
284,1244,"6 Female",0.266666666666667,0.191436240756428
285,1245,"6 Female",0.25,0.188099324645793
286,1246,"6 Female",0,0
287,1247,"6 Female",0.1,0.07010887416931
288,1248,"6 Female",0.666666666666667,0.391770331274643
289,1249,"6 Female",0.133333333333333,0.0904060728257039
290,1250,"6 Female",0.15,0.111042822706271
291,1251,"6 Female",0.05,0.0370142742354236
292,1252,"6 Female",0.116666666666667,0.101100349171685
293,1253,"6 Female",0.0333333333333333,0.0233696247231033
294,1254,"6 Female",0.15,0.0883783597000806
295,1255,"6 Female",0.0666666666666667,0.0402440764260071
296,1256,"6 Female",0.0833333333333333,0.0546776205092855
297,1257,"6 Female",0.0333333333333333,0.0233696247231033
298,1258,"6 Female",0.35,0.300493943648606
299,1259,"6 Female",0.133333333333333,0.0804881528520141
300,1260,"6 Female",0.133333333333333,0.0964531052200567
301,1261,"6 Female",0.1,0.0615248789877987
302,1262,"6 Female",0.0166666666666667,0.0166666666666667
303,1263,"6 Female",0.0333333333333333,0.0333333333333333
304,1264,"6 Female",0.133333333333333,0.0768984460058639
305,1265,"6 Female",0.0666666666666667,0.0402440764260071
306,1266,"6 Female",0.0333333333333333,0.0233696247231033
307,1267,"6 Female",0.05,0.0370142742354236
308,1268,"6 Female",0.1,0.07010887416931
309,1269,"6 Female",0.166666666666667,0.136887653771912
310,1270,"6 Female",0.116666666666667,0.0826525867360602
311,1271,"6 Female",0.216666666666667,0.163111806420004
312,1272,"6 Female",0.0833333333333333,0.0684438268859561
313,1273,"6 Female",0.1,0.1
314,1274,"6 Female",0.366666666666667,0.224195569724275
315,1275,"6 Female",0.05,0.0370142742354236
316,1276,"6 Female",0.0333333333333333,0.0333333333333333
317,1277,"6 Female",0.0166666666666667,0.0166666666666667
318,1278,"6 Female",0.05,0.05
319,1279,"6 Female",0.0166666666666667,0.0166666666666667
320,1280,"6 Female",0.1,0.0615248789877987
321,1281,"6 Female",0.216666666666667,0.200411535165757
322,1282,"6 Female",0.15,0.15
323,1283,"6 Female",0.1,0.07010887416931
324,1284,"6 Female",0,0
325,1285,"6 Female",0.15,0.15
326,1286,"6 Female",0.0166666666666667,0.0166666666666667
327,1287,"6 Female",0,0
328,1288,"6 Female",0,0
329,1289,"6 Female",0,0
330,1290,"6 Female",0.0333333333333333,0.0333333333333333
331,1291,"6 Female",0.0666666666666667,0.0666666666666667
332,1292,"6 Female",0.0166666666666667,0.0166666666666667
333,1293,"6 Female",0.15,0.0883783597000806
334,1294,"6 Female",0.15,0.15
335,1295,"6 Female",0.133333333333333,0.133333333333333
336,1296,"6 Female",0.3,0.3
337,1297,"6 Female",0,0
338,1298,"6 Female",0,0
339,1299,"6 Female",0,0
340,1300,"6 Female",0.166666666666667,0.166666666666667
341,1301,"6 Female",0.15,0.105832721649551
342,1302,"6 Female",0.0333333333333333,0.0233696247231033
343,1303,"6 Female",0.233333333333333,0.158322182182403
344,1304,"6 Female",0.166666666666667,0.082908521730386
345,1305,"6 Female",0.05,0.0370142742354236
346,1306,"6 Female",0.1,0.07010887416931
347,1307,"6 Female",0,0
348,1308,"6 Female",0.05,0.0370142742354236
349,1309,"6 Female",0,0
350,1310,"6 Female",0.0333333333333333,0.0333333333333333
351,1311,"6 Female",0.0166666666666667,0.0166666666666667
352,1312,"6 Female",0,0
353,1313,"6 Female",0.133333333333333,0.133333333333333
354,1314,"6 Female",0.05,0.05
355,1315,"6 Female",0,0
356,1316,"6 Female",0,0
357,1317,"6 Female",0,0
358,1318,"6 Female",0,0
359,1319,"6 Female",0.0166666666666667,0.0166666666666667
360,1320,"6 Female",0,0
361,1321,"6 Female",0.0166666666666667,0.0166666666666667
362,1322,"6 Female",0.116666666666667,0.0676133351382125
363,1323,"6 Female",0.15,0.15
364,1324,"6 Female",0.316666666666667,0.283731856650505
365,1325,"6 Female",0.0833333333333333,0.0492409426508572
366,1326,"6 Female",0.116666666666667,0.0676133351382125
367,1327,"6 Female",0.25,0.178861749470726
368,1328,"6 Female",0.0833333333333333,0.0684438268859561
369,1329,"6 Female",0.1,0.0847062054570847
370,1330,"6 Female",0.0333333333333333,0.0333333333333333
371,1331,"6 Female",0.0333333333333333,0.0333333333333333
372,1332,"6 Female",0.0333333333333333,0.0233696247231033
373,1333,"6 Female",0.283333333333333,0.159610519361263
374,1334,"6 Female",0.0166666666666667,0.0166666666666667
375,1335,"6 Female",0.0166666666666667,0.0166666666666667
376,1336,"6 Female",0.0333333333333333,0.0333333333333333
377,1337,"6 Female",0.0333333333333333,0.0233696247231033
378,1338,"6 Female",0.0333333333333333,0.0233696247231033
379,1339,"6 Female",0,0
380,1340,"6 Female",0,0
381,1341,"6 Female",0.1,0.1
382,1342,"6 Female",0.0333333333333333,0.0333333333333333
383,1343,"6 Female",0,0
384,1344,"6 Female",0.0833333333333333,0.0596205831569087
385,1345,"6 Female",0.15,0.0974969215796792
386,1346,"6 Female",0.116666666666667,0.0892266417444186
387,1347,"6 Female",0,0
388,1348,"6 Female",0,0
389,1349,"6 Female",0.05,0.05
390,1350,"6 Female",0.233333333333333,0.233333333333333
391,1351,"6 Female",0.0333333333333333,0.0333333333333333
392,1352,"6 Female",0.35,0.252473637936929
393,1353,"6 Female",0.466666666666667,0.418813677453167
394,1354,"6 Female",0.116666666666667,0.116666666666667
395,1355,"6 Female",0,0
396,1356,"6 Female",0.2,0.2
397,1357,"6 Female",0.166666666666667,0.106740793452257
398,1358,"6 Female",0.3,0.215632036444594
399,1359,"6 Female",0.2,0.2
400,1360,"6 Female",0.1,0.1
401,1361,"6 Female",0.3,0.202107539758215
402,1362,"6 Female",0.133333333333333,0.133333333333333
403,1363,"6 Female",0.433333333333333,0.416717511022116
404,1364,"6 Female",0.533333333333333,0.303898089767307
405,1365,"6 Female",0.216666666666667,0.121412744857927
406,1366,"6 Female",0.233333333333333,0.117330636846262
407,1367,"6 Female",0.2,0.120732229278021
408,1368,"6 Female",0.433333333333333,0.270348871351546
409,1369,"6 Female",0.1,0.0615248789877987
410,1370,"6 Female",0.0666666666666667,0.0666666666666667
411,1371,"6 Female",0,0
412,1372,"6 Female",0.0666666666666667,0.0666666666666667
413,1373,"6 Female",0.133333333333333,0.133333333333333
414,1374,"6 Female",0.183333333333333,0.183333333333333
415,1375,"6 Female",0.15,0.105832721649551
416,1376,"6 Female",0.0666666666666667,0.0666666666666667
417,1377,"6 Female",0.183333333333333,0.126873901245787
418,1378,"6 Female",0.0833333333333333,0.0833333333333333
419,1379,"6 Female",0.0166666666666667,0.0166666666666667
420,1380,"6 Female",0.0666666666666667,0.0666666666666667
421,1381,"6 Female",0,0
422,1382,"6 Female",0.533333333333333,0.437291785266307
423,1383,"6 Female",0.466666666666667,0.35611420331177
424,1384,"6 Female",0.05,0.0283740153267512
425,1385,"6 Female",0.216666666666667,0.173191489115579
426,1386,"6 Female",0.1,0.0615248789877987
427,1387,"6 Female",0.0833333333333333,0.0833333333333333
428,1388,"6 Female",0.0833333333333333,0.0492409426508572
429,1389,"6 Female",0.05,0.0370142742354236
430,1390,"6 Female",0.0833333333333333,0.0492409426508572
431,1391,"6 Female",0,0
432,1392,"6 Female",0.133333333333333,0.0964531052200567
433,1393,"6 Female",0.0166666666666667,0.0166666666666667
434,1394,"6 Female",0.0666666666666667,0.0324748200298303
435,1395,"6 Female",0.283333333333333,0.184255513247117
436,1396,"6 Female",0.133333333333333,0.117571150874229
437,1397,"6 Female",0.1,0.0847062054570847
438,1398,"6 Female",0.0666666666666667,0.0666666666666667
439,1399,"6 Female",0.0666666666666667,0.0402440764260071
440,1400,"6 Female",0.1,0.0615248789877987
441,1401,"6 Female",0,0
442,1402,"6 Female",0.216666666666667,0.142796260903639
443,1403,"6 Female",0.133333333333333,0.104871906442234
444,1404,"6 Female",0.35,0.267679925233256
445,1405,"6 Female",0.766666666666667,0.48559280951002
446,1406,"6 Female",0.283333333333333,0.221820493755861
447,1407,"6 Female",0.0166666666666667,0.0166666666666667
448,1408,"6 Female",0.0333333333333333,0.0333333333333333
449,1409,"6 Female",0.0166666666666667,0.0166666666666667
450,1410,"6 Female",0,0
451,1411,"6 Female",0.0166666666666667,0.0166666666666667
452,1412,"6 Female",0.05,0.05
453,1413,"6 Female",0.166666666666667,0.166666666666667
454,1414,"6 Female",0.0333333333333333,0.0333333333333333
455,1415,"6 Female",0.0666666666666667,0.0467392494462066
456,1416,"6 Female",0.166666666666667,0.136887653771912
457,1417,"6 Female",0.116666666666667,0.0632976408494014
458,1418,"6 Female",0,0
459,1419,"6 Female",0.1,0.1
460,1420,"6 Female",0.15,0.134090365010692
461,1421,"6 Female",0.233333333333333,0.160096486914643
462,1422,"6 Female",0.166666666666667,0.0925674793313244
463,1423,"6 Female",0.0666666666666667,0.0524359532211169
464,1424,"6 Female",0.0666666666666667,0.0524359532211169
465,1425,"6 Female",0.1,0.0740285484708471
466,1426,"6 Female",0.25,0.143847455297201
467,1427,"6 Female",0.283333333333333,0.187296656843584
468,1428,"6 Female",0.366666666666667,0.220383162309999
469,1429,"6 Female",0.183333333333333,0.115204722386991
470,1430,"6 Female",0.0333333333333333,0.0333333333333333
471,1431,"6 Female",0.2,0.125324437717731
472,1432,"6 Female",0.0666666666666667,0.0402440764260071
473,1433,"6 Female",0.0666666666666667,0.0666666666666667
474,1434,"6 Female",0.166666666666667,0.126148210443576
475,1435,"6 Female",0.0833333333333333,0.0492409426508572
476,1436,"6 Female",0.05,0.0283740153267512
477,1437,"6 Female",1.2,0.380899915676956
478,1438,"6 Female",0.45,0.135348472616236
479,1439,"6 Female",0.516666666666667,0.170561827792187
480,0,"6 Female",0.566666666666667,0.180029292448089
481,1,"6 Female",0.433333333333333,0.112412342916268
482,2,"6 Female",0.216666666666667,0.0586653184231312
483,3,"6 Female",0.483333333333333,0.110191581154999
484,4,"6 Female",0.95,0.24520831683299
485,5,"6 Female",0.416666666666667,0.107071090662904
486,6,"6 Female",0.533333333333333,0.107531802329548
487,7,"6 Female",0.466666666666667,0.0964531052200567
488,8,"6 Female",0.916666666666667,0.283532665010683
489,9,"6 Female",0.65,0.215008868559699
490,10,"6 Female",0.416666666666667,0.121877188038691
491,11,"6 Female",0.85,0.200035307617894
492,12,"6 Female",0.783333333333333,0.182715961017493
493,13,"6 Female",0.516666666666667,0.115204722386991
494,14,"6 Female",1.23333333333333,0.471424495135686
495,15,"6 Female",0.9,0.305967023074448
496,16,"6 Female",0.5,0.120028245263425
497,17,"6 Female",0.65,0.138239536643919
498,18,"6 Female",0.816666666666667,0.33403175418817
499,19,"6 Female",0.516666666666667,0.10759745724703
500,20,"6 Female",0.583333333333333,0.107071090662904
501,21,"6 Female",0.766666666666667,0.202200698343369
502,22,"6 Female",0.533333333333333,0.141554458719701
503,23,"6 Female",0.6,0.119320107842699
504,24,"6 Female",0.666666666666667,0.125023538273441
505,25,"6 Female",0.95,0.313017932375608
506,26,"6 Female",0.95,0.383578894572658
507,27,"6 Female",0.4,0.0956689206214921
508,28,"6 Female",0.6,0.119320107842699
509,29,"6 Female",0.716666666666667,0.146699405693701
510,30,"6 Female",0.366666666666667,0.0888300181698747
511,31,"6 Female",0.633333333333333,0.182522603919678
512,32,"6 Female",0.65,0.220201499915354
513,33,"6 Female",0.566666666666667,0.190697006791524
514,34,"6 Female",0.333333333333333,0.097037084956597
515,35,"6 Female",0.566666666666667,0.126595281698803
516,36,"6 Female",0.716666666666667,0.176423454803766
517,37,"6 Female",0.55,0.126725380385692
518,38,"6 Female",0.633333333333333,0.127927121437351
519,39,"6 Female",0.75,0.164032861527857
520,40,"6 Female",0.55,0.15481901224873
521,41,"6 Female",0.4,0.123964638661265
522,42,"6 Female",0.5,0.129099444873581
523,43,"6 Female",1.2,0.558852739262134
524,44,"6 Female",1.16666666666667,0.310063476886075
525,45,"6 Female",0.933333333333333,0.273981593124425
526,46,"6 Female",0.516666666666667,0.156753191637403
527,47,"6 Female",1.03333333333333,0.438903787680084
528,48,"6 Female",0.816666666666667,0.168897499532702
529,49,"6 Female",0.633333333333333,0.152134839587111
530,50,"6 Female",0.75,0.198333452024842
531,51,"6 Female",0.783333333333333,0.252771827913669
532,52,"6 Female",0.766666666666667,0.167005305688353
533,53,"6 Female",0.533333333333333,0.115143405223566
534,54,"6 Female",0.866666666666667,0.22229753902568
535,55,"6 Female",0.533333333333333,0.0934784988924133
536,56,"6 Female",0.383333333333333,0.0892266417444186
537,57,"6 Female",0.616666666666667,0.370594015966844
538,58,"6 Female",0.483333333333333,0.124627505254311
539,59,"6 Female",0.483333333333333,0.104939225528941
540,60,"6 Female",1.05,0.279653740703152
541,61,"6 Female",0.833333333333333,0.255080209681187
542,62,"6 Female",0.666666666666667,0.147802484376777
543,63,"6 Female",0.666666666666667,0.160624956491307
544,64,"6 Female",0.883333333333333,0.157830751564325
545,65,"6 Female",0.633333333333333,0.19451034664747
546,66,"6 Female",0.666666666666667,0.151576772266638
547,67,"6 Female",0.65,0.211030562490566
548,68,"6 Female",0.883333333333333,0.261559498007847
549,69,"6 Female",0.45,0.119851603158494
550,70,"6 Female",0.4,0.089568961532757
551,71,"6 Female",0.35,0.0706107336473336
552,72,"6 Female",0.416666666666667,0.12417334945805
553,73,"6 Female",0.8,0.21497602021048
554,74,"6 Female",0.8,0.217588218358351
555,75,"6 Female",0.333333333333333,0.105409255338946
556,76,"6 Female",0.316666666666667,0.0873064175541487
557,77,"6 Female",0.483333333333333,0.117631202542846
558,78,"6 Female",0.516666666666667,0.153106562843293
559,79,"6 Female",0.433333333333333,0.151016642676721
560,80,"6 Female",0.35,0.0883783597000806
561,81,"6 Female",0.45,0.0870904458750319
562,82,"6 Female",0.466666666666667,0.126818226306555
563,83,"6 Female",0.383333333333333,0.0923383200431936
564,84,"6 Female",0.483333333333333,0.154940605836881
565,85,"6 Female",0.45,0.122185836049329
566,86,"6 Female",0.45,0.137419724897703
567,87,"6 Female",0.416666666666667,0.107071090662904
568,88,"6 Female",0.566666666666667,0.214405849204862
569,89,"6 Female",0.266666666666667,0.0666666666666667
570,90,"6 Female",0.783333333333333,0.228099079803397
571,91,"6 Female",0.466666666666667,0.210550350496412
572,92,"6 Female",0.4,0.119320107842699
573,93,"6 Female",0.366666666666667,0.0750392238926453
574,94,"6 Female",0.8,0.228974624207735
575,95,"6 Female",0.783333333333333,0.248261374323852
576,96,"6 Female",0.3,0.101680789979462
577,97,"6 Female",0.483333333333333,0.124627505254311
578,98,"6 Female",0.466666666666667,0.139544591554152
579,99,"6 Female",0.516666666666667,0.153106562843293
580,100,"6 Female",0.3,0.0724861178994681
581,101,"6 Female",0.566666666666667,0.12205089858569
582,102,"6 Female",0.283333333333333,0.0755083213383604
583,103,"6 Female",0.266666666666667,0.0818799819864059
584,104,"6 Female",0.266666666666667,0.0666666666666667
585,105,"6 Female",0.416666666666667,0.0959392070537075
586,106,"6 Female",0.3,0.0762837403353298
587,107,"6 Female",0.25,0.0698060266447834
588,108,"6 Female",0.333333333333333,0.097037084956597
589,109,"6 Female",0.483333333333333,0.122339868050039
590,110,"6 Female",0.366666666666667,0.10075047957062
591,111,"6 Female",0.616666666666667,0.207339437118358
592,112,"6 Female",0.416666666666667,0.0929481559724653
593,113,"6 Female",0.633333333333333,0.209878451057882
594,114,"6 Female",0.583333333333333,0.163457810287179
595,115,"6 Female",0.466666666666667,0.107531802329548
596,116,"6 Female",0.5,0.135504914748152
597,117,"6 Female",0.416666666666667,0.109677665033298
598,118,"6 Female",0.25,0.0656346677032784
599,119,"6 Female",0.316666666666667,0.0935540167441474
600,120,"6 Female",0.716666666666667,0.300744524976269
601,121,"6 Female",0.683333333333333,0.2817336028512
602,122,"6 Female",0.666666666666667,0.388148339826388
603,123,"6 Female",0.616666666666667,0.290228496253667
604,124,"6 Female",0.883333333333333,0.411069754116657
605,125,"6 Female",0.45,0.178545599423358
606,126,"6 Female",0.233333333333333,0.0727454608313336
607,127,"6 Female",0.4,0.119320107842699
608,128,"6 Female",0.45,0.102027469437275
609,129,"6 Female",0.55,0.149244803257718
610,130,"6 Female",0.516666666666667,0.117631202542846
611,131,"6 Female",0.25,0.0810419435241375
612,132,"6 Female",0.616666666666667,0.20597249921566
613,133,"6 Female",0.533333333333333,0.139544591554152
614,134,"6 Female",0.433333333333333,0.119714034658272
615,135,"6 Female",0.35,0.0915188844703063
616,136,"6 Female",0.383333333333333,0.10654212362001
617,137,"6 Female",0.266666666666667,0.0852602087817441
618,138,"6 Female",0.45,0.207793084826456
619,139,"6 Female",0.783333333333333,0.404837741554338
620,140,"6 Female",0.733333333333333,0.364270547828212
621,141,"6 Female",0.483333333333333,0.168897499532702
622,142,"6 Female",0.433333333333333,0.133121300334081
623,143,"6 Female",0.65,0.189892922548204
624,144,"6 Female",0.333333333333333,0.0776296679652776
625,145,"6 Female",0.483333333333333,0.187898979149298
626,146,"6 Female",0.3,0.0724861178994681
627,147,"6 Female",0.466666666666667,0.214537561625929
628,148,"6 Female",0.516666666666667,0.137556699489294
629,149,"6 Female",0.283333333333333,0.10654212362001
630,150,"6 Female",0.383333333333333,0.10654212362001
631,151,"6 Female",0.266666666666667,0.0946795566938496
632,152,"6 Female",0.2,0.0663835797544615
633,153,"6 Female",0.45,0.133245027254812
634,154,"6 Female",0.283333333333333,0.0716696228532331
635,155,"6 Female",0.716666666666667,0.35581661202591
636,156,"6 Female",0.5,0.190894415754107
637,157,"6 Female",0.433333333333333,0.175258754089838
638,158,"6 Female",0.316666666666667,0.0873064175541487
639,159,"6 Female",0.4,0.116928680759601
640,160,"6 Female",0.416666666666667,0.166878396584772
641,161,"6 Female",0.5,0.196724591680225
642,162,"6 Female",0.366666666666667,0.111402630756009
643,163,"6 Female",0.533333333333333,0.12902648671863
644,164,"6 Female",0.15,0.0573668933443097
645,165,"6 Female",0.366666666666667,0.138528723217638
646,166,"6 Female",0.383333333333333,0.123717526508367
647,167,"6 Female",0.0666666666666667,0.0324748200298303
648,168,"6 Female",0.233333333333333,0.0687526750036001
649,169,"6 Female",0.183333333333333,0.065058281853003
650,170,"6 Female",0.533333333333333,0.234661273692525
651,171,"6 Female",0.366666666666667,0.123431782359414
652,172,"6 Female",0.366666666666667,0.161151693051168
653,173,"6 Female",0.333333333333333,0.180499411812846
654,174,"6 Female",0.666666666666667,0.322128046501309
655,175,"6 Female",0.566666666666667,0.215719354543514
656,176,"6 Female",0.333333333333333,0.102694397898321
657,177,"6 Female",0.283333333333333,0.0676133351382125
658,178,"6 Female",0.433333333333333,0.130982093628191
659,179,"6 Female",0.25,0.0698060266447834
660,180,"6 Female",0.466666666666667,0.133333333333333
661,181,"6 Female",0.466666666666667,0.183294808484381
662,182,"6 Female",0.333333333333333,0.0999057936672656
663,183,"6 Female",0.45,0.152983511537224
664,184,"6 Female",0.383333333333333,0.13878338742528
665,185,"6 Female",0.733333333333333,0.230286810447132
666,186,"6 Female",0.683333333333333,0.320215028978072
667,187,"6 Female",0.4,0.114487312103867
668,188,"6 Female",0.55,0.256469951764709
669,189,"6 Female",0.416666666666667,0.190585874392335
670,190,"6 Female",0.483333333333333,0.227354804559545
671,191,"6 Female",0.416666666666667,0.152737111519777
672,192,"6 Female",0.433333333333333,0.158322182182403
673,193,"6 Female",0.466666666666667,0.183294808484381
674,194,"6 Female",0.35,0.118428981794211
675,195,"6 Female",0.833333333333333,0.402089645306272
676,196,"6 Female",0.466666666666667,0.156708132509857
677,197,"6 Female",0.633333333333333,0.187108033488295
678,198,"6 Female",0.45,0.210494440792435
679,199,"6 Female",0.466666666666667,0.151203583094084
680,200,"6 Female",0.466666666666667,0.258708948725511
681,201,"6 Female",0.516666666666667,0.384363636282651
682,202,"6 Female",0.65,0.254701553501215
683,203,"6 Female",0.533333333333333,0.335697828433646
684,204,"6 Female",0.283333333333333,0.142796260903639
685,205,"6 Female",0.366666666666667,0.134388480360052
686,206,"6 Female",0.316666666666667,0.117631202542846
687,207,"6 Female",0.5,0.238284831697171
688,208,"6 Female",0.266666666666667,0.0946795566938496
689,209,"6 Female",0.316666666666667,0.10759745724703
690,210,"6 Female",0.366666666666667,0.116363609613077
691,211,"6 Female",0.166666666666667,0.0757883861333188
692,212,"6 Female",0.366666666666667,0.106210181416542
693,213,"6 Female",0.616666666666667,0.2493966353674
694,214,"6 Female",0.516666666666667,0.214570477098282
695,215,"6 Female",0.616666666666667,0.309995139989849
696,216,"6 Female",0.683333333333333,0.40371975699061
697,217,"6 Female",0.3,0.079901068772329
698,218,"6 Female",0.183333333333333,0.0557013153780045
699,219,"6 Female",0.35,0.100352486112336
700,220,"6 Female",0.616666666666667,0.197572366298201
701,221,"6 Female",0.25,0.0908994601986545
702,222,"6 Female",0.25,0.0844557183474389
703,223,"6 Female",0.266666666666667,0.10857751706871
704,224,"6 Female",0.233333333333333,0.0765302150981919
705,225,"6 Female",0.266666666666667,0.129899280119321
706,226,"6 Female",0.45,0.230970685644561
707,227,"6 Female",0.233333333333333,0.101865832516477
708,228,"6 Female",0.2,0.0619823193306327
709,229,"6 Female",0.366666666666667,0.140553117744578
710,230,"6 Female",0.2,0.0572436560519337
711,231,"6 Female",0.4,0.0863575539176746
712,232,"6 Female",0.383333333333333,0.148612541133975
713,233,"6 Female",0.483333333333333,0.126873901245787
714,234,"6 Female",0.416666666666667,0.178334521354087
715,235,"6 Female",0.35,0.118428981794211
716,236,"6 Female",0.583333333333333,0.234450513572696
717,237,"6 Female",0.266666666666667,0.0818799819864059
718,238,"6 Female",0.35,0.186894030217858
719,239,"6 Female",1.03333333333333,0.455950405338191
720,240,"6 Female",0.2,0.0572436560519337
721,241,"6 Female",0.266666666666667,0.0885114396726153
722,242,"6 Female",0.333333333333333,0.19552430840923
723,243,"6 Female",0.333333333333333,0.127262943836071
724,244,"6 Female",0.3,0.109699126273115
725,245,"6 Female",0.166666666666667,0.0719646282647288
726,246,"6 Female",0.3,0.092973478995949
727,247,"6 Female",0.35,0.113558267977231
728,248,"6 Female",0.366666666666667,0.121121563501341
729,249,"6 Female",0.65,0.317853855484447
730,250,"6 Female",0.983333333333333,0.534933158434273
731,251,"6 Female",0.7,0.232038375941577
732,252,"6 Female",0.6,0.342968101496433
733,253,"6 Female",0.283333333333333,0.123717526508367
734,254,"6 Female",0.5,0.215893884794186
735,255,"6 Female",0.366666666666667,0.179400550274504
736,256,"6 Female",0.0833333333333333,0.0359823141323644
737,257,"6 Female",0.333333333333333,0.097037084956597
738,258,"6 Female",0.116666666666667,0.0632976408494014
739,259,"6 Female",0.233333333333333,0.0931758154245921
740,260,"6 Female",0.916666666666667,0.407064499301201
741,261,"6 Female",0.283333333333333,0.181163325922036
742,262,"6 Female",0.2,0.108403931798522
743,263,"6 Female",0.283333333333333,0.156030684123179
744,264,"6 Female",0.2,0.0850390405524374
745,265,"6 Female",0.133333333333333,0.0502348533355298
746,266,"6 Female",0.0666666666666667,0.0402440764260071
747,267,"6 Female",0.433333333333333,0.243986045107412
748,268,"6 Female",0.3,0.139206792483148
749,269,"6 Female",0.516666666666667,0.257642140755413
750,270,"6 Female",0.316666666666667,0.190882083675166
751,271,"6 Female",0.15,0.0522110017196086
752,272,"6 Female",0.366666666666667,0.162895180790195
753,273,"6 Female",0.133333333333333,0.0604440567174891
754,274,"6 Female",0.25,0.115531197635611
755,275,"6 Female",0.316666666666667,0.104939225528941
756,276,"6 Female",0.283333333333333,0.114219697774502
757,277,"6 Female",0.233333333333333,0.0835871839805623
758,278,"6 Female",0.15,0.0573668933443097
759,279,"6 Female",0.2,0.0781133465884943
760,280,"6 Female",0.116666666666667,0.0417935919902812
761,281,"6 Female",0.3,0.0988635994663103
762,282,"6 Female",0.116666666666667,0.0480798927085172
763,283,"6 Female",0.566666666666667,0.286579936952421
764,284,"6 Female",0.366666666666667,0.150266555376715
765,285,"6 Female",0.383333333333333,0.163111806420004
766,286,"6 Female",0.1,0.0515302554975077
767,287,"6 Female",0.0833333333333333,0.0431242238391902
768,288,"6 Female",0.116666666666667,0.0480798927085172
769,289,"6 Female",0.166666666666667,0.0679259594696179
770,290,"6 Female",0.133333333333333,0.102142767778322
771,291,"6 Female",0.216666666666667,0.103856883999324
772,292,"6 Female",0.233333333333333,0.152875760396345
773,293,"6 Female",0.316666666666667,0.0935540167441474
774,294,"6 Female",0.133333333333333,0.0442557198363077
775,295,"6 Female",0.25,0.0737418002719261
776,296,"6 Female",0.233333333333333,0.0961597854170344
777,297,"6 Female",0.35,0.151871563340253
778,298,"6 Female",0.333333333333333,0.0878708176964146
779,299,"6 Female",0.366666666666667,0.10075047957062
780,300,"6 Female",0.5,0.107619333318669
781,301,"6 Female",0.416666666666667,0.0929481559724653
782,302,"6 Female",0.566666666666667,0.135226670276425
783,303,"6 Female",0.5,0.120028245263425
784,304,"6 Female",0.316666666666667,0.0994097457585979
785,305,"6 Female",0.5,0.126892454130473
786,306,"6 Female",0.25,0.0737418002719261
787,307,"6 Female",0.383333333333333,0.101100349171685
788,308,"6 Female",0.733333333333333,0.391914514680594
789,309,"6 Female",0.7,0.468378619359858
790,310,"6 Female",0.45,0.107422288295301
791,311,"6 Female",0.416666666666667,0.117149927278653
792,312,"6 Female",0.25,0.0737418002719261
793,313,"6 Female",0.5,0.153121937303627
794,314,"6 Female",0.616666666666667,0.161370659173793
795,315,"6 Female",0.45,0.110020542509166
796,316,"6 Female",0.233333333333333,0.0645132433593152
797,317,"6 Female",0.533333333333333,0.178611510164067
798,318,"6 Female",0.116666666666667,0.0480798927085172
799,319,"6 Female",0.316666666666667,0.0904841549529628
800,320,"6 Female",0.266666666666667,0.0852602087817441
801,321,"6 Female",0.216666666666667,0.0586653184231312
802,322,"6 Female",0.166666666666667,0.0590253544423353
803,323,"6 Female",0.25,0.0774778991632908
804,324,"6 Female",0.2,0.0781133465884943
805,325,"6 Female",0.383333333333333,0.114219697774502
806,326,"6 Female",0.183333333333333,0.0605607817506706
807,327,"6 Female",0.2,0.0744091604833827
808,328,"6 Female",0.233333333333333,0.0961597854170344
809,329,"6 Female",0.333333333333333,0.13162750615524
810,330,"6 Female",0.2,0.0914416859036619
811,331,"6 Female",0.2,0.0781133465884943
812,332,"6 Female",0.283333333333333,0.0755083213383604
813,333,"6 Female",0.216666666666667,0.0826525867360602
814,334,"6 Female",0.316666666666667,0.0873064175541487
815,335,"6 Female",0.4,0.212863182498235
816,336,"6 Female",0.2,0.0572436560519337
817,337,"6 Female",0.25,0.0844557183474389
818,338,"6 Female",0.45,0.214482691280106
819,339,"6 Female",0.716666666666667,0.375891908572558
820,340,"6 Female",0.333333333333333,0.113163714879587
821,341,"6 Female",0.266666666666667,0.0852602087817441
822,342,"6 Female",0.15,0.0573668933443097
823,343,"6 Female",0.133333333333333,0.0502348533355298
824,344,"6 Female",0.266666666666667,0.0916474042421904
825,345,"6 Female",0.316666666666667,0.0935540167441474
826,346,"6 Female",0.183333333333333,0.076990228548187
827,347,"6 Female",0.3,0.171895382715389
828,348,"6 Female",0.333333333333333,0.149701523503803
829,349,"6 Female",0.433333333333333,0.25530160148593
830,350,"6 Female",0.483333333333333,0.180225324547596
831,351,"6 Female",0.316666666666667,0.15854505618254
832,352,"6 Female",0.433333333333333,0.222170427108858
833,353,"6 Female",0.283333333333333,0.0982665194825995
834,354,"6 Female",0.55,0.135348472616236
835,355,"6 Female",0.25,0.0877367660276714
836,356,"6 Female",0.366666666666667,0.108837375877716
837,357,"6 Female",0.35,0.0945551583262473
838,358,"6 Female",0.466666666666667,0.187861390582427
839,359,"6 Female",0.2,0.0619823193306327
840,360,"6 Female",0.316666666666667,0.160316894279228
841,361,"6 Female",0.45,0.15842622906734
842,362,"6 Female",0.333333333333333,0.097037084956597
843,363,"6 Female",0.35,0.111042822706271
844,364,"6 Female",0.55,0.223512029024489
845,365,"6 Female",0.1,0.0390566732942472
846,366,"6 Female",0.316666666666667,0.0994097457585979
847,367,"6 Female",0.25,0.0810419435241375
848,368,"6 Female",0.216666666666667,0.0755083213383604
849,369,"6 Female",0.2,0.0850390405524374
850,370,"6 Female",0.266666666666667,0.113661870104406
851,371,"6 Female",0.2,0.0572436560519337
852,372,"6 Female",0.1,0.0457208429518309
853,373,"6 Female",0.333333333333333,0.0910288545135495
854,374,"6 Female",0.216666666666667,0.0826525867360602
855,375,"6 Female",0.283333333333333,0.0923383200431936
856,376,"6 Female",0.133333333333333,0.0555743847564201
857,377,"6 Female",0.166666666666667,0.0679259594696179
858,378,"6 Female",0.366666666666667,0.224195569724275
859,379,"6 Female",0.733333333333333,0.331804403163323
860,380,"6 Female",0.2,0.0663835797544615
861,381,"6 Female",0.166666666666667,0.0590253544423353
862,382,"6 Female",0.283333333333333,0.140804120595414
863,383,"6 Female",0.2,0.11097920607389
864,384,"6 Female",0.25,0.0908994601986545
865,385,"6 Female",0.233333333333333,0.0687526750036001
866,386,"6 Female",0.283333333333333,0.103856883999324
867,387,"6 Female",0.316666666666667,0.156753191637403
868,388,"6 Female",0.133333333333333,0.0502348533355298
869,389,"6 Female",0.233333333333333,0.0835871839805623
870,390,"6 Female",1.11666666666667,0.54828529145749
871,391,"6 Female",0.25,0.0810419435241375
872,392,"6 Female",0.433333333333333,0.195090398670678
873,393,"6 Female",0.0666666666666667,0.0402440764260071
874,394,"6 Female",0.25,0.102579719584606
875,395,"6 Female",0.0666666666666667,0.0402440764260071
876,396,"6 Female",0.116666666666667,0.0860024525555777
877,397,"6 Female",0.316666666666667,0.122339868050039
878,398,"6 Female",0.25,0.0877367660276714
879,399,"6 Female",0.3,0.128661075373961
880,400,"6 Female",0.333333333333333,0.191140890247666
881,401,"6 Female",0.266666666666667,0.113661870104406
882,402,"6 Female",0.566666666666667,0.292434421318914
883,403,"6 Female",0.433333333333333,0.301939742806826
884,404,"6 Female",0.15,0.0522110017196086
885,405,"6 Female",0.166666666666667,0.0862484476783804
886,406,"6 Female",0.416666666666667,0.224604695639253
887,407,"6 Female",0.216666666666667,0.121412744857927
888,408,"6 Female",0.0833333333333333,0.0359823141323644
889,409,"6 Female",0.166666666666667,0.054027962349425
890,410,"6 Female",0.216666666666667,0.0755083213383604
891,411,"6 Female",0.35,0.15372034186413
892,412,"6 Female",0.183333333333333,0.0605607817506706
893,413,"6 Female",0.266666666666667,0.116120594500043
894,414,"6 Female",0.35,0.192845185412349
895,415,"6 Female",0.316666666666667,0.160316894279228
896,416,"6 Female",0.3,0.150891887064616
897,417,"6 Female",0.25,0.0774778991632908
898,418,"6 Female",0.283333333333333,0.0791610910912017
899,419,"6 Female",0.433333333333333,0.193637010672215
900,420,"6 Female",0.816666666666667,0.476268254342195
901,421,"6 Female",0.25,0.0844557183474389
902,422,"6 Female",0.216666666666667,0.0860024525555777
903,423,"6 Female",0.783333333333333,0.555451496845944
904,424,"6 Female",0.366666666666667,0.188611738625329
905,425,"6 Female",0.366666666666667,0.146458506622041
906,426,"6 Female",0.466666666666667,0.183294808484381
907,427,"6 Female",0.45,0.15481901224873
908,428,"6 Female",0.433333333333333,0.25530160148593
909,429,"6 Female",0.333333333333333,0.105409255338946
910,430,"6 Female",0.383333333333333,0.10654212362001
911,431,"6 Female",0.25,0.0774778991632908
912,432,"6 Female",0.316666666666667,0.10221188435403
913,433,"6 Female",0.266666666666667,0.105943878829282
914,434,"6 Female",0.166666666666667,0.0636314719180355
915,435,"6 Female",0.366666666666667,0.0888300181698747
916,436,"6 Female",0.366666666666667,0.106210181416542
917,437,"6 Female",0.55,0.13110783934122
918,438,"6 Female",0.533333333333333,0.160272837054667
919,439,"6 Female",0.666666666666667,0.178927543752691
920,440,"6 Female",0.3,0.086684048669783
921,441,"6 Female",0.383333333333333,0.111719146113306
922,442,"6 Female",0.466666666666667,0.12902648671863
923,443,"6 Female",0.316666666666667,0.0840085638177854
924,444,"6 Female",0.233333333333333,0.0599748848879746
925,445,"6 Female",0.266666666666667,0.0783540662549286
926,446,"6 Female",0.266666666666667,0.0783540662549286
927,447,"6 Female",0.316666666666667,0.117631202542846
928,448,"6 Female",0.233333333333333,0.0645132433593152
929,449,"6 Female",0.233333333333333,0.0835871839805623
930,450,"6 Female",0.316666666666667,0.0935540167441474
931,451,"6 Female",0.366666666666667,0.127927121437351
932,452,"6 Female",0.283333333333333,0.142796260903639
933,453,"6 Female",0.566666666666667,0.213084247240019
934,454,"6 Female",0.416666666666667,0.117149927278653
935,455,"6 Female",0.383333333333333,0.169898052958963
936,456,"6 Female",0.333333333333333,0.105409255338946
937,457,"6 Female",1.05,0.733163180054461
938,458,"6 Female",0.433333333333333,0.135226670276425
939,459,"6 Female",0.833333333333333,0.412493223136708
940,460,"6 Female",0.433333333333333,0.128807364307371
941,461,"6 Female",0.666666666666667,0.236101417769341
942,462,"6 Female",0.3,0.104422003439217
943,463,"6 Female",0.3,0.101680789979462
944,464,"6 Female",0.283333333333333,0.125980149693358
945,465,"6 Female",0.416666666666667,0.107071090662904
946,466,"6 Female",0.316666666666667,0.0904841549529628
947,467,"6 Female",0.6,0.188960881373012
948,468,"6 Female",0.583333333333333,0.194981770358483
949,469,"6 Female",0.566666666666667,0.183140628049007
950,470,"6 Female",0.366666666666667,0.10075047957062
951,471,"6 Female",0.283333333333333,0.0716696228532331
952,472,"6 Female",0.4,0.092669146005933
953,473,"6 Female",0.366666666666667,0.132269769418683
954,474,"6 Female",0.85,0.298607881119482
955,475,"6 Female",0.333333333333333,0.0999057936672656
956,476,"6 Female",0.516666666666667,0.203766326047473
957,477,"6 Female",0.7,0.218236382494001
958,478,"6 Female",0.833333333333333,0.406283045881807
959,479,"6 Female",0.8,0.406028024971364
960,480,"6 Female",0.766666666666667,0.344748058885705
961,481,"6 Female",0.666666666666667,0.335866083975963
962,482,"6 Female",0.516666666666667,0.224856095433244
963,483,"6 Female",0.333333333333333,0.0845949694203154
964,484,"6 Female",0.266666666666667,0.0818799819864059
965,485,"6 Female",0.35,0.113558267977231
966,486,"6 Female",0.433333333333333,0.109870665277463
967,487,"6 Female",0.3,0.119556619685965
968,488,"6 Female",0.316666666666667,0.0873064175541487
969,489,"6 Female",0.483333333333333,0.12908120920079
970,490,"6 Female",0.283333333333333,0.0826525867360602
971,491,"6 Female",0.166666666666667,0.0590253544423353
972,492,"6 Female",0.516666666666667,0.160316894279228
973,493,"6 Female",0.5,0.273603284085091
974,494,"6 Female",0.333333333333333,0.133756390980245
975,495,"6 Female",0.783333333333333,0.328574791481311
976,496,"6 Female",0.333333333333333,0.102694397898321
977,497,"6 Female",0.6,0.156226693176989
978,498,"6 Female",0.466666666666667,0.107531802329548
979,499,"6 Female",0.55,0.102027469437275
980,500,"6 Female",0.6,0.159802137544658
981,501,"6 Female",0.633333333333333,0.204423768708059
982,502,"6 Female",0.583333333333333,0.150876285359868
983,503,"6 Female",0.5,0.107619333318669
984,504,"6 Female",0.35,0.0883783597000806
985,505,"6 Female",0.6,0.130622153146606
986,506,"6 Female",0.666666666666667,0.204008788260169
987,507,"6 Female",0.533333333333333,0.151203583094084
988,508,"6 Female",0.583333333333333,0.15996409672503
989,509,"6 Female",0.6,0.260594713146246
990,510,"6 Female",0.383333333333333,0.10654212362001
991,511,"6 Female",0.516666666666667,0.12908120920079
992,512,"6 Female",0.55,0.165404827807857
993,513,"6 Female",0.433333333333333,0.12205089858569
994,514,"6 Female",0.666666666666667,0.284899294990796
995,515,"6 Female",0.85,0.400441140924147
996,516,"6 Female",0.75,0.371760964450634
997,517,"6 Female",0.716666666666667,0.17481494116203
998,518,"6 Female",0.65,0.238669807131439
999,519,"6 Female",0.383333333333333,0.0923383200431936
1000,520,"6 Female",0.35,0.111042822706271
1001,521,"6 Female",0.766666666666667,0.451842847203249
1002,522,"6 Female",0.35,0.15
1003,523,"6 Female",0.633333333333333,0.169690090843043
1004,524,"6 Female",0.45,0.122185836049329
1005,525,"6 Female",0.466666666666667,0.170520417563488
1006,526,"6 Female",0.433333333333333,0.117330636846262
1007,527,"6 Female",0.783333333333333,0.290228496253667
1008,528,"6 Female",0.666666666666667,0.260015934612389
1009,529,"6 Female",0.466666666666667,0.193782839996768
1010,530,"6 Female",0.316666666666667,0.10221188435403
1011,531,"6 Female",0.233333333333333,0.0765302150981919
1012,532,"6 Female",0.266666666666667,0.0818799819864059
1013,533,"6 Female",0.833333333333333,0.49126072488209
1014,534,"6 Female",0.733333333333333,0.36581822742708
1015,535,"6 Female",0.65,0.256910149388375
1016,536,"6 Female",0.366666666666667,0.111402630756009
1017,537,"6 Female",0.233333333333333,0.0687526750036001
1018,538,"6 Female",0.183333333333333,0.0732292533110207
1019,539,"6 Female",0.25,0.0774778991632908
1020,540,"6 Female",0.15,0.0522110017196086
1021,541,"6 Female",0.383333333333333,0.13465097520037
1022,542,"6 Female",0.466666666666667,0.126818226306555
1023,543,"6 Female",0.383333333333333,0.111719146113306
1024,544,"6 Female",0.4,0.092669146005933
1025,545,"6 Female",0.383333333333333,0.0953485033957622
1026,546,"6 Female",0.366666666666667,0.144516858568633
1027,547,"6 Female",0.4,0.104151128784659
1028,548,"6 Female",0.483333333333333,0.167216606821771
1029,549,"6 Female",0.6,0.288381417237501
1030,550,"6 Female",0.75,0.34495967176069
1031,551,"6 Female",0.633333333333333,0.231632217086629
1032,552,"6 Female",0.316666666666667,0.0994097457585979
1033,553,"6 Female",0.283333333333333,0.10654212362001
1034,554,"6 Female",0.4,0.121664538329809
1035,555,"6 Female",0.4,0.11199273584191
1036,556,"6 Female",0.4,0.109441313634036
1037,557,"6 Female",0.333333333333333,0.0811870500745758
1038,558,"6 Female",0.316666666666667,0.0805758465255842
1039,559,"6 Female",0.516666666666667,0.110191581154999
1040,560,"6 Female",0.283333333333333,0.0892266417444186
1041,561,"6 Female",0.316666666666667,0.0692643616088188
1042,562,"6 Female",0.8,0.337655592927214
1043,563,"6 Female",0.433333333333333,0.0835871839805623
1044,564,"6 Female",0.383333333333333,0.116666666666667
1045,565,"6 Female",0.366666666666667,0.0855908895656999
1046,566,"6 Female",0.633333333333333,0.198819491517196
1047,567,"6 Female",0.416666666666667,0.0798716012925246
1048,568,"6 Female",0.433333333333333,0.0961597854170344
1049,569,"6 Female",0.416666666666667,0.0988397855193271
1050,570,"6 Female",0.516666666666667,0.165518645008876
1051,571,"6 Female",0.433333333333333,0.0931758154245921
1052,572,"6 Female",0.6,0.230695338017592
1053,573,"6 Female",0.516666666666667,0.10221188435403
1054,574,"6 Female",0.466666666666667,0.168855681144029
1055,575,"6 Female",0.516666666666667,0.124627505254311
1056,576,"6 Female",0.35,0.144239678125552
1057,577,"6 Female",0.933333333333333,0.403282202483478
1058,578,"6 Female",0.433333333333333,0.119714034658272
1059,579,"6 Female",0.533333333333333,0.153060430196384
1060,580,"6 Female",0.55,0.156633005158826
1061,581,"6 Female",0.783333333333333,0.240164334823638
1062,582,"6 Female",0.533333333333333,0.0993386795664396
1063,583,"6 Female",0.666666666666667,0.353087005063921
1064,584,"6 Female",0.583333333333333,0.239221508899494
1065,585,"6 Female",0.383333333333333,0.0923383200431936
1066,586,"6 Female",0.516666666666667,0.168897499532702
1067,587,"6 Female",0.416666666666667,0.0988397855193271
1068,588,"6 Female",0.483333333333333,0.133386288918926
1069,589,"6 Female",0.6,0.130622153146606
1070,590,"6 Female",0.683333333333333,0.207883695573083
1071,591,"6 Female",0.533333333333333,0.12902648671863
1072,592,"6 Female",0.85,0.387535309125774
1073,593,"6 Female",0.766666666666667,0.374593313687169
1074,594,"6 Female",0.366666666666667,0.0787137654659144
1075,595,"6 Female",1.03333333333333,0.592307880443444
1076,596,"6 Female",0.666666666666667,0.157068243591789
1077,597,"6 Female",0.566666666666667,0.141354757996631
1078,598,"6 Female",0.733333333333333,0.271911694982348
1079,599,"6 Female",0.816666666666667,0.327196330655964
1080,600,"6 Female",0.266666666666667,0.0707772293598504
1081,601,"6 Female",0.366666666666667,0.103516331489878
1082,602,"6 Female",0.633333333333333,0.125699549115477
1083,603,"6 Female",0.483333333333333,0.122339868050039
1084,604,"6 Female",0.516666666666667,0.115204722386991
1085,605,"6 Female",0.466666666666667,0.0934784988924133
1086,606,"6 Female",0.466666666666667,0.131197583919695
1087,607,"6 Female",0.4,0.0956689206214921
1088,608,"6 Female",0.566666666666667,0.13934201038048
1089,609,"6 Female",0.883333333333333,0.34122715288818
1090,610,"6 Female",1.11666666666667,0.683167955735542
1091,611,"6 Female",0.516666666666667,0.117631202542846
1092,612,"6 Female",0.666666666666667,0.236101417769341
1093,613,"6 Female",0.766666666666667,0.299119863987691
1094,614,"6 Female",0.416666666666667,0.0929481559724653
1095,615,"6 Female",0.566666666666667,0.145296631451356
1096,616,"6 Female",0.316666666666667,0.0732292533110207
1097,617,"6 Female",0.616666666666667,0.154209606174631
1098,618,"6 Female",0.883333333333333,0.260477252839292
1099,619,"6 Female",0.366666666666667,0.0750392238926453
1100,620,"6 Female",0.533333333333333,0.110127472792458
1101,621,"6 Female",1.93333333333333,0.828130651919028
1102,622,"6 Female",1.38333333333333,0.595696272410881
1103,623,"6 Female",0.933333333333333,0.468117196844089
1104,624,"6 Female",1.01666666666667,0.511169958947433
1105,625,"6 Female",0.75,0.246586870586742
1106,626,"6 Female",1.05,0.316607190370576
1107,627,"6 Female",0.666666666666667,0.19552430840923
1108,628,"6 Female",0.916666666666667,0.433935913065321
1109,629,"6 Female",0.533333333333333,0.175419862217092
1110,630,"6 Female",0.5,0.112746904200424
1111,631,"6 Female",0.616666666666667,0.16653949950814
1112,632,"6 Female",0.783333333333333,0.16653949950814
1113,633,"6 Female",0.466666666666667,0.119949769775949
1114,634,"6 Female",0.75,0.24886749134547
1115,635,"6 Female",0.616666666666667,0.109161329493891
1116,636,"6 Female",0.533333333333333,0.0964531052200567
1117,637,"6 Female",0.533333333333333,0.107531802329548
1118,638,"6 Female",0.45,0.0902757858682177
1119,639,"6 Female",0.583333333333333,0.121877188038691
1120,640,"6 Female",0.566666666666667,0.114897809340897
1121,641,"6 Female",0.933333333333333,0.420429338444923
1122,642,"6 Female",0.7,0.207623083092339
1123,643,"6 Female",0.483333333333333,0.0873064175541487
1124,644,"6 Female",0.516666666666667,0.110191581154999
1125,645,"6 Female",0.716666666666667,0.169898052958963
1126,646,"6 Female",0.616666666666667,0.111719146113306
1127,647,"6 Female",0.483333333333333,0.120008631202462
1128,648,"6 Female",0.533333333333333,0.0964531052200567
1129,649,"6 Female",0.616666666666667,0.111719146113306
1130,650,"6 Female",0.6,0.116928680759601
1131,651,"6 Female",0.65,0.100352486112336
1132,652,"6 Female",0.833333333333333,0.188911043344617
1133,653,"6 Female",0.7,0.194993843159358
1134,654,"6 Female",0.916666666666667,0.18147491564791
1135,655,"6 Female",0.75,0.188099324645793
1136,656,"6 Female",0.666666666666667,0.102694397898321
1137,657,"6 Female",0.65,0.105832721649551
1138,658,"6 Female",0.666666666666667,0.097037084956597
1139,659,"6 Female",0.75,0.115531197635611
1140,660,"6 Female",0.583333333333333,0.121877188038691
1141,661,"6 Female",0.7,0.124192305774389
1142,662,"6 Female",0.683333333333333,0.122339868050039
1143,663,"6 Female",0.916666666666667,0.207611744693887
1144,664,"6 Female",0.533333333333333,0.135435407221266
1145,665,"6 Female",0.7,0.165191209188686
1146,666,"6 Female",1.18333333333333,0.619591475882954
1147,667,"6 Female",0.733333333333333,0.174450981680861
1148,668,"6 Female",0.666666666666667,0.158856554464781
1149,669,"6 Female",0.583333333333333,0.0929481559724653
1150,670,"6 Female",0.566666666666667,0.149134350885153
1151,671,"6 Female",0.683333333333333,0.110191581154999
1152,672,"6 Female",0.483333333333333,0.117631202542846
1153,673,"6 Female",1.05,0.252025691453356
1154,674,"6 Female",1.01666666666667,0.313078090533541
1155,675,"6 Female",0.783333333333333,0.187296656843584
1156,676,"6 Female",0.933333333333333,0.191436240756428
1157,677,"6 Female",0.483333333333333,0.0840085638177854
1158,678,"6 Female",0.683333333333333,0.10759745724703
1159,679,"6 Female",0.616666666666667,0.10654212362001
1160,680,"6 Female",0.85,0.155547148010619
1161,681,"6 Female",0.683333333333333,0.165518645008876
1162,682,"6 Female",1.11666666666667,0.244824007660463
1163,683,"6 Female",0.766666666666667,0.229672656601101
1164,684,"6 Female",0.65,0.131966867952862
1165,685,"6 Female",0.616666666666667,0.119063356506204
1166,686,"6 Female",0.583333333333333,0.104399457394813
1167,687,"6 Female",0.65,0.127613912777813
1168,688,"6 Female",1.51666666666667,0.435365724995597
1169,689,"6 Female",0.85,0.352412989621888
1170,690,"6 Female",0.933333333333333,0.220254945584915
1171,691,"6 Female",0.766666666666667,0.145296631451356
1172,692,"6 Female",0.833333333333333,0.14490726952375
1173,693,"6 Female",1,0.264681879196785
1174,694,"6 Female",0.833333333333333,0.150642065888204
1175,695,"6 Female",0.783333333333333,0.156030684123179
1176,696,"6 Female",1,0.284237507116808
1177,697,"6 Female",0.65,0.0974969215796792
1178,698,"6 Female",0.933333333333333,0.134178114751783
1179,699,"6 Female",0.683333333333333,0.104939225528941
1180,700,"6 Female",1.06666666666667,0.386105183604191
1181,701,"6 Female",0.9,0.172551474347323
1182,702,"6 Female",0.483333333333333,0.0805758465255842
1183,703,"6 Female",0.566666666666667,0.0931758154245921
1184,704,"6 Female",0.733333333333333,0.116120594500043
1185,705,"6 Female",0.75,0.124929358570227
1186,706,"6 Female",0.816666666666667,0.209238148138753
1187,707,"6 Female",0.883333333333333,0.337062473602611
1188,708,"6 Female",0.633333333333333,0.0979065236963173
1189,709,"6 Female",0.966666666666667,0.204423768708059
1190,710,"6 Female",0.916666666666667,0.190585874392335
1191,711,"6 Female",0.683333333333333,0.115204722386991
1192,712,"6 Female",0.766666666666667,0.119714034658272
1193,713,"6 Female",0.916666666666667,0.166878396584772
1194,714,"6 Female",0.766666666666667,0.114897809340897
1195,715,"6 Female",0.783333333333333,0.0892266417444186
1196,716,"6 Female",0.8,0.151825055434296
1197,717,"6 Female",1.03333333333333,0.204423768708059
1198,718,"6 Female",1.43333333333333,0.245141106219599
1199,719,"6 Female",1.26666666666667,0.272948606187292
1200,720,"6 Female",1.13333333333333,0.168855681144029
1201,721,"6 Female",0.916666666666667,0.204872382306682
1202,722,"6 Female",0.7,0.139206792483148
1203,723,"6 Female",0.516666666666667,0.0840085638177854
1204,724,"6 Female",0.983333333333333,0.242970862295606
1205,725,"6 Female",0.666666666666667,0.158856554464781
1206,726,"6 Female",0.966666666666667,0.171346720662324
1207,727,"6 Female",0.9,0.165873820399077
1208,728,"6 Female",0.716666666666667,0.197572366298201
1209,729,"6 Female",1.08333333333333,0.392940290073554
1210,730,"6 Female",1.48333333333333,0.679602603498348
1211,731,"6 Female",0.85,0.321389110661792
1212,732,"6 Female",0.316666666666667,0.0935540167441474
1213,733,"6 Female",0.616666666666667,0.203211040375074
1214,734,"6 Female",0.85,0.301432549537876
1215,735,"6 Female",1.08333333333333,0.484384207281424
1216,736,"6 Female",0.483333333333333,0.183333333333333
1217,737,"6 Female",0.433333333333333,0.20634930982386
1218,738,"6 Female",0.9,0.636329517025014
1219,739,"6 Female",0.483333333333333,0.163803083286494
1220,740,"6 Female",0.25,0.0844557183474389
1221,741,"6 Female",0.15,0.0573668933443097
1222,742,"6 Female",0.183333333333333,0.065058281853003
1223,743,"6 Female",0.1,0.0567480306535024
1224,744,"6 Female",0.133333333333333,0.0731327508487431
1225,745,"6 Female",0.15,0.0620961528871945
1226,746,"6 Female",0.516666666666667,0.252100404474031
1227,747,"6 Female",0.3,0.19207460885612
1228,748,"6 Female",0.216666666666667,0.0953485033957622
1229,749,"6 Female",0.133333333333333,0.0691623271390712
1230,750,"6 Female",0.183333333333333,0.0965262959010479
1231,751,"6 Female",0.133333333333333,0.0649496400596606
1232,752,"6 Female",0.316666666666667,0.151250282096514
1233,753,"6 Female",0.1,0.0515302554975077
1234,754,"6 Female",0.3,0.135087333124248
1235,755,"6 Female",0.15,0.0817361056109965
1236,756,"6 Female",0.133333333333333,0.0839244571084116
1237,757,"6 Female",0.0666666666666667,0.0524359532211169
1238,758,"6 Female",0.0166666666666667,0.0166666666666667
1239,759,"6 Female",0,0
1240,760,"6 Female",0.15,0.105832721649551
1241,761,"6 Female",0.0166666666666667,0.0166666666666667
1242,762,"6 Female",0.1,0.0567480306535024
1243,763,"6 Female",0.05,0.0370142742354236
1244,764,"6 Female",0.1,0.0740285484708471
1245,765,"6 Female",0.15,0.0782037032949179
1246,766,"6 Female",0.0333333333333333,0.0233696247231033
1247,767,"6 Female",0.116666666666667,0.116666666666667
1248,768,"6 Female",0.2,0.123049757975597
1249,769,"6 Female",0,0
1250,770,"6 Female",0.133333333333333,0.133333333333333
1251,771,"6 Female",0.0166666666666667,0.0166666666666667
1252,772,"6 Female",0.0333333333333333,0.0233696247231033
1253,773,"6 Female",0.0666666666666667,0.0666666666666667
1254,774,"6 Female",0.25,0.188099324645793
1255,775,"6 Female",0.0333333333333333,0.0333333333333333
1256,776,"6 Female",0.1,0.0740285484708471
1257,777,"6 Female",0.0166666666666667,0.0166666666666667
1258,778,"6 Female",0.0666666666666667,0.0524359532211169
1259,779,"6 Female",0,0
1260,780,"6 Female",0.116666666666667,0.0716696228532331
1261,781,"6 Female",0.0333333333333333,0.0333333333333333
1262,782,"6 Female",0.0166666666666667,0.0166666666666667
1263,783,"6 Female",0,0
1264,784,"6 Female",0,0
1265,785,"6 Female",0.0166666666666667,0.0166666666666667
1266,786,"6 Female",0.0166666666666667,0.0166666666666667
1267,787,"6 Female",0,0
1268,788,"6 Female",0,0
1269,789,"6 Female",0,0
1270,790,"6 Female",0,0
1271,791,"6 Female",0,0
1272,792,"6 Female",0.0833333333333333,0.0833333333333333
1273,793,"6 Female",0.05,0.0370142742354236
1274,794,"6 Female",0.0333333333333333,0.0333333333333333
1275,795,"6 Female",0.0333333333333333,0.0333333333333333
1276,796,"6 Female",0.0166666666666667,0.0166666666666667
1277,797,"6 Female",0.1,0.1
1278,798,"6 Female",0.15,0.0974969215796792
1279,799,"6 Female",0.0666666666666667,0.0467392494462066
1280,800,"6 Female",0.0333333333333333,0.0333333333333333
1281,801,"6 Female",0.0166666666666667,0.0166666666666667
1282,802,"6 Female",0,0
1283,803,"6 Female",0.0333333333333333,0.0333333333333333
1284,804,"6 Female",0,0
1285,805,"6 Female",0.0833333333333333,0.0833333333333333
1286,806,"6 Female",0,0
1287,807,"6 Female",0,0
1288,808,"6 Female",0.0333333333333333,0.0333333333333333
1289,809,"6 Female",0,0
1290,810,"6 Female",0,0
1291,811,"6 Female",0,0
1292,812,"6 Female",0.0333333333333333,0.0333333333333333
1293,813,"6 Female",0.0166666666666667,0.0166666666666667
1294,814,"6 Female",0,0
1295,815,"6 Female",0,0
1296,816,"6 Female",0,0
1297,817,"6 Female",0,0
1298,818,"6 Female",0,0
1299,819,"6 Female",0,0
1300,820,"6 Female",0,0
1301,821,"6 Female",0.0833333333333333,0.0833333333333333
1302,822,"6 Female",0,0
1303,823,"6 Female",0,0
1304,824,"6 Female",0,0
1305,825,"6 Female",0,0
1306,826,"6 Female",0,0
1307,827,"6 Female",0,0
1308,828,"6 Female",0,0
1309,829,"6 Female",0,0
1310,830,"6 Female",0,0
1311,831,"6 Female",0.0333333333333333,0.0333333333333333
1312,832,"6 Female",0,0
1313,833,"6 Female",0,0
1314,834,"6 Female",0,0
1315,835,"6 Female",0,0
1316,836,"6 Female",0,0
1317,837,"6 Female",0,0
1318,838,"6 Female",0,0
1319,839,"6 Female",0,0
1320,840,"6 Female",0,0
1321,841,"6 Female",0,0
1322,842,"6 Female",0,0
1323,843,"6 Female",0,0
1324,844,"6 Female",0,0
1325,845,"6 Female",0,0
1326,846,"6 Female",0,0
1327,847,"6 Female",0,0
1328,848,"6 Female",0,0
1329,849,"6 Female",0,0
1330,850,"6 Female",0,0
1331,851,"6 Female",0,0
1332,852,"6 Female",0,0
1333,853,"6 Female",0,0
1334,854,"6 Female",0,0
1335,855,"6 Female",0,0
1336,856,"6 Female",0,0
1337,857,"6 Female",0,0
1338,858,"6 Female",0,0
1339,859,"6 Female",0.05,0.05
1340,860,"6 Female",0.0333333333333333,0.0333333333333333
1341,861,"6 Female",0.0166666666666667,0.0166666666666667
1342,862,"6 Female",0,0
1343,863,"6 Female",0,0
1344,864,"6 Female",0,0
1345,865,"6 Female",0.0166666666666667,0.0166666666666667
1346,866,"6 Female",0.0166666666666667,0.0166666666666667
1347,867,"6 Female",0,0
1348,868,"6 Female",0,0
1349,869,"6 Female",0,0
1350,870,"6 Female",0,0
1351,871,"6 Female",0,0
1352,872,"6 Female",0.0666666666666667,0.0666666666666667
1353,873,"6 Female",0,0
1354,874,"6 Female",0,0
1355,875,"6 Female",0,0
1356,876,"6 Female",0,0
1357,877,"6 Female",0,0
1358,878,"6 Female",0,0
1359,879,"6 Female",0,0
1360,880,"6 Female",0,0
1361,881,"6 Female",0,0
1362,882,"6 Female",0,0
1363,883,"6 Female",0,0
1364,884,"6 Female",0,0
1365,885,"6 Female",0,0
1366,886,"6 Female",0,0
1367,887,"6 Female",0,0
1368,888,"6 Female",0,0
1369,889,"6 Female",0,0
1370,890,"6 Female",0,0
1371,891,"6 Female",0,0
1372,892,"6 Female",0,0
1373,893,"6 Female",0,0
1374,894,"6 Female",0.0166666666666667,0.0166666666666667
1375,895,"6 Female",0,0
1376,896,"6 Female",0,0
1377,897,"6 Female",0.0166666666666667,0.0166666666666667
1378,898,"6 Female",0.0666666666666667,0.0666666666666667
1379,899,"6 Female",0,0
1380,900,"6 Female",0.0166666666666667,0.0166666666666667
1381,901,"6 Female",0.0166666666666667,0.0166666666666667
1382,902,"6 Female",0.0166666666666667,0.0166666666666667
1383,903,"6 Female",0.0166666666666667,0.0166666666666667
1384,904,"6 Female",0,0
1385,905,"6 Female",0,0
1386,906,"6 Female",0,0
1387,907,"6 Female",0,0
1388,908,"6 Female",0,0
1389,909,"6 Female",0.0166666666666667,0.0166666666666667
1390,910,"6 Female",0.0166666666666667,0.0166666666666667
1391,911,"6 Female",0.0166666666666667,0.0166666666666667
1392,912,"6 Female",0.0333333333333333,0.0333333333333333
1393,913,"6 Female",0,0
1394,914,"6 Female",0,0
1395,915,"6 Female",0,0
1396,916,"6 Female",0,0
1397,917,"6 Female",0,0
1398,918,"6 Female",0,0
1399,919,"6 Female",0,0
1400,920,"6 Female",0,0
1401,921,"6 Female",0,0
1402,922,"6 Female",0,0
1403,923,"6 Female",0,0
1404,924,"6 Female",0,0
1405,925,"6 Female",0,0
1406,926,"6 Female",0,0
1407,927,"6 Female",0,0
1408,928,"6 Female",0,0
1409,929,"6 Female",0,0
1410,930,"6 Female",0.0166666666666667,0.0166666666666667
1411,931,"6 Female",0,0
1412,932,"6 Female",0,0
1413,933,"6 Female",0,0
1414,934,"6 Female",0.0333333333333333,0.0333333333333333
1415,935,"6 Female",0.0666666666666667,0.0666666666666667
1416,936,"6 Female",0,0
1417,937,"6 Female",0,0
1418,938,"6 Female",0,0
1419,939,"6 Female",0.05,0.05
1420,940,"6 Female",0,0
1421,941,"6 Female",0.0166666666666667,0.0166666666666667
1422,942,"6 Female",0.0333333333333333,0.0333333333333333
1423,943,"6 Female",0.0333333333333333,0.0333333333333333
1424,944,"6 Female",0,0
1425,945,"6 Female",0,0
1426,946,"6 Female",0,0
1427,947,"6 Female",0,0
1428,948,"6 Female",0.1,0.1
1429,949,"6 Female",0,0
1430,950,"6 Female",0,0
1431,951,"6 Female",0.0166666666666667,0.0166666666666667
1432,952,"6 Female",0,0
1433,953,"6 Female",0,0
1434,954,"6 Female",0,0
1435,955,"6 Female",0,0
1436,956,"6 Female",0,0
1437,957,"6 Female",0,0
1438,958,"6 Female",0,0
1439,959,"6 Female",0,0
0,960,"3 Female",0,0
1,961,"3 Female",0,0
2,962,"3 Female",0,0
3,963,"3 Female",0,0
4,964,"3 Female",0,0
5,965,"3 Female",0.0222222222222222,0.0222222222222222
6,966,"3 Female",0,0
7,967,"3 Female",0.155555555555556,0.155555555555556
8,968,"3 Female",0.244444444444444,0.244444444444444
9,969,"3 Female",0.111111111111111,0.111111111111111
10,970,"3 Female",0,0
11,971,"3 Female",0,0
12,972,"3 Female",0.0444444444444444,0.0444444444444444
13,973,"3 Female",0.0888888888888889,0.0888888888888889
14,974,"3 Female",0.155555555555556,0.118728769736688
15,975,"3 Female",0.0444444444444444,0.0310677909075347
16,976,"3 Female",0.0444444444444444,0.0310677909075347
17,977,"3 Female",0,0
18,978,"3 Female",0,0
19,979,"3 Female",0,0
20,980,"3 Female",0,0
21,981,"3 Female",0,0
22,982,"3 Female",0,0
23,983,"3 Female",0,0
24,984,"3 Female",0,0
25,985,"3 Female",0,0
26,986,"3 Female",0,0
27,987,"3 Female",0,0
28,988,"3 Female",0,0
29,989,"3 Female",0,0
30,990,"3 Female",0,0
31,991,"3 Female",0,0
32,992,"3 Female",0.288888888888889,0.151164577588125
33,993,"3 Female",0.0222222222222222,0.0222222222222222
34,994,"3 Female",0,0
35,995,"3 Female",0.0444444444444444,0.0444444444444444
36,996,"3 Female",0,0
37,997,"3 Female",0.0444444444444444,0.0444444444444444
38,998,"3 Female",0,0
39,999,"3 Female",0,0
40,1000,"3 Female",0,0
41,1001,"3 Female",0,0
42,1002,"3 Female",0,0
43,1003,"3 Female",0.0222222222222222,0.0222222222222222
44,1004,"3 Female",0,0
45,1005,"3 Female",0.0222222222222222,0.0222222222222222
46,1006,"3 Female",0,0
47,1007,"3 Female",0.0222222222222222,0.0222222222222222
48,1008,"3 Female",0,0
49,1009,"3 Female",0.0666666666666667,0.0666666666666667
50,1010,"3 Female",0,0
51,1011,"3 Female",0.111111111111111,0.111111111111111
52,1012,"3 Female",0.111111111111111,0.0726290020696871
53,1013,"3 Female",0.0444444444444444,0.0310677909075347
54,1014,"3 Female",0.0222222222222222,0.0222222222222222
55,1015,"3 Female",0,0
56,1016,"3 Female",0.0222222222222222,0.0222222222222222
57,1017,"3 Female",0,0
58,1018,"3 Female",0,0
59,1019,"3 Female",0.0222222222222222,0.0222222222222222
60,1020,"3 Female",0,0
61,1021,"3 Female",0,0
62,1022,"3 Female",0,0
63,1023,"3 Female",0.0222222222222222,0.0222222222222222
64,1024,"3 Female",0,0
65,1025,"3 Female",0,0
66,1026,"3 Female",0,0
67,1027,"3 Female",0,0
68,1028,"3 Female",0,0
69,1029,"3 Female",0,0
70,1030,"3 Female",0.0222222222222222,0.0222222222222222
71,1031,"3 Female",0.4,0.4
72,1032,"3 Female",0.111111111111111,0.0911332813627471
73,1033,"3 Female",0,0
74,1034,"3 Female",0,0
75,1035,"3 Female",0,0
76,1036,"3 Female",0.0444444444444444,0.0444444444444444
77,1037,"3 Female",0,0
78,1038,"3 Female",0,0
79,1039,"3 Female",0,0
80,1040,"3 Female",0.0666666666666667,0.0666666666666667
81,1041,"3 Female",0,0
82,1042,"3 Female",0,0
83,1043,"3 Female",0,0
84,1044,"3 Female",0,0
85,1045,"3 Female",0.0222222222222222,0.0222222222222222
86,1046,"3 Female",0,0
87,1047,"3 Female",0,0
88,1048,"3 Female",0,0
89,1049,"3 Female",0,0
90,1050,"3 Female",0.0444444444444444,0.0444444444444444
91,1051,"3 Female",0,0
92,1052,"3 Female",0,0
93,1053,"3 Female",0,0
94,1054,"3 Female",0.0666666666666667,0.0666666666666667
95,1055,"3 Female",0.0444444444444444,0.0444444444444444
96,1056,"3 Female",0.0444444444444444,0.0444444444444444
97,1057,"3 Female",0,0
98,1058,"3 Female",0,0
99,1059,"3 Female",0.0444444444444444,0.0310677909075347
100,1060,"3 Female",0.0444444444444444,0.0444444444444444
101,1061,"3 Female",0.288888888888889,0.288888888888889
102,1062,"3 Female",0,0
103,1063,"3 Female",0,0
104,1064,"3 Female",0,0
105,1065,"3 Female",0,0
106,1066,"3 Female",0.0666666666666667,0.0666666666666667
107,1067,"3 Female",0.0444444444444444,0.0444444444444444
108,1068,"3 Female",0,0
109,1069,"3 Female",0,0
110,1070,"3 Female",0,0
111,1071,"3 Female",0,0
112,1072,"3 Female",0,0
113,1073,"3 Female",0,0
114,1074,"3 Female",0.111111111111111,0.111111111111111
115,1075,"3 Female",0,0
116,1076,"3 Female",0.155555555555556,0.155555555555556
117,1077,"3 Female",0.0888888888888889,0.0697920592732311
118,1078,"3 Female",0.244444444444444,0.171610186517942
119,1079,"3 Female",0.0666666666666667,0.0666666666666667
120,1080,"3 Female",0.111111111111111,0.111111111111111
121,1081,"3 Female",0,0
122,1082,"3 Female",0,0
123,1083,"3 Female",0.0222222222222222,0.0222222222222222
124,1084,"3 Female",0,0
125,1085,"3 Female",0,0
126,1086,"3 Female",0,0
127,1087,"3 Female",0,0
128,1088,"3 Female",0,0
129,1089,"3 Female",0,0
130,1090,"3 Female",0.0666666666666667,0.0492365963917331
131,1091,"3 Female",0.0888888888888889,0.0888888888888889
132,1092,"3 Female",0.133333333333333,0.133333333333333
133,1093,"3 Female",0.244444444444444,0.188442729170772
134,1094,"3 Female",0,0
135,1095,"3 Female",0,0
136,1096,"3 Female",0.0666666666666667,0.0492365963917331
137,1097,"3 Female",0.0666666666666667,0.0666666666666667
138,1098,"3 Female",0.0666666666666667,0.0666666666666667
139,1099,"3 Female",0,0
140,1100,"3 Female",0,0
141,1101,"3 Female",0.0666666666666667,0.0666666666666667
142,1102,"3 Female",0.0222222222222222,0.0222222222222222
143,1103,"3 Female",0.0444444444444444,0.0444444444444444
144,1104,"3 Female",0.0888888888888889,0.0888888888888889
145,1105,"3 Female",0,0
146,1106,"3 Female",0,0
147,1107,"3 Female",0,0
148,1108,"3 Female",0.0222222222222222,0.0222222222222222
149,1109,"3 Female",0.111111111111111,0.0792784520014084
150,1110,"3 Female",0,0
151,1111,"3 Female",0.0888888888888889,0.0697920592732311
152,1112,"3 Female",0.0666666666666667,0.0492365963917331
153,1113,"3 Female",0.0888888888888889,0.0697920592732311
154,1114,"3 Female",0.111111111111111,0.0792784520014084
155,1115,"3 Female",0.0444444444444444,0.0444444444444444
156,1116,"3 Female",0.0666666666666667,0.0666666666666667
157,1117,"3 Female",0.0888888888888889,0.0888888888888889
158,1118,"3 Female",0.177777777777778,0.177777777777778
159,1119,"3 Female",0.133333333333333,0.112815214963553
160,1120,"3 Female",0.177777777777778,0.111413729314146
161,1121,"3 Female",0.133333333333333,0.0984731927834662
162,1122,"3 Female",0.2,0.17865942997556
163,1123,"3 Female",0.0666666666666667,0.0666666666666667
164,1124,"3 Female",0.0444444444444444,0.0444444444444444
165,1125,"3 Female",0.0888888888888889,0.0621355818150695
166,1126,"3 Female",0.244444444444444,0.244444444444444
167,1127,"3 Female",0.0888888888888889,0.0621355818150695
168,1128,"3 Female",0.0222222222222222,0.0222222222222222
169,1129,"3 Female",0.0222222222222222,0.0222222222222222
170,1130,"3 Female",0,0
171,1131,"3 Female",0.177777777777778,0.128270897401124
172,1132,"3 Female",0,0
173,1133,"3 Female",0,0
174,1134,"3 Female",0.0222222222222222,0.0222222222222222
175,1135,"3 Female",0,0
176,1136,"3 Female",0,0
177,1137,"3 Female",0,0
178,1138,"3 Female",0.0666666666666667,0.0666666666666667
179,1139,"3 Female",0.0222222222222222,0.0222222222222222
180,1140,"3 Female",0,0
181,1141,"3 Female",0.2,0.2
182,1142,"3 Female",0.0222222222222222,0.0222222222222222
183,1143,"3 Female",0,0
184,1144,"3 Female",0.133333333333333,0.0984731927834662
185,1145,"3 Female",0.0888888888888889,0.0697920592732311
186,1146,"3 Female",0,0
187,1147,"3 Female",0.0444444444444444,0.0444444444444444
188,1148,"3 Female",0,0
189,1149,"3 Female",0.2,0.147709789175199
190,1150,"3 Female",0.0222222222222222,0.0222222222222222
191,1151,"3 Female",0,0
192,1152,"3 Female",0.0444444444444444,0.0444444444444444
193,1153,"3 Female",0.0444444444444444,0.0444444444444444
194,1154,"3 Female",0.266666666666667,0.266666666666667
195,1155,"3 Female",0,0
196,1156,"3 Female",0,0
197,1157,"3 Female",0.0222222222222222,0.0222222222222222
198,1158,"3 Female",0,0
199,1159,"3 Female",0,0
200,1160,"3 Female",0,0
201,1161,"3 Female",0,0
202,1162,"3 Female",0,0
203,1163,"3 Female",0,0
204,1164,"3 Female",0,0
205,1165,"3 Female",0,0
206,1166,"3 Female",0,0
207,1167,"3 Female",0,0
208,1168,"3 Female",0,0
209,1169,"3 Female",0,0
210,1170,"3 Female",0,0
211,1171,"3 Female",0,0
212,1172,"3 Female",0,0
213,1173,"3 Female",0,0
214,1174,"3 Female",0,0
215,1175,"3 Female",0,0
216,1176,"3 Female",0,0
217,1177,"3 Female",0,0
218,1178,"3 Female",0,0
219,1179,"3 Female",0,0
220,1180,"3 Female",0,0
221,1181,"3 Female",0,0
222,1182,"3 Female",0,0
223,1183,"3 Female",0,0
224,1184,"3 Female",0.244444444444444,0.244444444444444
225,1185,"3 Female",0.0444444444444444,0.0444444444444444
226,1186,"3 Female",0,0
227,1187,"3 Female",0,0
228,1188,"3 Female",0,0
229,1189,"3 Female",0,0
230,1190,"3 Female",0,0
231,1191,"3 Female",0,0
232,1192,"3 Female",0,0
233,1193,"3 Female",0,0
234,1194,"3 Female",0,0
235,1195,"3 Female",0,0
236,1196,"3 Female",0,0
237,1197,"3 Female",0,0
238,1198,"3 Female",0,0
239,1199,"3 Female",0,0
240,1200,"3 Female",0,0
241,1201,"3 Female",0,0
242,1202,"3 Female",0,0
243,1203,"3 Female",0,0
244,1204,"3 Female",0,0
245,1205,"3 Female",0,0
246,1206,"3 Female",0,0
247,1207,"3 Female",0,0
248,1208,"3 Female",0,0
249,1209,"3 Female",0,0
250,1210,"3 Female",0,0
251,1211,"3 Female",0,0
252,1212,"3 Female",0,0
253,1213,"3 Female",0,0
254,1214,"3 Female",0,0
255,1215,"3 Female",0,0
256,1216,"3 Female",0,0
257,1217,"3 Female",0,0
258,1218,"3 Female",0,0
259,1219,"3 Female",0,0
260,1220,"3 Female",0,0
261,1221,"3 Female",0,0
262,1222,"3 Female",0,0
263,1223,"3 Female",0,0
264,1224,"3 Female",0,0
265,1225,"3 Female",0,0
266,1226,"3 Female",0,0
267,1227,"3 Female",0,0
268,1228,"3 Female",0,0
269,1229,"3 Female",0,0
270,1230,"3 Female",0,0
271,1231,"3 Female",0,0
272,1232,"3 Female",0,0
273,1233,"3 Female",0,0
274,1234,"3 Female",0,0
275,1235,"3 Female",0,0
276,1236,"3 Female",0,0
277,1237,"3 Female",0,0
278,1238,"3 Female",0,0
279,1239,"3 Female",0,0
280,1240,"3 Female",0,0
281,1241,"3 Female",0,0
282,1242,"3 Female",0,0
283,1243,"3 Female",0,0
284,1244,"3 Female",0,0
285,1245,"3 Female",0,0
286,1246,"3 Female",0,0
287,1247,"3 Female",0,0
288,1248,"3 Female",0,0
289,1249,"3 Female",0,0
290,1250,"3 Female",0,0
291,1251,"3 Female",0,0
292,1252,"3 Female",0,0
293,1253,"3 Female",0,0
294,1254,"3 Female",0,0
295,1255,"3 Female",0,0
296,1256,"3 Female",0,0
297,1257,"3 Female",0,0
298,1258,"3 Female",0,0
299,1259,"3 Female",0,0
300,1260,"3 Female",0.111111111111111,0.111111111111111
301,1261,"3 Female",0.0222222222222222,0.0222222222222222
302,1262,"3 Female",0,0
303,1263,"3 Female",0,0
304,1264,"3 Female",0,0
305,1265,"3 Female",0,0
306,1266,"3 Female",0.244444444444444,0.203890333851154
307,1267,"3 Female",0.266666666666667,0.266666666666667
308,1268,"3 Female",0.155555555555556,0.10989230520371
309,1269,"3 Female",0.0444444444444444,0.0444444444444444
310,1270,"3 Female",0,0
311,1271,"3 Female",0,0
312,1272,"3 Female",0.0222222222222222,0.0222222222222222
313,1273,"3 Female",0,0
314,1274,"3 Female",0.0666666666666667,0.0666666666666667
315,1275,"3 Female",0.0222222222222222,0.0222222222222222
316,1276,"3 Female",0,0
317,1277,"3 Female",0.111111111111111,0.111111111111111
318,1278,"3 Female",0,0
319,1279,"3 Female",0.0888888888888889,0.0621355818150695
320,1280,"3 Female",0.0666666666666667,0.0492365963917331
321,1281,"3 Female",0.133333333333333,0.0984731927834662
322,1282,"3 Female",0.0222222222222222,0.0222222222222222
323,1283,"3 Female",0.155555555555556,0.155555555555556
324,1284,"3 Female",0.222222222222222,0.222222222222222
325,1285,"3 Female",0.111111111111111,0.0911332813627471
326,1286,"3 Female",0,0
327,1287,"3 Female",0.133333333333333,0.112815214963553
328,1288,"3 Female",0,0
329,1289,"3 Female",0.288888888888889,0.202564922183517
330,1290,"3 Female",0.133333333333333,0.133333333333333
331,1291,"3 Female",0,0
332,1292,"3 Female",0,0
333,1293,"3 Female",0.0666666666666667,0.0492365963917331
334,1294,"3 Female",0,0
335,1295,"3 Female",0.111111111111111,0.0792784520014084
336,1296,"3 Female",0.0444444444444444,0.0444444444444444
337,1297,"3 Female",0.0444444444444444,0.0444444444444444
338,1298,"3 Female",0.0888888888888889,0.0888888888888889
339,1299,"3 Female",0.0444444444444444,0.0444444444444444
340,1300,"3 Female",0.0666666666666667,0.0492365963917331
341,1301,"3 Female",0.111111111111111,0.0792784520014084
342,1302,"3 Female",0.0666666666666667,0.0492365963917331
343,1303,"3 Female",0.2,0.14070529413629
344,1304,"3 Female",0,0
345,1305,"3 Female",0.288888888888889,0.247456193903557
346,1306,"3 Female",0,0
347,1307,"3 Female",0,0
348,1308,"3 Female",0.4,0.281410588272579
349,1309,"3 Female",0.0444444444444444,0.0444444444444444
350,1310,"3 Female",0.133333333333333,0.133333333333333
351,1311,"3 Female",0.133333333333333,0.133333333333333
352,1312,"3 Female",0.0222222222222222,0.0222222222222222
353,1313,"3 Female",0.111111111111111,0.111111111111111
354,1314,"3 Female",0.133333333333333,0.0984731927834662
355,1315,"3 Female",0.0666666666666667,0.0666666666666667
356,1316,"3 Female",0.0666666666666667,0.0666666666666667
357,1317,"3 Female",0,0
358,1318,"3 Female",0.111111111111111,0.0911332813627471
359,1319,"3 Female",0.2,0.160806050441474
360,1320,"3 Female",0,0
361,1321,"3 Female",0.0222222222222222,0.0222222222222222
362,1322,"3 Female",0,0
363,1323,"3 Female",0.0888888888888889,0.0888888888888889
364,1324,"3 Female",0.0888888888888889,0.0888888888888889
365,1325,"3 Female",0.133333333333333,0.133333333333333
366,1326,"3 Female",0.0666666666666667,0.0666666666666667
367,1327,"3 Female",0.0444444444444444,0.0310677909075347
368,1328,"3 Female",0.133333333333333,0.133333333333333
369,1329,"3 Female",0.0888888888888889,0.0621355818150695
370,1330,"3 Female",0.0222222222222222,0.0222222222222222
371,1331,"3 Female",0,0
372,1332,"3 Female",0.0888888888888889,0.0697920592732311
373,1333,"3 Female",0.0222222222222222,0.0222222222222222
374,1334,"3 Female",0.177777777777778,0.177777777777778
375,1335,"3 Female",0.555555555555556,0.439875505293403
376,1336,"3 Female",0.533333333333333,0.533333333333333
377,1337,"3 Female",0.622222222222222,0.599906464838006
378,1338,"3 Female",0.155555555555556,0.10989230520371
379,1339,"3 Female",0,0
380,1340,"3 Female",0,0
381,1341,"3 Female",0.0222222222222222,0.0222222222222222
382,1342,"3 Female",0,0
383,1343,"3 Female",0.333333333333333,0.291287632501768
384,1344,"3 Female",0,0
385,1345,"3 Female",0.0444444444444444,0.0444444444444444
386,1346,"3 Female",0.111111111111111,0.0726290020696871
387,1347,"3 Female",0.666666666666667,0.436931448752651
388,1348,"3 Female",0.644444444444444,0.452998489924965
389,1349,"3 Female",0.355555555555556,0.250566137875923
390,1350,"3 Female",0.0444444444444444,0.0444444444444444
391,1351,"3 Female",0.0888888888888889,0.0621355818150695
392,1352,"3 Female",0.0222222222222222,0.0222222222222222
393,1353,"3 Female",0,0
394,1354,"3 Female",0,0
395,1355,"3 Female",0,0
396,1356,"3 Female",0,0
397,1357,"3 Female",0.0444444444444444,0.0444444444444444
398,1358,"3 Female",0,0
399,1359,"3 Female",0,0
400,1360,"3 Female",0,0
401,1361,"3 Female",0.0222222222222222,0.0222222222222222
402,1362,"3 Female",0.0444444444444444,0.0444444444444444
403,1363,"3 Female",0.0888888888888889,0.0888888888888889
404,1364,"3 Female",0.222222222222222,0.222222222222222
405,1365,"3 Female",0.355555555555556,0.355555555555556
406,1366,"3 Female",0.177777777777778,0.177777777777778
407,1367,"3 Female",0.0888888888888889,0.0888888888888889
408,1368,"3 Female",0,0
409,1369,"3 Female",0.266666666666667,0.225630429927106
410,1370,"3 Female",0,0
411,1371,"3 Female",0.311111111111111,0.226573559803973
412,1372,"3 Female",0.0888888888888889,0.0621355818150695
413,1373,"3 Female",0.0888888888888889,0.0697920592732311
414,1374,"3 Female",0.0444444444444444,0.0444444444444444
415,1375,"3 Female",0.0666666666666667,0.0666666666666667
416,1376,"3 Female",0,0
417,1377,"3 Female",0.111111111111111,0.0911332813627471
418,1378,"3 Female",0.0222222222222222,0.0222222222222222
419,1379,"3 Female",0.0888888888888889,0.0888888888888889
420,1380,"3 Female",0,0
421,1381,"3 Female",0.155555555555556,0.118728769736688
422,1382,"3 Female",0,0
423,1383,"3 Female",0.0222222222222222,0.0222222222222222
424,1384,"3 Female",0.0222222222222222,0.0222222222222222
425,1385,"3 Female",0,0
426,1386,"3 Female",0,0
427,1387,"3 Female",0.0222222222222222,0.0222222222222222
428,1388,"3 Female",0,0
429,1389,"3 Female",0,0
430,1390,"3 Female",0.0666666666666667,0.0666666666666667
431,1391,"3 Female",0.0222222222222222,0.0222222222222222
432,1392,"3 Female",0,0
433,1393,"3 Female",0,0
434,1394,"3 Female",0.155555555555556,0.118728769736688
435,1395,"3 Female",0.133333333333333,0.0816496580927726
436,1396,"3 Female",0.133333333333333,0.0984731927834662
437,1397,"3 Female",0,0
438,1398,"3 Female",0,0
439,1399,"3 Female",0,0
440,1400,"3 Female",0,0
441,1401,"3 Female",0,0
442,1402,"3 Female",0.155555555555556,0.155555555555556
443,1403,"3 Female",0,0
444,1404,"3 Female",0.155555555555556,0.155555555555556
445,1405,"3 Female",0.0444444444444444,0.0444444444444444
446,1406,"3 Female",0.111111111111111,0.111111111111111
447,1407,"3 Female",0.311111111111111,0.237457539473376
448,1408,"3 Female",0,0
449,1409,"3 Female",0.0888888888888889,0.0697920592732311
450,1410,"3 Female",0,0
451,1411,"3 Female",0.0444444444444444,0.0444444444444444
452,1412,"3 Female",0,0
453,1413,"3 Female",0,0
454,1414,"3 Female",0.0222222222222222,0.0222222222222222
455,1415,"3 Female",0.0888888888888889,0.0888888888888889
456,1416,"3 Female",0.155555555555556,0.0951105446976432
457,1417,"3 Female",0.111111111111111,0.0792784520014084
458,1418,"3 Female",0.0888888888888889,0.0888888888888889
459,1419,"3 Female",0.2,0.12552918289217
460,1420,"3 Female",0.333333333333333,0.152421531393446
461,1421,"3 Female",0.111111111111111,0.111111111111111
462,1422,"3 Female",0,0
463,1423,"3 Female",0,0
464,1424,"3 Female",0.0888888888888889,0.0888888888888889
465,1425,"3 Female",0,0
466,1426,"3 Female",0.0444444444444444,0.0444444444444444
467,1427,"3 Female",0.244444444444444,0.244444444444444
468,1428,"3 Female",0.2,0.129490064358918
469,1429,"3 Female",0,0
470,1430,"3 Female",0.0666666666666667,0.0492365963917331
471,1431,"3 Female",0,0
472,1432,"3 Female",0.0666666666666667,0.0666666666666667
473,1433,"3 Female",0.2,0.160806050441474
474,1434,"3 Female",0.155555555555556,0.10989230520371
475,1435,"3 Female",0.177777777777778,0.124271163630139
476,1436,"3 Female",0.133333333333333,0.0984731927834662
477,1437,"3 Female",0.688888888888889,0.297841090811832
478,1438,"3 Female",0.844444444444444,0.284188647609038
479,1439,"3 Female",0.422222222222222,0.116726776241816
480,0,"3 Female",0.533333333333333,0.154396838822509
481,1,"3 Female",0.444444444444444,0.108038318845422
482,2,"3 Female",0.511111111111111,0.112914655454401
483,3,"3 Female",0.511111111111111,0.103583383784196
484,4,"3 Female",0.688888888888889,0.192857885140407
485,5,"3 Female",0.488888888888889,0.108349519640306
486,6,"3 Female",0.644444444444444,0.149597289567745
487,7,"3 Female",1.37777777777778,0.479150014349789
488,8,"3 Female",1.04444444444444,0.312945529767676
489,9,"3 Female",1,0.179786629990198
490,10,"3 Female",0.933333333333333,0.21649177090293
491,11,"3 Female",0.622222222222222,0.166025703525692
492,12,"3 Female",0.755555555555556,0.142685482883907
493,13,"3 Female",0.822222222222222,0.234173571318217
494,14,"3 Female",0.888888888888889,0.220701869896886
495,15,"3 Female",0.866666666666667,0.163916707106649
496,16,"3 Female",0.755555555555556,0.159404052885486
497,17,"3 Female",0.844444444444444,0.158769114988711
498,18,"3 Female",1.24444444444444,0.434794222262305
499,19,"3 Female",0.8,0.219273363819704
500,20,"3 Female",0.688888888888889,0.130353916929298
501,21,"3 Female",0.844444444444444,0.168041467812566
502,22,"3 Female",0.866666666666667,0.163916707106649
503,23,"3 Female",0.8,0.189630155723176
504,24,"3 Female",1.11111111111111,0.183187882307938
505,25,"3 Female",0.844444444444444,0.141975796612639
506,26,"3 Female",0.955555555555556,0.187905939169864
507,27,"3 Female",0.733333333333333,0.153741222957161
508,28,"3 Female",0.911111111111111,0.247864051655852
509,29,"3 Female",1.17777777777778,0.234173571318217
510,30,"3 Female",0.911111111111111,0.182081739393127
511,31,"3 Female",0.422222222222222,0.107726219053696
512,32,"3 Female",0.866666666666667,0.166969421987344
513,33,"3 Female",0.511111111111111,0.0933237128278877
514,34,"3 Female",0.822222222222222,0.143156652519168
515,35,"3 Female",1.08888888888889,0.307847237175499
516,36,"3 Female",0.866666666666667,0.281769301723838
517,37,"3 Female",1.13333333333333,0.49195548784438
518,38,"3 Female",1.31111111111111,0.752653368526149
519,39,"3 Female",0.888888888888889,0.270095797113554
520,40,"3 Female",1.26666666666667,0.508910501944987
521,41,"3 Female",1.53333333333333,0.483672817035849
522,42,"3 Female",0.666666666666667,0.14213381090374
523,43,"3 Female",0.777777777777778,0.176637758895329
524,44,"3 Female",0.8,0.204988297276215
525,45,"3 Female",1.48888888888889,0.723084178721535
526,46,"3 Female",0.977777777777778,0.313805075070962
527,47,"3 Female",0.6,0.132573593055923
528,48,"3 Female",0.533333333333333,0.103474976236145
529,49,"3 Female",1.62222222222222,0.775436591842669
530,50,"3 Female",1.53333333333333,0.69019101440372
531,51,"3 Female",0.488888888888889,0.112914655454401
532,52,"3 Female",1.6,0.630375869917097
533,53,"3 Female",0.644444444444444,0.131639067132484
534,54,"3 Female",0.733333333333333,0.153741222957161
535,55,"3 Female",0.6,0.139985569241831
536,56,"3 Female",0.288888888888889,0.0817869999191804
537,57,"3 Female",0.577777777777778,0.160456699495593
538,58,"3 Female",0.6,0.293704998702144
539,59,"3 Female",0.622222222222222,0.246774933014952
540,60,"3 Female",1,0.429940094488156
541,61,"3 Female",0.644444444444444,0.183003989456861
542,62,"3 Female",0.933333333333333,0.274137766736937
543,63,"3 Female",0.8,0.349024614917318
544,64,"3 Female",0.733333333333333,0.163299316185545
545,65,"3 Female",0.511111111111111,0.121531565597536
546,66,"3 Female",0.711111111111111,0.18428738597231
547,67,"3 Female",0.355555555555556,0.106151956811472
548,68,"3 Female",0.711111111111111,0.29919457913549
549,69,"3 Female",0.688888888888889,0.237457539473376
550,70,"3 Female",0.444444444444444,0.11261607056298
551,71,"3 Female",0.488888888888889,0.137150739979747
552,72,"3 Female",1.11111111111111,0.354227317048896
553,73,"3 Female",0.777777777777778,0.401875513275684
554,74,"3 Female",0.577777777777778,0.160456699495593
555,75,"3 Female",0.688888888888889,0.198026174737161
556,76,"3 Female",0.822222222222222,0.295229561235254
557,77,"3 Female",0.755555555555556,0.277353210890861
558,78,"3 Female",0.4,0.0921132372943677
559,79,"3 Female",0.777777777777778,0.285842523730489
560,80,"3 Female",0.844444444444444,0.320913398991186
561,81,"3 Female",0.733333333333333,0.362928604159512
562,82,"3 Female",0.577777777777778,0.147329387335368
563,83,"3 Female",0.6,0.153741222957161
564,84,"3 Female",0.222222222222222,0.0702728368926306
565,85,"3 Female",0.755555555555556,0.260449408716091
566,86,"3 Female",0.355555555555556,0.0850166683333366
567,87,"3 Female",0.488888888888889,0.117302260960678
568,88,"3 Female",0.511111111111111,0.151164577588125
569,89,"3 Female",0.577777777777778,0.194595900610036
570,90,"3 Female",0.577777777777778,0.172588401850829
571,91,"3 Female",0.355555555555556,0.106151956811472
572,92,"3 Female",0.622222222222222,0.135917714593396
573,93,"3 Female",0.511111111111111,0.147785752044286
574,94,"3 Female",0.488888888888889,0.0933237128278877
575,95,"3 Female",0.377777777777778,0.115858189567189
576,96,"3 Female",0.711111111111111,0.157705204535545
577,97,"3 Female",0.533333333333333,0.12552918289217
578,98,"3 Female",0.422222222222222,0.116726776241816
579,99,"3 Female",0.444444444444444,0.103257819698287
580,100,"3 Female",1.02222222222222,0.384666835892102
581,101,"3 Female",0.911111111111111,0.403046757974004
582,102,"3 Female",0.444444444444444,0.12125420144988
583,103,"3 Female",0.4,0.107308673997732
584,104,"3 Female",0.777777777777778,0.401875513275684
585,105,"3 Female",0.688888888888889,0.226573559803973
586,106,"3 Female",0.288888888888889,0.0753592220347252
587,107,"3 Female",0.488888888888889,0.137150739979747
588,108,"3 Female",0.711111111111111,0.200056108852275
589,109,"3 Female",0.688888888888889,0.314341097340122
590,110,"3 Female",0.4,0.0974420314594759
591,111,"3 Female",0.377777777777778,0.101945166925577
592,112,"3 Female",0.6,0.209376177819693
593,113,"3 Female",1.02222222222222,0.432853917654883
594,114,"3 Female",1.02222222222222,0.442089721787319
595,115,"3 Female",0.377777777777778,0.128270897401124
596,116,"3 Female",0.622222222222222,0.16295531050291
597,117,"3 Female",0.422222222222222,0.160456699495593
598,118,"3 Female",0.4,0.0921132372943677
599,119,"3 Female",0.622222222222222,0.218555609475532
600,120,"3 Female",0.977777777777778,0.521738439141363
601,121,"3 Female",1.13333333333333,0.799368437574251
602,122,"3 Female",1,0.553227445144044
603,123,"3 Female",0.488888888888889,0.151164577588125
604,124,"3 Female",0.488888888888889,0.12957670877434
605,125,"3 Female",0.577777777777778,0.211986489203766
606,126,"3 Female",0.444444444444444,0.11261607056298
607,127,"3 Female",0.533333333333333,0.129490064358918
608,128,"3 Female",0.622222222222222,0.19666124514584
609,129,"3 Female",0.244444444444444,0.06478835438717
610,130,"3 Female",0.4,0.0921132372943677
611,131,"3 Female",0.8,0.555595958126829
612,132,"3 Female",0.533333333333333,0.137068883368468
613,133,"3 Female",0.333333333333333,0.0898933149950989
614,134,"3 Female",0.466666666666667,0.189630155723176
615,135,"3 Female",0.355555555555556,0.12774483545494
616,136,"3 Female",0.422222222222222,0.116726776241816
617,137,"3 Female",0.177777777777778,0.0658195335662421
618,138,"3 Female",0.377777777777778,0.174913799517088
619,139,"3 Female",0.888888888888889,0.496678078191277
620,140,"3 Female",0.422222222222222,0.0979016662340479
621,141,"3 Female",0.466666666666667,0.247410834872124
622,142,"3 Female",0.355555555555556,0.115275495900502
623,143,"3 Female",0.422222222222222,0.147329387335368
624,144,"3 Female",0.4,0.107308673997732
625,145,"3 Female",0.288888888888889,0.0933237128278877
626,146,"3 Female",0.466666666666667,0.14070529413629
627,147,"3 Female",0.2,0.0681649810860727
628,148,"3 Female",0.355555555555556,0.119576506744459
629,149,"3 Female",0.222222222222222,0.0834174659477276
630,150,"3 Female",0.288888888888889,0.0985871005055076
631,151,"3 Female",0.444444444444444,0.129316601368309
632,152,"3 Female",0.4,0.120604537831105
633,153,"3 Female",0.266666666666667,0.0864566219253764
634,154,"3 Female",0.444444444444444,0.212145260782037
635,155,"3 Female",0.222222222222222,0.0702728368926306
636,156,"3 Female",0.155555555555556,0.0632100519077253
637,157,"3 Female",0.2,0.0752101433090355
638,158,"3 Female",0.288888888888889,0.103583383784196
639,159,"3 Female",0.311111111111111,0.0766878904893022
640,160,"3 Female",1.2,0.908767619283712
641,161,"3 Female",0.6,0.339934634239519
642,162,"3 Female",0.422222222222222,0.189333997248326
643,163,"3 Female",0.511111111111111,0.226127304411087
644,164,"3 Female",0.422222222222222,0.132911791546917
645,165,"3 Female",0.533333333333333,0.147709789175199
646,166,"3 Female",0.466666666666667,0.154396838822509
647,167,"3 Female",0.311111111111111,0.109277804737766
648,168,"3 Female",0.355555555555556,0.0961667089730255
649,169,"3 Female",0.288888888888889,0.108349519640306
650,170,"3 Female",0.4,0.136329962172145
651,171,"3 Female",0.511111111111111,0.125618559324206
652,172,"3 Female",0.533333333333333,0.172913243850753
653,173,"3 Female",0.355555555555556,0.0907630701585263
654,174,"3 Female",0.244444444444444,0.0961667089730255
655,175,"3 Female",0.377777777777778,0.206678613752647
656,176,"3 Female",0.266666666666667,0.0921132372943677
657,177,"3 Female",0.266666666666667,0.0921132372943677
658,178,"3 Female",0.244444444444444,0.0721639236343101
659,179,"3 Female",0.311111111111111,0.122359885741236
660,180,"3 Female",0.2,0.0876171654230361
661,181,"3 Female",0.288888888888889,0.16087582959444
662,182,"3 Female",0.111111111111111,0.0473779369679134
663,183,"3 Female",0.2,0.0816496580927726
664,184,"3 Female",0.266666666666667,0.0864566219253764
665,185,"3 Female",0.311111111111111,0.0996064083686549
666,186,"3 Female",0.511111111111111,0.147785752044286
667,187,"3 Female",0.266666666666667,0.143548112513055
668,188,"3 Female",0.377777777777778,0.139584118546462
669,189,"3 Female",0.266666666666667,0.0921132372943677
670,190,"3 Female",0.333333333333333,0.165144564768954
671,191,"3 Female",0.222222222222222,0.0834174659477276
672,192,"3 Female",0.333333333333333,0.0953462589245592
673,193,"3 Female",0.311111111111111,0.0943998706461097
674,194,"3 Female",0.311111111111111,0.0830128517628459
675,195,"3 Female",0.222222222222222,0.118444842419784
676,196,"3 Female",0.555555555555556,0.209751068321898
677,197,"3 Female",0.622222222222222,0.37911231896737
678,198,"3 Female",0.4,0.160176670138212
679,199,"3 Female",0.111111111111111,0.0473779369679134
680,200,"3 Female",0.377777777777778,0.124271163630139
681,201,"3 Female",0.244444444444444,0.0907630701585263
682,202,"3 Female",0.2,0.0603022689155527
683,203,"3 Female",0.311111111111111,0.126420103815451
684,204,"3 Female",0.266666666666667,0.0974420314594759
685,205,"3 Female",0.177777777777778,0.0658195335662421
686,206,"3 Female",0.444444444444444,0.125350238848392
687,207,"3 Female",0.333333333333333,0.168174993036504
688,208,"3 Female",0.177777777777778,0.0576377479502509
689,209,"3 Female",0.333333333333333,0.0953462589245592
690,210,"3 Female",0.222222222222222,0.0702728368926306
691,211,"3 Female",0.2,0.0681649810860727
692,212,"3 Female",0.177777777777778,0.0797020264427429
693,213,"3 Female",0.2,0.0752101433090355
694,214,"3 Female",0.288888888888889,0.117302260960678
695,215,"3 Female",0.177777777777778,0.0858050932589709
696,216,"3 Female",0.444444444444444,0.186827732339897
697,217,"3 Female",0.511111111111111,0.297501756589708
698,218,"3 Female",0.266666666666667,0.223380818108874
699,219,"3 Female",0.266666666666667,0.116341538305773
700,220,"3 Female",0.244444444444444,0.0850166683333366
701,221,"3 Female",0.266666666666667,0.0921132372943677
702,222,"3 Female",0.311111111111111,0.155122051074363
703,223,"3 Female",0.266666666666667,0.107308673997732
704,224,"3 Female",0.6,0.274137766736937
705,225,"3 Female",0.755555555555556,0.435954259897507
706,226,"3 Female",0.222222222222222,0.0702728368926306
707,227,"3 Female",0.222222222222222,0.0947558739358269
708,228,"3 Female",0.733333333333333,0.310424928708434
709,229,"3 Female",0.466666666666667,0.157634021862302
710,230,"3 Female",0.266666666666667,0.163299316185545
711,231,"3 Female",0.133333333333333,0.0512470743190538
712,232,"3 Female",0.222222222222222,0.0771256936113983
713,233,"3 Female",0.222222222222222,0.0892668731122655
714,234,"3 Female",0.288888888888889,0.0985871005055076
715,235,"3 Female",0.333333333333333,0.127128345232746
716,236,"3 Female",0.177777777777778,0.0730911212732345
717,237,"3 Female",0.666666666666667,0.391835875763506
718,238,"3 Female",0.422222222222222,0.197174201011015
719,239,"3 Female",0.266666666666667,0.120604537831105
720,240,"3 Female",0.422222222222222,0.209590483073152
721,241,"3 Female",0.311111111111111,0.104553993698014
722,242,"3 Female",0.644444444444444,0.34400428050478
723,243,"3 Female",0.2,0.0752101433090355
724,244,"3 Female",0.866666666666667,0.601009252185123
725,245,"3 Female",0.666666666666667,0.489278999543143
726,246,"3 Female",0.311111111111111,0.109277804737766
727,247,"3 Female",0.333333333333333,0.0953462589245592
728,248,"3 Female",0.222222222222222,0.0892668731122655
729,249,"3 Female",0.6,0.339934634239519
730,250,"3 Female",1.08888888888889,0.79887687716627
731,251,"3 Female",0.555555555555556,0.379467403952141
732,252,"3 Female",0.288888888888889,0.205043041114092
733,253,"3 Female",0.155555555555556,0.0546389023688829
734,254,"3 Female",0.466666666666667,0.20985805688704
735,255,"3 Female",0.311111111111111,0.148467668902409
736,256,"3 Female",0.4,0.124721912892465
737,257,"3 Female",0.333333333333333,0.190692517849118
738,258,"3 Female",0.266666666666667,0.120604537831105
739,259,"3 Female",1.13333333333333,0.824253564987097
740,260,"3 Female",0.355555555555556,0.146182242546469
741,261,"3 Female",0.933333333333333,0.756386946027767
742,262,"3 Female",0.155555555555556,0.0838201270130293
743,263,"3 Female",0.111111111111111,0.0726290020696871
744,264,"3 Female",0.155555555555556,0.0546389023688829
745,265,"3 Female",0.377777777777778,0.128270897401124
746,266,"3 Female",0.355555555555556,0.146182242546469
747,267,"3 Female",1.06666666666667,0.842914616378818
748,268,"3 Female",0.377777777777778,0.115858189567189
749,269,"3 Female",0.422222222222222,0.204714358496504
750,270,"3 Female",0.333333333333333,0.118917678002113
751,271,"3 Female",0.333333333333333,0.149071198499986
752,272,"3 Female",0.4,0.251058365784339
753,273,"3 Female",0.355555555555556,0.185743266815322
754,274,"3 Female",0.155555555555556,0.0775610255371817
755,275,"3 Female",0.133333333333333,0.0512470743190538
756,276,"3 Female",0.333333333333333,0.127128345232746
757,277,"3 Female",0.555555555555556,0.283476889756138
758,278,"3 Female",0.688888888888889,0.429731208240195
759,279,"3 Female",0.466666666666667,0.230502306130141
760,280,"3 Female",0.244444444444444,0.0961667089730255
761,281,"3 Female",0.0444444444444444,0.0310677909075347
762,282,"3 Female",0.466666666666667,0.181464302079756
763,283,"3 Female",0.422222222222222,0.147329387335368
764,284,"3 Female",0.4,0.156991925418044
765,285,"3 Female",0.2,0.0876171654230361
766,286,"3 Female",0.155555555555556,0.0632100519077253
767,287,"3 Female",0.111111111111111,0.0570505908947189
768,288,"3 Female",0.355555555555556,0.174528384874277
769,289,"3 Female",0.311111111111111,0.170626363086196
770,290,"3 Female",0.466666666666667,0.17865942997556
771,291,"3 Female",0.111111111111111,0.0792784520014084
772,292,"3 Female",0.355555555555556,0.191104063764824
773,293,"3 Female",1.04444444444444,0.783643108030172
774,294,"3 Female",0.311111111111111,0.245817995869208
775,295,"3 Female",0.133333333333333,0.0603022689155527
776,296,"3 Female",0.0888888888888889,0.0697920592732311
777,297,"3 Female",0.0666666666666667,0.0376050716545177
778,298,"3 Female",0.288888888888889,0.0985871005055076
779,299,"3 Female",0.822222222222222,0.600747757019978
780,300,"3 Female",0.577777777777778,0.207166767568392
781,301,"3 Female",0.2,0.0752101433090355
782,302,"3 Female",0.333333333333333,0.162057478268133
783,303,"3 Female",0.4,0.19436506316151
784,304,"3 Female",0.177777777777778,0.0797020264427429
785,305,"3 Female",0.511111111111111,0.312407113019007
786,306,"3 Female",1.11111111111111,0.789592800197328
787,307,"3 Female",0.222222222222222,0.118444842419784
788,308,"3 Female",0.2,0.0681649810860727
789,309,"3 Female",0.2,0.0816496580927726
790,310,"3 Female",0.133333333333333,0.0681649810860727
791,311,"3 Female",0.222222222222222,0.0702728368926306
792,312,"3 Female",0.111111111111111,0.0473779369679134
793,313,"3 Female",0.0222222222222222,0.0222222222222222
794,314,"3 Female",0.222222222222222,0.104875534160949
795,315,"3 Female",0.177777777777778,0.0968644209675705
796,316,"3 Female",0.2,0.103474976236145
797,317,"3 Female",0.311111111111111,0.155122051074363
798,318,"3 Female",0.244444444444444,0.0961667089730255
799,319,"3 Female",0.311111111111111,0.113805709955196
800,320,"3 Female",0.355555555555556,0.115275495900502
801,321,"3 Female",0.4,0.202010100757563
802,322,"3 Female",0.422222222222222,0.240976315716403
803,323,"3 Female",0.377777777777778,0.194076130248444
804,324,"3 Female",0.355555555555556,0.165619606618663
805,325,"3 Female",0.333333333333333,0.149071198499986
806,326,"3 Female",0.777777777777778,0.425083341666683
807,327,"3 Female",0.488888888888889,0.232731306081772
808,328,"3 Female",0.177777777777778,0.101945166925577
809,329,"3 Female",0.133333333333333,0.0603022689155527
810,330,"3 Female",0.177777777777778,0.0858050932589709
811,331,"3 Female",0.311111111111111,0.151831319955457
812,332,"3 Female",0.266666666666667,0.186406745445208
813,333,"3 Female",0.111111111111111,0.0473779369679134
814,334,"3 Female",0.133333333333333,0.0752101433090355
815,335,"3 Female",0.288888888888889,0.14078503644597
816,336,"3 Female",0.111111111111111,0.0473779369679134
817,337,"3 Female",0.133333333333333,0.0816496580927726
818,338,"3 Female",0.266666666666667,0.120604537831105
819,339,"3 Female",0.377777777777778,0.166025703525692
820,340,"3 Female",0.266666666666667,0.147024357220706
821,341,"3 Female",0.133333333333333,0.0681649810860727
822,342,"3 Female",0.111111111111111,0.0473779369679134
823,343,"3 Female",0.577777777777778,0.555494946188804
824,344,"3 Female",0.977777777777778,0.758446637482142
825,345,"3 Female",0.377777777777778,0.31186776673483
826,346,"3 Female",0.288888888888889,0.163985162614793
827,347,"3 Female",0.444444444444444,0.270718377571798
828,348,"3 Female",1.4,1.02415276638248
829,349,"3 Female",0.733333333333333,0.503923996193269
830,350,"3 Female",0.133333333333333,0.0603022689155527
831,351,"3 Female",0.222222222222222,0.0892668731122655
832,352,"3 Female",0.355555555555556,0.159404052885486
833,353,"3 Female",0.266666666666667,0.111916274621936
834,354,"3 Female",0.222222222222222,0.0834174659477276
835,355,"3 Female",0.288888888888889,0.112914655454401
836,356,"3 Female",0.311111111111111,0.0996064083686549
837,357,"3 Female",0.333333333333333,0.100503781525921
838,358,"3 Female",0.466666666666667,0.223832549243871
839,359,"3 Female",0.711111111111111,0.40901732721468
840,360,"3 Female",0.222222222222222,0.109585485697903
841,361,"3 Female",0.333333333333333,0.14213381090374
842,362,"3 Female",1.04444444444444,0.582536733619188
843,363,"3 Female",0.622222222222222,0.35857305425994
844,364,"3 Female",0.311111111111111,0.130353916929298
845,365,"3 Female",0.222222222222222,0.0892668731122655
846,366,"3 Female",0.155555555555556,0.0775610255371817
847,367,"3 Female",0.222222222222222,0.104875534160949
848,368,"3 Female",0.222222222222222,0.104875534160949
849,369,"3 Female",0.133333333333333,0.0752101433090355
850,370,"3 Female",0.177777777777778,0.0858050932589709
851,371,"3 Female",0.311111111111111,0.164599981044411
852,372,"3 Female",0.244444444444444,0.142685482883907
853,373,"3 Female",0.222222222222222,0.118444842419784
854,374,"3 Female",0.111111111111111,0.0570505908947189
855,375,"3 Female",0.2,0.0932033727226042
856,376,"3 Female",0.0222222222222222,0.0222222222222222
857,377,"3 Female",0.0888888888888889,0.0533922233794041
858,378,"3 Female",0.2,0.121439181269781
859,379,"3 Female",0.644444444444444,0.358385204921495
860,380,"3 Female",0.244444444444444,0.159404052885486
861,381,"3 Female",0.133333333333333,0.112815214963553
862,382,"3 Female",0.111111111111111,0.0726290020696871
863,383,"3 Female",0.288888888888889,0.14432784726862
864,384,"3 Female",0.222222222222222,0.0892668731122655
865,385,"3 Female",0.377777777777778,0.17200214025239
866,386,"3 Female",0.377777777777778,0.143156652519168
867,387,"3 Female",0.333333333333333,0.131040898851149
868,388,"3 Female",0.377777777777778,0.201732117825878
869,389,"3 Female",0.2,0.121439181269781
870,390,"3 Female",0.2,0.103474976236145
871,391,"3 Female",0.2,0.160806050441474
872,392,"3 Female",0.622222222222222,0.275770525466463
873,393,"3 Female",0.177777777777778,0.0730911212732345
874,394,"3 Female",0.511111111111111,0.356217817574866
875,395,"3 Female",0.333333333333333,0.176955167523108
876,396,"3 Female",0.422222222222222,0.270593976074425
877,397,"3 Female",0.333333333333333,0.201007563051842
878,398,"3 Female",0.222222222222222,0.182266562725494
879,399,"3 Female",0.133333333333333,0.0603022689155527
880,400,"3 Female",0.0888888888888889,0.0533922233794041
881,401,"3 Female",0.155555555555556,0.114395890455411
882,402,"3 Female",1.22222222222222,0.570210743328253
883,403,"3 Female",1.46666666666667,0.690922381584022
884,404,"3 Female",0.266666666666667,0.132573593055923
885,405,"3 Female",0.222222222222222,0.104875534160949
886,406,"3 Female",0.688888888888889,0.462560094072659
887,407,"3 Female",0.6,0.298819225105965
888,408,"3 Female",0.0666666666666667,0.0376050716545177
889,409,"3 Female",0.177777777777778,0.0858050932589709
890,410,"3 Female",0.111111111111111,0.0653059792939176
891,411,"3 Female",1.04444444444444,0.628414355000956
892,412,"3 Female",0.733333333333333,0.341417129865589
893,413,"3 Female",0.311111111111111,0.203062965361079
894,414,"3 Female",0.511111111111111,0.357632820876246
895,415,"3 Female",0.2,0.14070529413629
896,416,"3 Female",0.355555555555556,0.206352536325667
897,417,"3 Female",0.444444444444444,0.239012183357858
898,418,"3 Female",0.4,0.275973941091575
899,419,"3 Female",0.222222222222222,0.109585485697903
900,420,"3 Female",0.288888888888889,0.117302260960678
901,421,"3 Female",0.222222222222222,0.114101181789438
902,422,"3 Female",0.111111111111111,0.0570505908947189
903,423,"3 Female",1.04444444444444,0.560443146771541
904,424,"3 Female",1.08888888888889,0.764636456975194
905,425,"3 Female",0.155555555555556,0.089643263564985
906,426,"3 Female",0.0888888888888889,0.0429025466294855
907,427,"3 Female",0.0888888888888889,0.0429025466294855
908,428,"3 Female",0.0444444444444444,0.0310677909075347
909,429,"3 Female",0.0888888888888889,0.0429025466294855
910,430,"3 Female",0.133333333333333,0.0603022689155527
911,431,"3 Female",0.177777777777778,0.124271163630139
912,432,"3 Female",0.466666666666667,0.349024614917318
913,433,"3 Female",0.0222222222222222,0.0222222222222222
914,434,"3 Female",0.111111111111111,0.0726290020696871
915,435,"3 Female",0.488888888888889,0.16087582959444
916,436,"3 Female",0.422222222222222,0.15071844406945
917,437,"3 Female",0.6,0.156991925418044
918,438,"3 Female",0.511111111111111,0.16087582959444
919,439,"3 Female",0.466666666666667,0.137068883368468
920,440,"3 Female",0.311111111111111,0.109277804737766
921,441,"3 Female",0.266666666666667,0.0974420314594759
922,442,"3 Female",0.422222222222222,0.207166767568392
923,443,"3 Female",0.311111111111111,0.0996064083686549
924,444,"3 Female",0.177777777777778,0.0730911212732345
925,445,"3 Female",0.933333333333333,0.541602560309064
926,446,"3 Female",0.288888888888889,0.103583383784196
927,447,"3 Female",0.4,0.116341538305773
928,448,"3 Female",0.355555555555556,0.156203556509504
929,449,"3 Female",0.2,0.103474976236145
930,450,"3 Female",0.377777777777778,0.186105457474809
931,451,"3 Female",0.622222222222222,0.291788094011662
932,452,"3 Female",0.244444444444444,0.0907630701585263
933,453,"3 Female",0.422222222222222,0.147329387335368
934,454,"3 Female",0.577777777777778,0.308939026524634
935,455,"3 Female",0.711111111111111,0.452403482895057
936,456,"3 Female",0.6,0.25505000500001
937,457,"3 Female",0.644444444444444,0.305100671505466
938,458,"3 Female",0.422222222222222,0.272454034467959
939,459,"3 Female",0.688888888888889,0.534489487591364
940,460,"3 Female",0.644444444444444,0.40471408483046
941,461,"3 Female",0.488888888888889,0.267087210480481
942,462,"3 Female",0.555555555555556,0.445579359045762
943,463,"3 Female",0.8,0.386122919665369
944,464,"3 Female",0.333333333333333,0.165144564768954
945,465,"3 Female",0.244444444444444,0.123728096951778
946,466,"3 Female",0.288888888888889,0.0985871005055076
947,467,"3 Female",0.733333333333333,0.238683256575942
948,468,"3 Female",0.511111111111111,0.217009570664108
949,469,"3 Female",0.533333333333333,0.357601437187811
950,470,"3 Female",0.622222222222222,0.402377892750876
951,471,"3 Female",0.377777777777778,0.248813119779957
952,472,"3 Female",0.4,0.211774608601893
953,473,"3 Female",0.577777777777778,0.429339272602539
954,474,"3 Female",0.2,0.0876171654230361
955,475,"3 Female",0.755555555555556,0.34400428050478
956,476,"3 Female",0.822222222222222,0.66764238362541
957,477,"3 Female",0.488888888888889,0.335782250001971
958,478,"3 Female",0.8,0.479477830456206
959,479,"3 Female",0.222222222222222,0.104875534160949
960,480,"3 Female",0.8,0.515026722852829
961,481,"3 Female",0.266666666666667,0.102494148638108
962,482,"3 Female",0.333333333333333,0.224733287487747
963,483,"3 Female",0.355555555555556,0.220549258236436
964,484,"3 Female",0.711111111111111,0.378223148048102
965,485,"3 Female",0.155555555555556,0.0838201270130293
966,486,"3 Female",0.288888888888889,0.121531565597536
967,487,"3 Female",0.577777777777778,0.353180196787586
968,488,"3 Female",0.622222222222222,0.264553920128664
969,489,"3 Female",0.311111111111111,0.167640254026059
970,490,"3 Female",0.177777777777778,0.0730911212732345
971,491,"3 Female",0.111111111111111,0.0570505908947189
972,492,"3 Female",0.377777777777778,0.135917714593396
973,493,"3 Female",0.266666666666667,0.128707639888456
974,494,"3 Female",0.377777777777778,0.156634067816991
975,495,"3 Female",0.333333333333333,0.114591941825388
976,496,"3 Female",0.511111111111111,0.14432784726862
977,497,"3 Female",0.777777777777778,0.187726668078802
978,498,"3 Female",0.6,0.147024357220706
979,499,"3 Female",0.4,0.128707639888456
980,500,"3 Female",0.444444444444444,0.169835201035186
981,501,"3 Female",1.28888888888889,0.644026335980593
982,502,"3 Female",1.53333333333333,0.759851128428285
983,503,"3 Female",0.311111111111111,0.122359885741236
984,504,"3 Female",0.466666666666667,0.144250063459538
985,505,"3 Female",0.222222222222222,0.0834174659477276
986,506,"3 Female",0.133333333333333,0.0603022689155527
987,507,"3 Female",0.377777777777778,0.124271163630139
988,508,"3 Female",0.4,0.120604537831105
989,509,"3 Female",0.533333333333333,0.223832549243871
990,510,"3 Female",0.422222222222222,0.140305902771099
991,511,"3 Female",0.422222222222222,0.202232211985465
992,512,"3 Female",0.622222222222222,0.361379076955908
993,513,"3 Female",1.13333333333333,0.504124403437697
994,514,"3 Female",0.222222222222222,0.0834174659477276
995,515,"3 Female",0.422222222222222,0.15071844406945
996,516,"3 Female",0.888888888888889,0.458612556513822
997,517,"3 Female",0.422222222222222,0.132911791546917
998,518,"3 Female",0.266666666666667,0.102494148638108
999,519,"3 Female",0.222222222222222,0.0947558739358269
1000,520,"3 Female",0.177777777777778,0.0968644209675705
1001,521,"3 Female",0.288888888888889,0.121531565597536
1002,522,"3 Female",0.333333333333333,0.118917678002113
1003,523,"3 Female",0.6,0.204494943258218
1004,524,"3 Female",0.755555555555556,0.555191800105695
1005,525,"3 Female",0.377777777777778,0.115858189567189
1006,526,"3 Female",0.4,0.143548112513055
1007,527,"3 Female",0.4,0.139985569241831
1008,528,"3 Female",0.666666666666667,0.244122837104519
1009,529,"3 Female",0.666666666666667,0.277069804864545
1010,530,"3 Female",0.333333333333333,0.114591941825388
1011,531,"3 Female",0.288888888888889,0.108349519640306
1012,532,"3 Female",0.644444444444444,0.295001379136573
1013,533,"3 Female",0.2,0.0876171654230361
1014,534,"3 Female",0.866666666666667,0.620849857416868
1015,535,"3 Female",0.288888888888889,0.0985871005055076
1016,536,"3 Female",0.466666666666667,0.147709789175199
1017,537,"3 Female",0.533333333333333,0.163916707106649
1018,538,"3 Female",0.377777777777778,0.132149627809505
1019,539,"3 Female",0.444444444444444,0.129316601368309
1020,540,"3 Female",0.288888888888889,0.108349519640306
1021,541,"3 Female",0.6,0.308793677645018
1022,542,"3 Female",0.333333333333333,0.114591941825388
1023,543,"3 Female",0.222222222222222,0.0771256936113983
1024,544,"3 Female",0.288888888888889,0.0877451671938747
1025,545,"3 Female",0.333333333333333,0.114591941825388
1026,546,"3 Female",0.444444444444444,0.12125420144988
1027,547,"3 Female",0.466666666666667,0.251460381039088
1028,548,"3 Female",0.577777777777778,0.163573999838361
1029,549,"3 Female",0.644444444444444,0.183003989456861
1030,550,"3 Female",0.6,0.180906806746658
1031,551,"3 Female",0.533333333333333,0.12552918289217
1032,552,"3 Female",0.422222222222222,0.102931225881673
1033,553,"3 Female",0.333333333333333,0.0953462589245592
1034,554,"3 Female",0.6,0.218812220588311
1035,555,"3 Female",0.466666666666667,0.20985805688704
1036,556,"3 Female",0.822222222222222,0.397325514577445
1037,557,"3 Female",0.844444444444444,0.435722499442894
1038,558,"3 Female",0.822222222222222,0.385715770280815
1039,559,"3 Female",0.888888888888889,0.34847752883544
1040,560,"3 Female",1.06666666666667,0.443129367525598
1041,561,"3 Female",0.444444444444444,0.12125420144988
1042,562,"3 Female",0.511111111111111,0.175873640998884
1043,563,"3 Female",0.288888888888889,0.0817869999191804
1044,564,"3 Female",0.577777777777778,0.160456699495593
1045,565,"3 Female",0.533333333333333,0.121439181269781
1046,566,"3 Female",1.8,0.913202821907266
1047,567,"3 Female",1.53333333333333,0.595945899517326
1048,568,"3 Female",0.511111111111111,0.251505009734273
1049,569,"3 Female",0.555555555555556,0.140545673785261
1050,570,"3 Female",0.4,0.150420286618071
1051,571,"3 Female",0.444444444444444,0.12125420144988
1052,572,"3 Female",0.777777777777778,0.491224905688397
1053,573,"3 Female",0.444444444444444,0.11261607056298
1054,574,"3 Female",0.355555555555556,0.123728096951778
1055,575,"3 Female",0.333333333333333,0.110096376512636
1056,576,"3 Female",0.711111111111111,0.361844631849367
1057,577,"3 Female",0.422222222222222,0.120976201386504
1058,578,"3 Female",1.02222222222222,0.530379022934142
1059,579,"3 Female",0.466666666666667,0.12552918289217
1060,580,"3 Female",0.622222222222222,0.174913799517088
1061,581,"3 Female",1.11111111111111,0.612349525711099
1062,582,"3 Female",1.28888888888889,0.682110674261618
1063,583,"3 Female",0.666666666666667,0.299831602568825
1064,584,"3 Female",0.511111111111111,0.133417481863851
1065,585,"3 Female",1.08888888888889,0.337582346440846
1066,586,"3 Female",0.6,0.139985569241831
1067,587,"3 Female",0.688888888888889,0.289238327898425
1068,588,"3 Female",0.466666666666667,0.117206543065538
1069,589,"3 Female",0.488888888888889,0.157705204535545
1070,590,"3 Female",0.555555555555556,0.129316601368309
1071,591,"3 Female",0.888888888888889,0.271959262810641
1072,592,"3 Female",0.488888888888889,0.108349519640306
1073,593,"3 Female",0.8,0.356186309210063
1074,594,"3 Female",0.844444444444444,0.239855923832477
1075,595,"3 Female",0.888888888888889,0.196489962275359
1076,596,"3 Female",0.511111111111111,0.0985871005055076
1077,597,"3 Female",0.888888888888889,0.174721198468199
1078,598,"3 Female",0.666666666666667,0.138534902432272
1079,599,"3 Female",0.488888888888889,0.112914655454401
1080,600,"3 Female",1.02222222222222,0.261094991980431
1081,601,"3 Female",0.666666666666667,0.145643816250884
1082,602,"3 Female",0.911111111111111,0.17928652712997
1083,603,"3 Female",0.511111111111111,0.108349519640306
1084,604,"3 Female",0.822222222222222,0.156634067816991
1085,605,"3 Female",0.6,0.163299316185545
1086,606,"3 Female",0.4,0.0921132372943677
1087,607,"3 Female",0.555555555555556,0.12125420144988
1088,608,"3 Female",0.666666666666667,0.134839972492648
1089,609,"3 Female",0.622222222222222,0.115858189567189
1090,610,"3 Female",0.866666666666667,0.236984421769905
1091,611,"3 Female",0.733333333333333,0.342893215995531
1092,612,"3 Female",0.466666666666667,0.0932033727226042
1093,613,"3 Female",0.822222222222222,0.242647203866709
1094,614,"3 Female",0.866666666666667,0.259369865776129
1095,615,"3 Female",0.377777777777778,0.111413729314146
1096,616,"3 Female",0.933333333333333,0.272289210475579
1097,617,"3 Female",0.6,0.128707639888456
1098,618,"3 Female",1.13333333333333,0.559220236335625
1099,619,"3 Female",1.15555555555556,0.31132748608414
1100,620,"3 Female",0.977777777777778,0.25915341754868
1101,621,"3 Female",0.755555555555556,0.115275495900502
1102,622,"3 Female",0.8,0.302514712890384
1103,623,"3 Female",0.622222222222222,0.177777777777778
1104,624,"3 Female",0.688888888888889,0.184834685139255
1105,625,"3 Female",0.666666666666667,0.100503781525921
1106,626,"3 Female",0.577777777777778,0.132911791546917
1107,627,"3 Female",0.755555555555556,0.152936097949819
1108,628,"3 Female",0.577777777777778,0.112316691910446
1109,629,"3 Female",0.777777777777778,0.282286638636002
1110,630,"3 Female",0.822222222222222,0.305321305983986
1111,631,"3 Female",1.02222222222222,0.255225962251019
1112,632,"3 Female",0.844444444444444,0.205862451763345
1113,633,"3 Female",0.888888888888889,0.288188739751255
1114,634,"3 Female",0.622222222222222,0.156634067816991
1115,635,"3 Female",0.911111111111111,0.259802221245048
1116,636,"3 Female",1.13333333333333,0.378193473013884
1117,637,"3 Female",0.666666666666667,0.168174993036504
1118,638,"3 Female",0.777777777777778,0.222222222222222
1119,639,"3 Female",0.733333333333333,0.160176670138212
1120,640,"3 Female",0.622222222222222,0.124271163630139
1121,641,"3 Female",1.2,0.390027194079095
1122,642,"3 Female",1.08888888888889,0.292709774940433
1123,643,"3 Female",0.711111111111111,0.175873640998884
1124,644,"3 Female",0.866666666666667,0.274505984185291
1125,645,"3 Female",1.15555555555556,0.404464423970931
1126,646,"3 Female",0.733333333333333,0.143548112513055
1127,647,"3 Female",0.711111111111111,0.151164577588125
1128,648,"3 Female",0.822222222222222,0.128270897401124
1129,649,"3 Female",0.755555555555556,0.213568893517616
1130,650,"3 Female",1.48888888888889,0.445654917256583
1131,651,"3 Female",0.977777777777778,0.383351631827935
1132,652,"3 Female",1.24444444444444,0.425400055984804
1133,653,"3 Female",0.733333333333333,0.107308673997732
1134,654,"3 Female",1.4,0.517765205552486
1135,655,"3 Female",0.911111111111111,0.226573559803973
1136,656,"3 Female",0.622222222222222,0.143156652519168
1137,657,"3 Female",0.933333333333333,0.160176670138212
1138,658,"3 Female",0.666666666666667,0.114591941825388
1139,659,"3 Female",0.622222222222222,0.115858189567189
1140,660,"3 Female",0.866666666666667,0.133333333333333
1141,661,"3 Female",0.933333333333333,0.244948974278318
1142,662,"3 Female",0.888888888888889,0.204055404989123
1143,663,"3 Female",1.28888888888889,0.276380323201109
1144,664,"3 Female",0.8,0.14070529413629
1145,665,"3 Female",0.933333333333333,0.124721912892465
1146,666,"3 Female",0.844444444444444,0.158769114988711
1147,667,"3 Female",0.755555555555556,0.156203556509504
1148,668,"3 Female",0.977777777777778,0.143860513562666
1149,669,"3 Female",0.955555555555556,0.200895861146549
1150,670,"3 Female",0.866666666666667,0.117206543065538
1151,671,"3 Female",0.733333333333333,0.163299316185545
1152,672,"3 Female",0.822222222222222,0.146642177324925
1153,673,"3 Female",0.577777777777778,0.15071844406945
1154,674,"3 Female",0.888888888888889,0.234029744768882
1155,675,"3 Female",0.844444444444444,0.126951655299919
1156,676,"3 Female",0.711111111111111,0.12957670877434
1157,677,"3 Female",0.911111111111111,0.198026174737161
1158,678,"3 Female",0.955555555555556,0.141975796612639
1159,679,"3 Female",0.955555555555556,0.235607007912177
1160,680,"3 Female",0.844444444444444,0.182451198831651
1161,681,"3 Female",1,0.220192753025272
1162,682,"3 Female",1.02222222222222,0.24513218221289
1163,683,"3 Female",0.888888888888889,0.123999927591304
1164,684,"3 Female",1.08888888888889,0.170626363086196
1165,685,"3 Female",1.06666666666667,0.186406745445208
1166,686,"3 Female",1.11111111111111,0.213726489574126
1167,687,"3 Female",1.37777777777778,0.300317826406398
1168,688,"3 Female",0.644444444444444,0.110807666454111
1169,689,"3 Female",1.2,0.184226474588735
1170,690,"3 Female",0.977777777777778,0.143860513562666
1171,691,"3 Female",0.977777777777778,0.143860513562666
1172,692,"3 Female",0.511111111111111,0.0817869999191804
1173,693,"3 Female",0.866666666666667,0.169967317119759
1174,694,"3 Female",1.24444444444444,0.342532982346971
1175,695,"3 Female",0.711111111111111,0.121531565597536
1176,696,"3 Female",0.711111111111111,0.137150739979747
1177,697,"3 Female",0.555555555555556,0.117014872384441
1178,698,"3 Female",0.8,0.184226474588735
1179,699,"3 Female",0.711111111111111,0.21466963630127
1180,700,"3 Female",1.68888888888889,0.560322978851044
1181,701,"3 Female",0.688888888888889,0.122359885741236
1182,702,"3 Female",0.8,0.12552918289217
1183,703,"3 Female",0.888888888888889,0.162748558069679
1184,704,"3 Female",1.66666666666667,0.563180004236405
1185,705,"3 Female",0.888888888888889,0.165822779387697
1186,706,"3 Female",0.733333333333333,0.0974420314594759
1187,707,"3 Female",1.04444444444444,0.179661734782356
1188,708,"3 Female",0.844444444444444,0.118728769736688
1189,709,"3 Female",0.777777777777778,0.122634749177989
1190,710,"3 Female",0.955555555555556,0.145489614178795
1191,711,"3 Female",1.24444444444444,0.407202274650276
1192,712,"3 Female",0.977777777777778,0.129055969726743
1193,713,"3 Female",0.888888888888889,0.153156097245447
1194,714,"3 Female",0.844444444444444,0.114395890455411
1195,715,"3 Female",0.866666666666667,0.133333333333333
1196,716,"3 Female",1.28888888888889,0.349056769748554
1197,717,"3 Female",0.977777777777778,0.15071844406945
1198,718,"3 Female",1.42222222222222,0.169636833981662
1199,719,"3 Female",1.24444444444444,0.149597289567745
1200,720,"3 Female",1.17777777777778,0.156634067816991
1201,721,"3 Female",1.57777777777778,0.172588401850829
1202,722,"3 Female",0.955555555555556,0.134673400505042
1203,723,"3 Female",1.04444444444444,0.158769114988711
1204,724,"3 Female",1.22222222222222,0.141738444878069
1205,725,"3 Female",1.26666666666667,0.218812220588311
1206,726,"3 Female",0.911111111111111,0.176447039647098
1207,727,"3 Female",1.02222222222222,0.15071844406945
1208,728,"3 Female",0.977777777777778,0.240976315716403
1209,729,"3 Female",0.955555555555556,0.179661734782356
1210,730,"3 Female",0.866666666666667,0.163916707106649
1211,731,"3 Female",0.666666666666667,0.138534902432272
1212,732,"3 Female",0.822222222222222,0.33377075676216
1213,733,"3 Female",0.577777777777778,0.202232211985465
1214,734,"3 Female",0.6,0.302180626965283
1215,735,"3 Female",1.28888888888889,0.507143139420056
1216,736,"3 Female",0.6,0.236557806803318
1217,737,"3 Female",0.955555555555556,0.455000894166682
1218,738,"3 Female",0.488888888888889,0.194941644265435
1219,739,"3 Female",0.711111111111111,0.309156921715605
1220,740,"3 Female",0.8,0.417544529773094
1221,741,"3 Female",1.04444444444444,0.823858595518462
1222,742,"3 Female",0.311111111111111,0.155122051074363
1223,743,"3 Female",0.377777777777778,0.191456113305661
1224,744,"3 Female",0.2,0.103474976236145
1225,745,"3 Female",0.266666666666667,0.111916274621936
1226,746,"3 Female",0.711111111111111,0.351938674384469
1227,747,"3 Female",0.333333333333333,0.210818510677892
1228,748,"3 Female",0.311111111111111,0.167640254026059
1229,749,"3 Female",0.177777777777778,0.115858189567189
1230,750,"3 Female",0.311111111111111,0.118160232855675
1231,751,"3 Female",0.266666666666667,0.147024357220706
1232,752,"3 Female",0.266666666666667,0.128707639888456
1233,753,"3 Female",0.155555555555556,0.0951105446976432
1234,754,"3 Female",0.177777777777778,0.111413729314146
1235,755,"3 Female",0.177777777777778,0.135917714593396
1236,756,"3 Female",0.0666666666666667,0.0376050716545177
1237,757,"3 Female",0.133333333333333,0.0984731927834662
1238,758,"3 Female",0.244444444444444,0.162541542648087
1239,759,"3 Female",0.0888888888888889,0.0533922233794041
1240,760,"3 Female",0.0888888888888889,0.0533922233794041
1241,761,"3 Female",0.288888888888889,0.205043041114092
1242,762,"3 Female",0.0666666666666667,0.0492365963917331
1243,763,"3 Female",0.0444444444444444,0.0310677909075347
1244,764,"3 Female",0.2,0.14070529413629
1245,765,"3 Female",0.111111111111111,0.0570505908947189
1246,766,"3 Female",0.0666666666666667,0.0376050716545177
1247,767,"3 Female",0.266666666666667,0.143548112513055
1248,768,"3 Female",0.244444444444444,0.149597289567745
1249,769,"3 Female",0.177777777777778,0.0915019947284304
1250,770,"3 Female",0.0444444444444444,0.0310677909075347
1251,771,"3 Female",0.288888888888889,0.209911530720724
1252,772,"3 Female",0.0222222222222222,0.0222222222222222
1253,773,"3 Female",0.222222222222222,0.200728191738165
1254,774,"3 Female",0.133333333333333,0.0932033727226042
1255,775,"3 Female",0.0666666666666667,0.0666666666666667
1256,776,"3 Female",0.177777777777778,0.0915019947284304
1257,777,"3 Female",0.0222222222222222,0.0222222222222222
1258,778,"3 Female",0,0
1259,779,"3 Female",0.0888888888888889,0.0533922233794041
1260,780,"3 Female",0.0222222222222222,0.0222222222222222
1261,781,"3 Female",0.0222222222222222,0.0222222222222222
1262,782,"3 Female",0.0444444444444444,0.0444444444444444
1263,783,"3 Female",0.0222222222222222,0.0222222222222222
1264,784,"3 Female",0,0
1265,785,"3 Female",0.0444444444444444,0.0310677909075347
1266,786,"3 Female",0.0888888888888889,0.0697920592732311
1267,787,"3 Female",0.0666666666666667,0.0376050716545177
1268,788,"3 Female",0.177777777777778,0.156634067816991
1269,789,"3 Female",0.0222222222222222,0.0222222222222222
1270,790,"3 Female",0.0888888888888889,0.0621355818150695
1271,791,"3 Female",0.111111111111111,0.0653059792939176
1272,792,"3 Female",0.0222222222222222,0.0222222222222222
1273,793,"3 Female",0.0666666666666667,0.0666666666666667
1274,794,"3 Female",0,0
1275,795,"3 Female",0.0444444444444444,0.0310677909075347
1276,796,"3 Female",0.0222222222222222,0.0222222222222222
1277,797,"3 Female",0.0888888888888889,0.0697920592732311
1278,798,"3 Female",0.0666666666666667,0.0492365963917331
1279,799,"3 Female",0.133333333333333,0.0932033727226042
1280,800,"3 Female",0.0666666666666667,0.0666666666666667
1281,801,"3 Female",0.0666666666666667,0.0666666666666667
1282,802,"3 Female",0,0
1283,803,"3 Female",0,0
1284,804,"3 Female",0,0
1285,805,"3 Female",0,0
1286,806,"3 Female",0,0
1287,807,"3 Female",0.0222222222222222,0.0222222222222222
1288,808,"3 Female",0.0444444444444444,0.0444444444444444
1289,809,"3 Female",0.0444444444444444,0.0444444444444444
1290,810,"3 Female",0.0222222222222222,0.0222222222222222
1291,811,"3 Female",0,0
1292,812,"3 Female",0.0222222222222222,0.0222222222222222
1293,813,"3 Female",0.0222222222222222,0.0222222222222222
1294,814,"3 Female",0,0
1295,815,"3 Female",0,0
1296,816,"3 Female",0,0
1297,817,"3 Female",0.0222222222222222,0.0222222222222222
1298,818,"3 Female",0,0
1299,819,"3 Female",0.0222222222222222,0.0222222222222222
1300,820,"3 Female",0,0
1301,821,"3 Female",0.0222222222222222,0.0222222222222222
1302,822,"3 Female",0.422222222222222,0.422222222222222
1303,823,"3 Female",0.0666666666666667,0.0666666666666667
1304,824,"3 Female",0.2,0.2
1305,825,"3 Female",0.333333333333333,0.333333333333333
1306,826,"3 Female",0.0222222222222222,0.0222222222222222
1307,827,"3 Female",0,0
1308,828,"3 Female",0,0
1309,829,"3 Female",0,0
1310,830,"3 Female",0,0
1311,831,"3 Female",0,0
1312,832,"3 Female",0,0
1313,833,"3 Female",0,0
1314,834,"3 Female",0,0
1315,835,"3 Female",0,0
1316,836,"3 Female",0.0222222222222222,0.0222222222222222
1317,837,"3 Female",0,0
1318,838,"3 Female",0,0
1319,839,"3 Female",0,0
1320,840,"3 Female",0,0
1321,841,"3 Female",0,0
1322,842,"3 Female",0,0
1323,843,"3 Female",0,0
1324,844,"3 Female",0,0
1325,845,"3 Female",0,0
1326,846,"3 Female",0,0
1327,847,"3 Female",0,0
1328,848,"3 Female",0,0
1329,849,"3 Female",0,0
1330,850,"3 Female",0,0
1331,851,"3 Female",0,0
1332,852,"3 Female",0,0
1333,853,"3 Female",0,0
1334,854,"3 Female",0,0
1335,855,"3 Female",0,0
1336,856,"3 Female",0,0
1337,857,"3 Female",0,0
1338,858,"3 Female",0,0
1339,859,"3 Female",0,0
1340,860,"3 Female",0,0
1341,861,"3 Female",0,0
1342,862,"3 Female",0,0
1343,863,"3 Female",0,0
1344,864,"3 Female",0,0
1345,865,"3 Female",0,0
1346,866,"3 Female",0,0
1347,867,"3 Female",0,0
1348,868,"3 Female",0,0
1349,869,"3 Female",0,0
1350,870,"3 Female",0,0
1351,871,"3 Female",0,0
1352,872,"3 Female",0,0
1353,873,"3 Female",0,0
1354,874,"3 Female",0,0
1355,875,"3 Female",0,0
1356,876,"3 Female",0.2,0.2
1357,877,"3 Female",0,0
1358,878,"3 Female",0,0
1359,879,"3 Female",0,0
1360,880,"3 Female",0,0
1361,881,"3 Female",0,0
1362,882,"3 Female",0,0
1363,883,"3 Female",0,0
1364,884,"3 Female",0,0
1365,885,"3 Female",0,0
1366,886,"3 Female",0,0
1367,887,"3 Female",0,0
1368,888,"3 Female",0,0
1369,889,"3 Female",0,0
1370,890,"3 Female",0,0
1371,891,"3 Female",0,0
1372,892,"3 Female",0,0
1373,893,"3 Female",0,0
1374,894,"3 Female",0,0
1375,895,"3 Female",0,0
1376,896,"3 Female",0,0
1377,897,"3 Female",0,0
1378,898,"3 Female",0,0
1379,899,"3 Female",0,0
1380,900,"3 Female",0,0
1381,901,"3 Female",0,0
1382,902,"3 Female",0,0
1383,903,"3 Female",0,0
1384,904,"3 Female",0,0
1385,905,"3 Female",0,0
1386,906,"3 Female",0,0
1387,907,"3 Female",0,0
1388,908,"3 Female",0,0
1389,909,"3 Female",0,0
1390,910,"3 Female",0,0
1391,911,"3 Female",0,0
1392,912,"3 Female",0,0
1393,913,"3 Female",0,0
1394,914,"3 Female",0,0
1395,915,"3 Female",0,0
1396,916,"3 Female",0,0
1397,917,"3 Female",0,0
1398,918,"3 Female",0,0
1399,919,"3 Female",0,0
1400,920,"3 Female",0,0
1401,921,"3 Female",0,0
1402,922,"3 Female",0,0
1403,923,"3 Female",0,0
1404,924,"3 Female",0,0
1405,925,"3 Female",0,0
1406,926,"3 Female",0.155555555555556,0.155555555555556
1407,927,"3 Female",0,0
1408,928,"3 Female",0,0
1409,929,"3 Female",0,0
1410,930,"3 Female",0,0
1411,931,"3 Female",0,0
1412,932,"3 Female",0,0
1413,933,"3 Female",0,0
1414,934,"3 Female",0,0
1415,935,"3 Female",0,0
1416,936,"3 Female",0,0
1417,937,"3 Female",0,0
1418,938,"3 Female",0,0
1419,939,"3 Female",0,0
1420,940,"3 Female",0.0222222222222222,0.0222222222222222
1421,941,"3 Female",0,0
1422,942,"3 Female",0,0
1423,943,"3 Female",0.0444444444444444,0.0444444444444444
1424,944,"3 Female",0,0
1425,945,"3 Female",0,0
1426,946,"3 Female",0.0222222222222222,0.0222222222222222
1427,947,"3 Female",0.0666666666666667,0.0666666666666667
1428,948,"3 Female",0.0666666666666667,0.0666666666666667
1429,949,"3 Female",0,0
1430,950,"3 Female",0.0444444444444444,0.0444444444444444
1431,951,"3 Female",0,0
1432,952,"3 Female",0,0
1433,953,"3 Female",0,0
1434,954,"3 Female",0,0
1435,955,"3 Female",0,0
1436,956,"3 Female",0,0
1437,957,"3 Female",0,0
1438,958,"3 Female",0,0
1439,959,"3 Female",0,0
